.\.lovable\scratch\find_ignored_errs.go|31|swallowed error|// Find assignments like _ = err
.\.lovable\scratch\find_ignored_errs.go|38|swallowed error|fmt.Printf("%s:%d: Ignored error (_ = err)\n", pos.Filename, pos.Line)
.\.lovable\scratch\find_ignored_errs.go|64|panic|panic(err)
.\.lovable\scratch\find_monolithic.go|45|panic|panic(err)
.\.lovable\scratch\find_nested_ifs.go|84|panic|panic(err)
.\.lovable\scratch\find_single_chars.go|79|panic|panic(err)
.\gitmap\apperror\apperror.go|25|raw error return|func (e *AppError) Unwrap() error {
.\gitmap\apperror\apperror.go|30|raw error return|func Wrap(err error, op string, ctx map[string]any) *AppError {
.\gitmap\archive\archive.go|126|raw error return|func IdentifyArchive(ctx context.Context, path string) (FormatType, error) {
.\gitmap\archive\create.go|59|raw error return|func validateCreateFormat(path string) (Format, error) {
.\gitmap\archive\create.go|62|fmt.Errorf|return FormatUnknown, fmt.Errorf("%w: %q", ErrUnknownFormat, path)
.\gitmap\archive\create.go|65|fmt.Errorf|return FormatUnknown, fmt.Errorf("%s archives are read-only in this build (use zip or tar.*)", format)
.\gitmap\archive\create.go|71|raw error return|func prepareArchiveFiles(ctx context.Context, opts CreateOptions) ([]archives.FileInfo, error) {
.\gitmap\archive\create.go|74|fmt.Errorf|return nil, fmt.Errorf("gather sources: %w", err)
.\gitmap\archive\create.go|80|raw error return|func createOutputFile(path string) (*os.File, error) {
.\gitmap\archive\create.go|88|raw error return|func writeArchive(ctx context.Context, path string, format Format, mode CompressionMode, files []archives.FileInfo) error {
.\gitmap\archive\create.go|106|raw error return|func CreateArchive(ctx context.Context, opts CreateOptions) (CreateResult, error) {
.\gitmap\archive\create.go|127|raw error return|func mapSourceEntry(src string) (string, error) {
.\gitmap\archive\create.go|143|raw error return|func gatherFiles(ctx context.Context, sources []string) ([]archives.FileInfo, error) {
.\gitmap\archive\create.go|209|raw error return|func buildCompressedTarArchiver(format Format, mode CompressionMode) (archives.Archiver, error) {
.\gitmap\archive\create.go|227|raw error return|func buildArchiver(format Format, mode CompressionMode) (archives.Archiver, error) {
.\gitmap\archive\extract.go|36|raw error return|func CompactExtract(ctx context.Context, srcArchive, destBaseDir string) (ExtractResult, error) {
.\gitmap\archive\extract.go|53|raw error return|func prepareExtractDest(ctx context.Context, srcArchive, destBaseDir string) (Format, error) {
.\gitmap\archive\extract.go|56|fmt.Errorf|return format, fmt.Errorf("identify %q: %w", srcArchive, err)
.\gitmap\archive\extract.go|64|raw error return|func completeCompactExtract(ctx context.Context, srcArchive, destBaseDir, tempDir string, res ExtractResult) (ExtractResult, error) {
.\gitmap\archive\extract.go|67|fmt.Errorf|return res, fmt.Errorf("extract: %w", err)
.\gitmap\archive\extract.go|89|raw error return|func extractAllIntoDir(ctx context.Context, srcArchive, destDir string) (int, error) {
.\gitmap\archive\extract.go|98|fmt.Errorf|return 0, fmt.Errorf("identify: %w", err)
.\gitmap\archive\extract.go|104|fmt.Errorf|return 0, fmt.Errorf("format %s is not extractable", format.Extension())
.\gitmap\archive\extract.go|110|raw error return|func runArchiveExtraction(ctx context.Context, extractor archives.Extractor, stream io.Reader, destDir string) (int, error) {
.\gitmap\archive\extract.go|122|raw error return|func extractArchiveEntry(destDir string, entry archives.FileInfo, written *int) error {
.\gitmap\archive\extract.go|126|fmt.Errorf|return fmt.Errorf("rejecting entry with unsafe path: %q", entry.NameInArchive)
.\gitmap\archive\extract.go|142|raw error return|func writeArchiveFile(entry archives.FileInfo, destPath string, written *int) error {
.\gitmap\archive\extract.go|158|raw error return|func copyEntryToFile(src io.Reader, destPath string, written *int) error {
.\gitmap\archive\extract.go|199|raw error return|func promoteRealRoot(tempDir, finalDir string) (int, error) {
.\gitmap\archive\extract.go|216|raw error return|func findDeepestRoot(tempDir string) (string, int, error) {
.\gitmap\archive\extract.go|239|raw error return|func moveEntries(root, finalDir string, entries []fs.DirEntry) error {
.\gitmap\archive\extract.go|253|raw error return|func moveOrCopy(src, dst string) error {
.\gitmap\archive\extract.go|270|raw error return|func copyDir(src, dst string) error {
.\gitmap\archive\extract.go|279|raw error return|func copyDirEntry(src, dst, path string, d fs.DirEntry) error {
.\gitmap\archive\extract.go|298|raw error return|func copyFile(src, dst string, mode fs.FileMode) error {
.\gitmap\archive\extract.go|311|raw error return|func streamToFile(in io.Reader, dst string, mode fs.FileMode) error {
.\gitmap\archive\extract.go|318|swallowed error|_, err = io.Copy(out, in)
.\gitmap\archive\list.go|27|raw error return|func ListEntries(ctx context.Context, path string) ([]Entry, Format, error) {
.\gitmap\archive\list.go|36|fmt.Errorf|return nil, FormatFromPath(path), fmt.Errorf("archive identify: %w", err)
.\gitmap\archive\list.go|42|fmt.Errorf|return nil, mholtToFormat(format), fmt.Errorf("format %s is not extractable", format.Extension())
.\gitmap\archive\list.go|48|raw error return|func extractListEntries(ctx context.Context, extractor archives.Extractor, stream io.Reader, format archives.Format) ([]Entry, Format, error) {
.\gitmap\archive\source.go|78|bare bool return|func isGitURL(s string) bool {
.\gitmap\archive\source.go|94|raw error return|func ResolveSource(ctx context.Context, raw string) (ResolvedSource, error) {
.\gitmap\archive\source.go|102|fmt.Errorf|return ResolvedSource{Original: raw}, fmt.Errorf("local source %q: %w", raw, err)
.\gitmap\archive\source.go|128|raw error return|func resolveHTTP(ctx context.Context, raw string) (ResolvedSource, error) {
.\gitmap\archive\source.go|144|fmt.Errorf|return ResolvedSource{Original: raw}, fmt.Errorf("download %q: %w", raw, err)
.\gitmap\archive\source.go|153|raw error return|func downloadWithAria2c(ctx context.Context, rawURL, dir, name string) error {
.\gitmap\archive\source.go|179|raw error return|func downloadWithHTTP(ctx context.Context, rawURL, dst string) error {
.\gitmap\archive\source.go|191|fmt.Errorf|return fmt.Errorf("http %s", resp.Status)
.\gitmap\archive\source.go|198|swallowed error|_, err = io.Copy(out, resp.Body)
.\gitmap\archive\source.go|221|raw error return|func resolveGit(ctx context.Context, raw string) (ResolvedSource, error) {
.\gitmap\archive\source.go|233|fmt.Errorf|return ResolvedSource{Original: raw}, fmt.Errorf("git clone %q: %w", raw, err)
.\gitmap\archive\source.go|243|raw error return|func AutoDetectSingleArchive(dir string) (string, error) {
.\gitmap\archive\source.go|264|fmt.Errorf|return "", fmt.Errorf("no archive in %s", abs)
.\gitmap\archive\source.go|268|fmt.Errorf|return "", fmt.Errorf("found %d archives in %s", len(found), abs)
.\gitmap\cliexit\cliexit.go|103|raw error return|func Reportf(command, op, subject string, err error) {
.\gitmap\cliexit\cliexit.go|111|raw error return|func Fail(command, op, subject string, err error, code int) {
.\gitmap\cliexit\cliexit.go|129|raw error return|func writeReport(w io.Writer, command, op, subject string, err error) {
.\gitmap\cliexit\cliexit.go|145|raw error return|func formatLine(command, op, subject string, err error) string {
.\gitmap\cloneconcurrency\resolve.go|30|bare bool return|func Resolve(n int) (int, bool) {
.\gitmap\clonefrom\depthflag_format_test.go|94|bare bool return|func containsTok(args []string, tok string) bool {
.\gitmap\clonefrom\execute.go|93|bare bool return|func prepareAndClone(r Row, dest, absDest, cwd string) (string, bool) {
.\gitmap\clonefrom\execute.go|115|bare bool return|func runGitClone(r Row, dest, cwd string) (string, bool) {
.\gitmap\clonefrom\execute.go|124|raw error return|func execGitClone(r Row, dest, cwd string) ([]byte, error) {
.\gitmap\clonefrom\execute.go|131|raw error return|func handleGitCloneError(dest, outputStr string, err error) (string, bool) {
.\gitmap\clonefrom\execute.go|131|bare bool return|func handleGitCloneError(dest, outputStr string, err error) (string, bool) {
.\gitmap\clonefrom\execute.go|139|raw error return|func tryLfsAutoFix(dest, file, outputStr string, originalErr error) (string, bool) {
.\gitmap\clonefrom\execute.go|139|bare bool return|func tryLfsAutoFix(dest, file, outputStr string, originalErr error) (string, bool) {
.\gitmap\clonefrom\execute.go|149|raw error return|func applyLfsFix(dest, file, outputStr string, originalErr error) (string, bool) {
.\gitmap\clonefrom\execute.go|149|bare bool return|func applyLfsFix(dest, file, outputStr string, originalErr error) (string, bool) {
.\gitmap\clonefrom\execute.go|207|raw error return|func trimGitError(stderr string, err error) string {
.\gitmap\clonefrom\execute.go|216|raw error return|func extractLastStderrLine(stderr string, err error) string {
.\gitmap\clonefrom\execute_checkout.go|53|bare bool return|func runPostCloneCheckout(r Row, dest, cwd string) (string, bool) {
.\gitmap\clonefrom\execute_checkout.go|84|bare bool return|func runGitCheckout(branch, absDest string) (string, bool) {
.\gitmap\clonefrom\execute_checkout_test.go|205|raw error return|func runRawGit(t *testing.T, dir string, args ...string) error {
.\gitmap\clonefrom\execute_dest.go|38|bare bool return|func prepareDestParent(absDest string) (string, bool) {
.\gitmap\clonefrom\execute_dest.go|53|bare bool return|func shouldSkip(absDest string) bool {
.\gitmap\clonefrom\execute_lfs_fix.go|21|bare bool return|func detectLFSSmudgeError(output string) (string, bool) {
.\gitmap\clonefrom\execute_lfs_fix.go|39|raw error return|func executeLFSFix(dest string, file string) error {
.\gitmap\clonefrom\execute_lfs_fix.go|45|fmt.Errorf|return fmt.Errorf(constants.ErrCloneFromLFSRestore, err, string(out))
.\gitmap\clonefrom\execute_lfs_fix.go|53|fmt.Errorf|return fmt.Errorf(constants.ErrCloneFromLFSRmCached, err, string(out))
.\gitmap\clonefrom\execute_lfs_fix.go|64|fmt.Errorf|return fmt.Errorf(constants.ErrCloneFromLFSCommit, err, string(out))
.\gitmap\clonefrom\execute_lfs_fix.go|72|fmt.Errorf|return fmt.Errorf(constants.ErrCloneFromLFSPush, err, string(out))
.\gitmap\clonefrom\jsonschema.go|37|raw error return|func EmitSchema(kind string) ([]byte, error) {
.\gitmap\clonefrom\jsonschema.go|44|fmt.Errorf|return nil, fmt.Errorf(constants.MsgCloneFromEmitSchemaUnknown, kind)
.\gitmap\clonefrom\jsonschema.go|117|raw error return|func EmitReportSchema() ([]byte, error) {
.\gitmap\clonefrom\jsonschema.go|154|raw error return|func EmitInputSchema() ([]byte, error) {
.\gitmap\clonefrom\jsonschema.go|161|raw error return|func marshalSchema(schemaObj any) ([]byte, error) {
.\gitmap\clonefrom\parse.go|33|raw error return|func ParseFile(path string) (Plan, error) {
.\gitmap\clonefrom\parse.go|36|fmt.Errorf|return Plan{}, fmt.Errorf(constants.ErrCloneFromAbsPath, path, err)
.\gitmap\clonefrom\parse.go|40|fmt.Errorf|return Plan{}, fmt.Errorf(constants.ErrCloneFromOpen, abs, err)
.\gitmap\clonefrom\parse.go|69|raw error return|func parseByFormat(r io.Reader, format string) ([]Row, error) {
.\gitmap\clonefrom\parse.go|81|raw error return|func parseJSON(r io.Reader) ([]Row, error) {
.\gitmap\clonefrom\parse.go|85|fmt.Errorf|return nil, fmt.Errorf(constants.ErrCloneFromJSONDecode, err)
.\gitmap\clonefrom\parse.go|91|fmt.Errorf|return nil, fmt.Errorf(constants.ErrCloneFromJSONRow, i+1, err)
.\gitmap\clonefrom\parse.go|101|raw error return|func jsonRow(obj map[string]any) (Row, error) {
.\gitmap\clonefrom\parsecsv.go|22|raw error return|func parseCSV(r io.Reader) ([]Row, error) {
.\gitmap\clonefrom\parsecsv.go|27|fmt.Errorf|return nil, fmt.Errorf(constants.ErrCloneFromCSVHeader, err)
.\gitmap\clonefrom\parsecsv.go|31|fmt.Errorf|return nil, fmt.Errorf(constants.ErrCloneFromCSVNoURL)
.\gitmap\clonefrom\parsecsv.go|42|raw error return|func readCSVRows(cr *csv.Reader, idx csvIndex) ([]Row, error) {
.\gitmap\clonefrom\parsecsv.go|52|fmt.Errorf|return nil, fmt.Errorf(constants.ErrCloneFromCSVRow, rowNum, err)
.\gitmap\clonefrom\parsecsv.go|67|raw error return|func wrapCSVRowErr(rowNum int, col string, err error) error {
.\gitmap\clonefrom\parsecsv.go|69|fmt.Errorf|return fmt.Errorf(constants.ErrCloneFromCSVRow, rowNum, err)
.\gitmap\clonefrom\parsecsv.go|72|fmt.Errorf|return fmt.Errorf(constants.ErrCloneFromCSVRowCol, rowNum, col, err)
.\gitmap\clonefrom\parsecsv.go|109|raw error return|func csvRow(rec []string, idx csvIndex) (Row, string, error) {
.\gitmap\clonefrom\parsecsv.go|129|raw error return|func applyDepth(row Row, depthStr string) (Row, string, error) {
.\gitmap\clonefrom\parsecsv.go|135|fmt.Errorf|return row, constants.CSVColumnDepth, fmt.Errorf(constants.ErrCloneFromBadDepth, depthStr)
.\gitmap\clonefrom\prompt.go|11|bare bool return|func confirmYesNo(prompt string) bool {
.\gitmap\clonefrom\render.go|38|raw error return|func Render(w io.Writer, p Plan) error {
.\gitmap\clonefrom\render.go|59|raw error return|func RenderTerminal(w io.Writer, p Plan) error {
.\gitmap\clonefrom\summary.go|33|raw error return|func RenderSummary(w io.Writer, results []Result, reportPath string) error {
.\gitmap\clonefrom\summary.go|55|raw error return|func writeReportPath(w io.Writer, reportPath string) error {
.\gitmap\clonefrom\summary.go|105|raw error return|func WriteReport(results []Result) (string, error) {
.\gitmap\clonefrom\summary.go|108|fmt.Errorf|return "", fmt.Errorf(constants.ErrCloneFromReportMkdir, dir, err)
.\gitmap\clonefrom\summary.go|114|fmt.Errorf|return "", fmt.Errorf(constants.ErrCloneFromReportCreate, full, err)
.\gitmap\clonefrom\summary.go|127|raw error return|func writeReportRows(w io.Writer, results []Result) error {
.\gitmap\clonefrom\summary_json.go|73|raw error return|func writeReportRowsJSON(w io.Writer, results []Result) error {
.\gitmap\clonefrom\summary_scheme.go|67|bare bool return|func matchKnownScheme(url string) (string, bool) {
.\gitmap\clonefrom\summary_terminal.go|39|raw error return|func WriteReportJSON(results []Result) (string, error) {
.\gitmap\clonefrom\summary_terminal.go|42|fmt.Errorf|return "", fmt.Errorf(constants.ErrCloneFromReportMkdir, dir, err)
.\gitmap\clonefrom\summary_terminal.go|48|fmt.Errorf|return "", fmt.Errorf(constants.ErrCloneFromReportCreate, full, err)
.\gitmap\clonefrom\summary_terminal.go|83|raw error return|func writeTermSummaryHead(w io.Writer, results []Result) error {
.\gitmap\clonefrom\summary_terminal.go|97|raw error return|func writeTermSummarySchemes(w io.Writer, results []Result) error {
.\gitmap\clonefrom\summary_terminal.go|122|raw error return|func writeTermSummaryStatus(w io.Writer, results []Result) error {
.\gitmap\clonefrom\summary_terminal.go|138|raw error return|func writeTermSummaryReports(w io.Writer, csvPath, jsonPath string) error {
.\gitmap\clonefrom\summary_terminal.go|153|raw error return|func writeTermReportPath(w io.Writer, label, path string) error {
.\gitmap\clonefrom\summary_transport.go|39|raw error return|func writeTransportLine(w io.Writer, results []Result) error {
.\gitmap\clonefrom\testhelpers_test.go|13|raw error return|func writeFile(path, body string) error {
.\gitmap\clonefrom\validate.go|28|raw error return|func validateRow(r Row) error {
.\gitmap\clonefrom\validate.go|37|raw error return|func validateRowWithColumn(r Row) (string, error) {
.\gitmap\clonefrom\validate.go|39|fmt.Errorf|return constants.CSVColumnURL, fmt.Errorf(constants.ErrCloneFromEmptyURL)
.\gitmap\clonefrom\validate.go|42|fmt.Errorf|return constants.CSVColumnURL, fmt.Errorf(constants.ErrCloneFromBadURL, r.URL)
.\gitmap\clonefrom\validate.go|45|fmt.Errorf|return constants.CSVColumnDepth, fmt.Errorf(constants.ErrCloneFromNegDepth, r.Depth)
.\gitmap\clonefrom\validate.go|48|fmt.Errorf|return constants.CSVColumnBranch, fmt.Errorf(constants.ErrCloneFromBadBranch, r.Branch)
.\gitmap\clonefrom\validate.go|51|fmt.Errorf|return constants.CSVColumnCheckout, fmt.Errorf(constants.ErrCloneFromBadCheckout, r.Checkout)
.\gitmap\clonefrom\validate.go|64|bare bool return|func isValidBranchName(s string) bool {
.\gitmap\clonefrom\validate.go|80|bare bool return|func isValidCheckout(v string) bool {
.\gitmap\clonefrom\validate.go|104|bare bool return|func looksLikeGitURL(s string) bool {
.\gitmap\clonefrom\validate.go|115|bare bool return|func hasGitScheme(s string) bool {
.\gitmap\clonefrom\validate.go|132|bare bool return|func looksLikeSCP(s string) bool {
.\gitmap\clonenext\batch.go|60|raw error return|func LoadBatchFromCSV(path string) ([]string, error) {
.\gitmap\clonenext\batch.go|113|raw error return|func readAllCSVRows(r io.Reader) ([][]string, error) {
.\gitmap\clonenext\batch.go|164|bare bool return|func looksLikeHeader(row []string) bool {
.\gitmap\clonenext\batch.go|187|raw error return|func WalkBatchFromDir(root string) ([]string, error) {
.\gitmap\clonenext\github.go|16|raw error return|func RepoExists(owner, repo string) (bool, error) {
.\gitmap\clonenext\github.go|16|bare bool return|func RepoExists(owner, repo string) (bool, error) {
.\gitmap\clonenext\github.go|21|fmt.Errorf|return false, fmt.Errorf("create request: %w", err)
.\gitmap\clonenext\github.go|32|fmt.Errorf|return false, fmt.Errorf("check repo existence: %w", err)
.\gitmap\clonenext\github.go|43|fmt.Errorf|return false, fmt.Errorf("GitHub API returned %d checking %s/%s", resp.StatusCode, owner, repo)
.\gitmap\clonenext\github.go|49|raw error return|func CreateRepo(owner, repoName string, private bool) error {
.\gitmap\clonenext\github.go|49|bare bool return|func CreateRepo(owner, repoName string, private bool) error {
.\gitmap\clonenext\github.go|52|fmt.Errorf|return fmt.Errorf("no GitHub token available — set GITHUB_TOKEN or run `gh auth login`")
.\gitmap\clonenext\github.go|66|raw error return|func createOrgRepo(org, repoName string, private bool, token string) error {
.\gitmap\clonenext\github.go|66|bare bool return|func createOrgRepo(org, repoName string, private bool, token string) error {
.\gitmap\clonenext\github.go|73|raw error return|func createUserRepo(repoName string, private bool, token string) error {
.\gitmap\clonenext\github.go|73|bare bool return|func createUserRepo(repoName string, private bool, token string) error {
.\gitmap\clonenext\github.go|80|raw error return|func postCreateRepo(apiURL, repoName string, private bool, token string) error {
.\gitmap\clonenext\github.go|80|bare bool return|func postCreateRepo(apiURL, repoName string, private bool, token string) error {
.\gitmap\clonenext\github.go|88|fmt.Errorf|return fmt.Errorf("marshal repo payload: %w", err)
.\gitmap\clonenext\github.go|93|fmt.Errorf|return fmt.Errorf("create request: %w", err)
.\gitmap\clonenext\github.go|102|fmt.Errorf|return fmt.Errorf("create repo: %w", err)
.\gitmap\clonenext\github.go|112|fmt.Errorf|return fmt.Errorf("GitHub API error %d: %s", resp.StatusCode, string(body))
.\gitmap\clonenext\github.go|117|raw error return|func ParseOwnerRepo(remoteURL string) (string, string, error) {
.\gitmap\clonenext\github.go|127|fmt.Errorf|return "", "", fmt.Errorf("unrecognized remote URL format: %s", remoteURL)
.\gitmap\clonenext\github.go|132|fmt.Errorf|return "", "", fmt.Errorf("invalid SSH remote URL: %s", remoteURL)
.\gitmap\clonenext\github.go|138|fmt.Errorf|return "", "", fmt.Errorf("invalid SSH remote path: %s", remoteURL)
.\gitmap\clonenext\github.go|144|raw error return|func parseHttpsOwnerRepo(url, remoteURL string) (string, string, error) {
.\gitmap\clonenext\github.go|147|fmt.Errorf|return "", "", fmt.Errorf("invalid HTTPS remote URL: %s", remoteURL)
.\gitmap\clonenext\localstate.go|34|raw error return|func ReadLocalRepoState(repoPath string) (LocalRepoState, error) {
.\gitmap\clonenext\localstate.go|50|raw error return|func resolveGitDir(repoPath string) (string, error) {
.\gitmap\clonenext\localstate.go|54|fmt.Errorf|return "", fmt.Errorf("%w: %s", ErrNotAGitRepo, repoPath)
.\gitmap\clonenext\localstate.go|65|raw error return|func resolveWorktreeGitDir(dotGitFile string) (string, error) {
.\gitmap\clonenext\localstate.go|68|fmt.Errorf|return "", fmt.Errorf(constants.ErrCloneNextReadWorktree, dotGitFile, err)
.\gitmap\clonenext\localstate.go|75|fmt.Errorf|return "", fmt.Errorf(constants.ErrCloneNextMalformedGitDir, dotGitFile)
.\gitmap\clonenext\remoteupdate.go|44|raw error return|func CheckRemoteForUpdate(owner string, parsed ParsedRepo, ceiling int) (RemoteUpdateCheck, error) {
.\gitmap\clonenext\remoteupdate.go|50|raw error return|func checkRemoteForUpdateWith(owner string, parsed ParsedRepo, ceiling int, probe repoExistsFn) (RemoteUpdateCheck, error) {
.\gitmap\clonenext\remoteupdate.go|79|raw error return|func probeHighestSibling(owner string, parsed ParsedRepo, ceiling int, probe repoExistsFn) (int, error) {
.\gitmap\clonenext\remoteupdate.go|84|fmt.Errorf|return highest, fmt.Errorf("probe %s/%s-v%d: %w", owner, parsed.BaseName, m, err)
.\gitmap\clonenext\repodetect.go|18|bare bool return|func IsGitRepo(path string) bool {
.\gitmap\clonenext\repodetect.go|26|bare bool return|func isGitRepo(path string) bool {
.\gitmap\clonenext\repodetect.go|37|bare bool return|func HasGitSubdir(root string) bool {
.\gitmap\clonenext\version.go|37|raw error return|func ResolveTarget(parsed ParsedRepo, arg string) (int, error) {
.\gitmap\clonenext\version.go|45|fmt.Errorf|return 0, fmt.Errorf("invalid version argument: %s (expected v++, v+1, or vN)", arg)
.\gitmap\clonenext\version.go|51|fmt.Errorf|return 0, fmt.Errorf("invalid version argument: %s (expected v++, v+1, or vN)", arg)
.\gitmap\clonenext\version.go|54|fmt.Errorf|return 0, fmt.Errorf("invalid version argument: %s (version must be a positive integer)", arg)
.\gitmap\clonenext\version_test.go|48|swallowed error|_, err = ResolveTarget(p, "xyz")
.\gitmap\clonenext\version_test.go|54|swallowed error|_, err = ResolveTarget(p, "v0")
.\gitmap\clonenext\version_test.go|60|swallowed error|_, err = ResolveTarget(p, "v-3")
.\gitmap\clonenext\version_test.go|66|swallowed error|_, err = ResolveTarget(p, "vabc")
.\gitmap\clonenow\execute.go|128|bare bool return|func runGitClone(r Row, url, dest, cwd string) (string, bool) {
.\gitmap\clonenow\execute.go|169|raw error return|func trimGitError(stderr string, err error) string {
.\gitmap\clonenow\execute_idempotent.go|83|bare bool return|func isGitWorkTree(absDest string) bool {
.\gitmap\clonenow\execute_idempotent.go|155|bare bool return|func repoMatches(r Row, url string, state existingRepoState) bool {
.\gitmap\clonenow\execute_idempotent.go|172|bare bool return|func urlsMatch(a, b string) bool {
.\gitmap\clonenow\execute_idempotent.go|285|bare bool return|func runGitFetch(absDest string) (string, bool) {
.\gitmap\clonenow\execute_idempotent.go|300|bare bool return|func runGitCheckout(absDest, branch string) (string, bool) {
.\gitmap\clonenow\execute_interactive.go|11|bare bool return|func runInteractiveGitClone(cmd *exec.Cmd) (string, bool) {
.\gitmap\clonenow\execute_interactive.go|22|bare bool return|func isSSHCloneURL(url string) bool {
.\gitmap\clonenow\execute_test.go|124|bare bool return|func bytesContains(haystack, needle string) bool {
.\gitmap\clonenow\parse.go|37|raw error return|func ParseFile(path, format, mode, onExists string) (Plan, error) {
.\gitmap\clonenow\parse.go|40|fmt.Errorf|return Plan{}, fmt.Errorf(constants.ErrCloneNowAbsPath, path, err)
.\gitmap\clonenow\parse.go|56|fmt.Errorf|return Plan{}, fmt.Errorf(constants.ErrCloneNowEmpty, abs)
.\gitmap\clonenow\parse.go|72|raw error return|func detectFormat(path string) (string, error) {
.\gitmap\clonenow\parse.go|83|fmt.Errorf|return "", fmt.Errorf(constants.ErrCloneNowUnsupportedExt, ext, path)
.\gitmap\clonenow\parse.go|89|raw error return|func parseByFormat(path, format string) ([]Row, error) {
.\gitmap\clonenow\parse.go|92|fmt.Errorf|return nil, fmt.Errorf(constants.ErrCloneNowOpen, path, err)
.\gitmap\clonenow\parse.go|110|raw error return|func parseJSONWithSchema(f io.Reader) ([]Row, error) {
.\gitmap\clonenow\parse.go|113|fmt.Errorf|return nil, fmt.Errorf(constants.ErrCloneNowJSONDecode, err)
.\gitmap\clonenow\parse.go|120|fmt.Errorf|return nil, fmt.Errorf(constants.ErrCloneNowJSONDecode, err)
.\gitmap\clonenow\parse.go|130|raw error return|func parseCSVWithSchema(f io.Reader) ([]Row, error) {
.\gitmap\clonenow\parse.go|133|fmt.Errorf|return nil, fmt.Errorf(constants.ErrCloneNowCSVRead, err)
.\gitmap\clonenow\parse.go|140|fmt.Errorf|return nil, fmt.Errorf(constants.ErrCloneNowCSVRead, err)
.\gitmap\clonenow\parse.go|148|fmt.Errorf|return nil, fmt.Errorf(constants.ErrCloneNowCSVRead, err)
.\gitmap\clonenow\parse.go|160|raw error return|func parseCSVByHeaderName(r io.Reader) ([]model.ScanRecord, error) {
.\gitmap\clonenow\parse.go|199|bare bool return|func headerHasURL(idx map[string]int) bool {
.\gitmap\clonenow\parsetext.go|22|raw error return|func parseTextRows(r io.Reader) ([]Row, error) {
.\gitmap\clonenow\parsetext.go|41|fmt.Errorf|return nil, fmt.Errorf(constants.ErrCloneNowTextRead, err)
.\gitmap\clonenow\parsetext.go|53|bare bool return|func textRowFromLine(line string) (Row, bool) {
.\gitmap\clonenow\parsetext.go|80|bare bool return|func extractCloneArgs(fields []string) (string, string, bool) {
.\gitmap\clonenow\parsetext.go|117|bare bool return|func isSSHURL(url string) bool {
.\gitmap\clonenow\parse_schema.go|60|raw error return|func validateCSVSchema(r io.Reader) error {
.\gitmap\clonenow\parse_schema.go|66|fmt.Errorf|return fmt.Errorf(constants.ErrCloneNowEmptyCSV)
.\gitmap\clonenow\parse_schema.go|69|fmt.Errorf|return fmt.Errorf(constants.ErrCloneNowCSVRead, err)
.\gitmap\clonenow\parse_schema.go|84|raw error return|func validateCSVBody(cr *csv.Reader, header []string) error {
.\gitmap\clonenow\parse_schema.go|93|fmt.Errorf|return fmt.Errorf(constants.ErrCloneNowCSVRowRead, dataRow, err)
.\gitmap\clonenow\parse_schema.go|96|fmt.Errorf|return fmt.Errorf(constants.ErrCloneNowCSVRowMissingURL, dataRow)
.\gitmap\clonenow\parse_schema.go|118|bare bool return|func rowHasURL(rec []string, urlIdxs []int) bool {
.\gitmap\clonenow\parse_schema.go|137|raw error return|func validateCSVHeader(header []string) error {
.\gitmap\clonenow\parse_schema.go|146|fmt.Errorf|return fmt.Errorf(constants.ErrCloneNowUnknownCSVField, name, knownFieldList())
.\gitmap\clonenow\parse_schema.go|153|fmt.Errorf|return fmt.Errorf(constants.ErrCloneNowCSVMissingURLCol)
.\gitmap\clonenow\parse_schema_json.go|23|raw error return|func validateJSONSchema(data []byte) error {
.\gitmap\clonenow\parse_schema_json.go|26|fmt.Errorf|return fmt.Errorf(constants.ErrCloneNowJSONShape, err)
.\gitmap\clonenow\parse_schema_json.go|41|raw error return|func validateJSONElement(i int, raw json.RawMessage) error {
.\gitmap\clonenow\parse_schema_json.go|44|fmt.Errorf|return fmt.Errorf(constants.ErrCloneNowJSONRowNotObject,
.\gitmap\clonenow\parse_schema_json.go|55|raw error return|func validateJSONRow(i int, obj map[string]json.RawMessage) error {
.\gitmap\clonenow\parse_schema_json.go|58|fmt.Errorf|return fmt.Errorf(constants.ErrCloneNowUnknownJSONField,
.\gitmap\clonenow\parse_schema_json.go|63|fmt.Errorf|return fmt.Errorf(constants.ErrCloneNowMissingURL, i+1)
.\gitmap\clonenow\parse_schema_json.go|100|bare bool return|func hasJSONURL(obj map[string]json.RawMessage) bool {
.\gitmap\clonenow\parse_schema_json.go|107|bare bool return|func jsonStringNonEmpty(raw json.RawMessage) bool {
.\gitmap\clonenow\render.go|23|raw error return|func Render(w io.Writer, plan Plan) error {
.\gitmap\clonenow\render.go|40|raw error return|func renderRow(w io.Writer, idx, total int, r Row, mode string) error {
.\gitmap\clonenow\render.go|60|raw error return|func RenderSummary(w io.Writer, results []Result) error {
.\gitmap\clonepick\parse.go|24|raw error return|func ParseArgs(rawURL, rawPaths string, flags Flags) (Plan, error) {
.\gitmap\clonepick\parse.go|112|raw error return|func validateMode(mode string) error {
.\gitmap\clonepick\parse.go|114|fmt.Errorf|return fmt.Errorf(constants.ErrClonePickBadMode, mode)
.\gitmap\clonepick\parse.go|122|raw error return|func validateDepth(depth int) error {
.\gitmap\clonepick\parse.go|124|fmt.Errorf|return fmt.Errorf(constants.ErrClonePickBadDepth, depth)
.\gitmap\clonepick\parse.go|133|raw error return|func resolveURL(raw, mode string) (string, error) {
.\gitmap\clonepick\parse.go|136|fmt.Errorf|return "", fmt.Errorf("%s", constants.MsgClonePickMissingURL)
.\gitmap\clonepick\parse.go|170|raw error return|func normalisePaths(raw string, askMode bool) ([]string, error) {
.\gitmap\clonepick\parse.go|170|bare bool return|func normalisePaths(raw string, askMode bool) ([]string, error) {
.\gitmap\clonepick\parse.go|175|fmt.Errorf|return nil, fmt.Errorf("%s", constants.MsgClonePickMissingPaths)
.\gitmap\clonepick\parse.go|198|raw error return|func cleanPath(raw string) (string, error) {
.\gitmap\clonepick\parse.go|201|fmt.Errorf|return "", fmt.Errorf("%s", constants.MsgClonePickPathEmpty)
.\gitmap\clonepick\parse.go|204|fmt.Errorf|return "", fmt.Errorf(constants.MsgClonePickPathAbsolute, p)
.\gitmap\clonepick\parse.go|209|fmt.Errorf|return "", fmt.Errorf(constants.MsgClonePickPathTraversal, p)
.\gitmap\clonepick\parse.go|212|fmt.Errorf|return "", fmt.Errorf(constants.MsgClonePickPathTooLong, p)
.\gitmap\clonepick\parse.go|221|bare bool return|func hasNonConeShape(paths []string) bool {
.\gitmap\clonepick\persist.go|21|raw error return|func SaveSelection(p Persister, plan Plan) (int64, error) {
.\gitmap\clonepick\persist.go|32|fmt.Errorf|return 0, fmt.Errorf("clone-pick: save selection: %w", err)
.\gitmap\clonepick\picker_run.go|17|raw error return|func RunPicker(plan Plan) ([]string, error) {
.\gitmap\clonepick\picker_run.go|31|raw error return|func RunPickerKeep(plan Plan) ([]string, string, error) {
.\gitmap\clonepick\picker_run.go|42|fmt.Errorf|return nil, "", fmt.Errorf("clone-pick: picker run: %w", runErr)
.\gitmap\clonepick\picker_tree.go|30|raw error return|func ListRepoPathsKeep(plan Plan) ([]string, string, error) {
.\gitmap\clonepick\picker_tree.go|33|fmt.Errorf|return nil, "", fmt.Errorf(constants.ErrClonePickPickerLaunch, err)
.\gitmap\clonepick\picker_tree.go|53|raw error return|func metaCloneForListing(plan Plan, dest string) error {
.\gitmap\clonepick\picker_tree.go|65|fmt.Errorf|return fmt.Errorf(constants.ErrClonePickGitClone, err)
.\gitmap\clonepick\picker_tree.go|75|raw error return|func runLsTree(dest string) ([]string, error) {
.\gitmap\clonepick\picker_tree.go|82|fmt.Errorf|return nil, fmt.Errorf(constants.ErrClonePickGitLsTree, err)
.\gitmap\clonepick\picker_tree.go|108|bare bool return|func IsAutoExcluded(path string) bool {
.\gitmap\clonepick\picker_view.go|63|bare bool return|func formatRow(isCursor, isPicked, isGreyed bool, path string) string {
.\gitmap\clonepick\picker_view.go|80|bare bool return|func pickMark(isPicked, isGreyed bool) string {
.\gitmap\clonepick\promote.go|32|raw error return|func promotePreClonedSrc(src, dest string) error {
.\gitmap\clonepick\promote.go|41|raw error return|func tryRenameWithFallback(src, dest string) error {
.\gitmap\clonepick\promote.go|56|raw error return|func copyTreeThenRemove(src, dest string) error {
.\gitmap\clonepick\promote.go|78|raw error return|func copyOneEntry(src, dest string, entry fs.DirEntry) error {
.\gitmap\clonepick\promote.go|92|raw error return|func copySymlinkEntry(src, dest string) error {
.\gitmap\clonepick\promote.go|103|raw error return|func copyRegularFile(src, dest string) error {
.\gitmap\clonepick\promote.go|132|swallowed error|var _ = errPromoteUnsupported
.\gitmap\clonepick\render.go|18|raw error return|func Render(w io.Writer, plan Plan) error {
.\gitmap\clonepick\render.go|47|raw error return|func renderCommands(w io.Writer, plan Plan) error {
.\gitmap\clonepick\replay.go|36|raw error return|func LoadFromDB(loader Loader, ref string) (Plan, int64, error) {
.\gitmap\clonepick\replay.go|38|fmt.Errorf|return Plan{}, 0, fmt.Errorf("clone-pick: --replay requires database access")
.\gitmap\clonepick\replay.go|42|fmt.Errorf|return Plan{}, 0, fmt.Errorf(constants.MsgClonePickReplayNotFound, ref)
.\gitmap\clonepick\replay.go|50|fmt.Errorf|return Plan{}, 0, fmt.Errorf(constants.MsgClonePickReplayNotFound, ref)
.\gitmap\clonepick\replay.go|56|raw error return|func loadByIDOrError(loader Loader, id int64, ref string) (Plan, int64, error) {
.\gitmap\clonepick\replay.go|59|fmt.Errorf|return Plan{}, 0, fmt.Errorf(constants.MsgClonePickReplayNotFound, ref)
.\gitmap\clonepick\replay.go|67|raw error return|func TouchAfterReplay(loader Loader, id int64, dryRun bool) error {
.\gitmap\clonepick\replay.go|67|bare bool return|func TouchAfterReplay(loader Loader, id int64, dryRun bool) error {
.\gitmap\clonepick\replay_test.go|27|raw error return|func (f *fakeLoader) LoadClonePickByID(id int64) (Plan, int64, error) {
.\gitmap\clonepick\replay_test.go|33|raw error return|func (f *fakeLoader) LoadClonePickByName(name string) (Plan, int64, error) {
.\gitmap\clonepick\replay_test.go|39|raw error return|func (f *fakeLoader) TouchClonePickCreatedAt(id int64) error {
.\gitmap\clonepick\sparse.go|31|raw error return|func runSparseCheckout(plan Plan, progress io.Writer) (string, error) {
.\gitmap\clonepick\sparse.go|40|fmt.Errorf|return dest, fmt.Errorf(constants.ErrClonePickGitSparseInit, err)
.\gitmap\clonepick\sparse.go|43|fmt.Errorf|return dest, fmt.Errorf(constants.ErrClonePickGitSparseSet, err)
.\gitmap\clonepick\sparse.go|46|fmt.Errorf|return dest, fmt.Errorf(constants.ErrClonePickGitCheckout, err)
.\gitmap\clonepick\sparse.go|58|raw error return|func acquireRepoTree(plan Plan, dest string, progress io.Writer) error {
.\gitmap\clonepick\sparse.go|63|fmt.Errorf|return fmt.Errorf(constants.ErrClonePickGitClone, err)
.\gitmap\clonepick\sparse.go|69|raw error return|func removeDotGitIfRequested(keepGit bool, dest string) error {
.\gitmap\clonepick\sparse.go|69|bare bool return|func removeDotGitIfRequested(keepGit bool, dest string) error {
.\gitmap\clonepick\sparse.go|74|fmt.Errorf|return fmt.Errorf(constants.ErrClonePickFsRemoveDotGit, err)
.\gitmap\clonepick\sparse.go|79|raw error return|func promotePreClonedOrError(src, dest string) error {
.\gitmap\clonepick\sparse.go|81|fmt.Errorf|return fmt.Errorf(constants.ErrClonePickPromoteSrc, err)
.\gitmap\clonepick\sparse.go|90|raw error return|func prepareDest(plan Plan) (string, error) {
.\gitmap\clonepick\sparse.go|93|fmt.Errorf|return "", fmt.Errorf(constants.ErrClonePickFsCreateDest, err)
.\gitmap\clonepick\sparse.go|96|fmt.Errorf|return abs, fmt.Errorf(constants.ErrClonePickFsCreateDest, err)
.\gitmap\clonepick\sparse.go|111|raw error return|func assertDestEmpty(abs string) error {
.\gitmap\clonepick\sparse.go|114|fmt.Errorf|return fmt.Errorf(constants.ErrClonePickFsCreateDest, err)
.\gitmap\clonepick\sparse.go|117|fmt.Errorf|return fmt.Errorf("%s", constants.MsgClonePickDestDirty)
.\gitmap\clonepick\sparse.go|129|raw error return|func gitClonePartial(plan Plan, dest string, progress io.Writer) error {
.\gitmap\clonepick\sparse.go|145|raw error return|func gitSparseInit(plan Plan, dest string, progress io.Writer) error {
.\gitmap\clonepick\sparse.go|159|raw error return|func gitSparseSet(plan Plan, dest string, progress io.Writer) error {
.\gitmap\clonepick\sparse.go|169|raw error return|func gitCheckout(dest string, progress io.Writer) error {
.\gitmap\clonepick\sparse.go|175|raw error return|func runGit(progress io.Writer, workdir string, args ...string) error {
.\gitmap\cloner\audit.go|62|raw error return|func PlanCloneAudit(sourcePath, targetDir string) (*CloneAuditReport, error) {
.\gitmap\cloner\audit.go|153|raw error return|func (r *CloneAuditReport) Print(w io.Writer) error {
.\gitmap\cloner\audit.go|167|raw error return|func printEntry(w io.Writer, e AuditEntry) error {
.\gitmap\cloner\audit.go|176|swallowed error|_, err = fmt.Fprintf(w, constants.MsgCloneAuditCmd, e.Command)
.\gitmap\cloner\audit.go|182|raw error return|func printSummary(w io.Writer, counts map[AuditActionType]int) error {
.\gitmap\cloner\audit_path.go|10|bare bool return|func pathExists(path string) bool {
.\gitmap\cloner\batchprogress.go|39|bare bool return|func NewBatchProgress(total int, operation string, quiet bool) *BatchProgress {
.\gitmap\cloner\batchprogress.go|58|bare bool return|func (p *BatchProgress) SetStopOnFail(v bool) {
.\gitmap\cloner\batchprogress.go|65|bare bool return|func (p *BatchProgress) Stopped() bool {
.\gitmap\cloner\batchprogress.go|214|bare bool return|func (p *BatchProgress) HasFailures() bool {
.\gitmap\cloner\cache.go|91|raw error return|func (c *CloneCache) Save() error {
.\gitmap\cloner\cache.go|116|bare bool return|func (c *CloneCache) IsUpToDate(rec model.ScanRecord, dest string) bool {
.\gitmap\cloner\cache.go|188|raw error return|func readLocalHead(dest string) (string, error) {
.\gitmap\cloner\cache.go|203|raw error return|func readRemoteHead(dest, branch string) (string, error) {
.\gitmap\cloner\cloner.go|46|raw error return|func CloneFromFile(sourcePath, targetDir string, safePull bool) (model.CloneSummary, error) {
.\gitmap\cloner\cloner.go|46|bare bool return|func CloneFromFile(sourcePath, targetDir string, safePull bool) (model.CloneSummary, error) {
.\gitmap\cloner\cloner.go|51|raw error return|func CloneFromFileQuiet(sourcePath, targetDir string, safePull bool) (model.CloneSummary, error) {
.\gitmap\cloner\cloner.go|51|bare bool return|func CloneFromFileQuiet(sourcePath, targetDir string, safePull bool) (model.CloneSummary, error) {
.\gitmap\cloner\cloner.go|57|raw error return|func CloneFromFileWithOptions(sourcePath, targetDir string, opts CloneOptions) (model.CloneSummary, error) {
.\gitmap\cloner\cloner.go|72|raw error return|func loadRecords(path string) ([]model.ScanRecord, error) {
.\gitmap\cloner\cloner.go|76|fmt.Errorf|return nil, fmt.Errorf("open clone source %q: %w", path, err)
.\gitmap\cloner\cloner.go|82|fmt.Errorf|return nil, fmt.Errorf("parse clone source %q: %w", path, err)
.\gitmap\cloner\cloner.go|89|raw error return|func parseByExtension(ext string, r io.Reader) ([]model.ScanRecord, error) {
.\gitmap\cloner\cloner.go|103|raw error return|func parseTextFile(r io.Reader) ([]model.ScanRecord, error) {
.\gitmap\cloner\cloner.go|115|fmt.Errorf|return nil, fmt.Errorf("read line %d: %w", lineNum+1, err)
.\gitmap\cloner\cloner.go|141|bare bool return|func hasExistingRepos(records []model.ScanRecord, targetDir string) bool {
.\gitmap\cloner\concurrent.go|100|bare bool return|func collectOutcomes(records []model.ScanRecord, targetDir string, safePull bool,
.\gitmap\cloner\interactive_clone.go|27|bare bool return|func isSSHCloneURL(url string) bool {
.\gitmap\cloner\lfs_retry.go|36|bare bool return|func isLFSSmudgeFailure(out string) bool {
.\gitmap\cloner\lfs_retry.go|47|raw error return|func retryCloneSkipSmudge(bin string, args []string, dest string) ([]byte, error) {
.\gitmap\cloner\progress.go|26|bare bool return|func NewProgress(total int, quiet bool) *Progress {
.\gitmap\cloner\pulldiag.go|14|bare bool return|func clearReadOnlyAttrs(repoDir, output string) bool {
.\gitmap\cloner\pulldiag.go|35|bare bool return|func clearReadOnly(path string) bool {
.\gitmap\cloner\pulldiag.go|68|bare bool return|func hasUnlinkFailure(output string) bool {
.\gitmap\cloner\pulldiag.go|74|bare bool return|func hasPathLengthRisk(repoDir, output string) bool {
.\gitmap\cloner\safe_pull.go|56|bare bool return|func isGitRepo(path string) bool {
.\gitmap\cloner\safe_pull.go|61|bare bool return|func IsGitRepo(path string) bool {
.\gitmap\cloner\safe_pull.go|68|bare bool return|func IsMissingRepo(path string) bool {
.\gitmap\cloner\safe_pull.go|138|raw error return|func runGitPull(repoDir string) (string, error) {
.\gitmap\cloner\safe_pull.go|150|raw error return|func cleanDirIfRequested(dirExists, clean bool, dest string) error {
.\gitmap\cloner\safe_pull.go|150|bare bool return|func cleanDirIfRequested(dirExists, clean bool, dest string) error {
.\gitmap\cloner\safe_push.go|74|raw error return|func runGitPush(repoDir string) (string, error) {
.\gitmap\cloner\safe_push.go|85|raw error return|func runGitPullRebase(repoDir string) (string, error) {
.\gitmap\cloner\safe_push.go|96|bare bool return|func isNonFastForwardRejection(stderr string) bool {
.\gitmap\cluster\agent.go|12|raw error return|func (a *Agent) ExecPS(args *AgentExecArgs, reply *AgentExecReply) error {
.\gitmap\cluster\agent.go|20|raw error return|func (a *Agent) ExecCmd(args *AgentExecArgs, reply *AgentExecReply) error {
.\gitmap\cluster\client.go|22|raw error return|func (c *NodeClient) dialTLS() (*rpc.Client, error) {
.\gitmap\cluster\client.go|33|raw error return|func (c *NodeClient) Handshake() error {
.\gitmap\cluster\client.go|50|raw error return|func (c *NodeClient) Ping() error {
.\gitmap\cluster\distribution.go|87|bare bool return|func clientsChanged(old, new []Client) bool {
.\gitmap\cluster\exec_clone.go|5|raw error return|func ExecCloneURL(ctx context.Context, node ClusterNode, url, workdir, subCmd string) (string, string, int, error) {
.\gitmap\cluster\exec_cmd.go|20|raw error return|func defaultExecRunner(cmd *exec.Cmd) error {
.\gitmap\cluster\exec_cmd.go|24|raw error return|func defaultLookPath(file string) (string, error) {
.\gitmap\cluster\exec_cmd.go|29|raw error return|func ExecCmd(ctx context.Context, node ClusterNode, command string) (stdout, stderr string, exitCode int, err error) {
.\gitmap\cluster\exec_git.go|8|raw error return|func ExecGitPull(ctx context.Context, node ClusterNode) (string, string, int, error) {
.\gitmap\cluster\exec_git.go|13|raw error return|func ExecGitPush(ctx context.Context, node ClusterNode) (string, string, int, error) {
.\gitmap\cluster\exec_git.go|18|raw error return|func ExecGitCommit(ctx context.Context, node ClusterNode) (string, string, int, error) {
.\gitmap\cluster\exec_git.go|23|raw error return|func ExecGitStatus(ctx context.Context, node ClusterNode) (string, string, int, error) {
.\gitmap\cluster\exec_install.go|20|raw error return|func detectPackageManager(ctx context.Context) (string, error) {
.\gitmap\cluster\exec_install.go|28|raw error return|func detectWindowsPackageManager(ctx context.Context) (string, error) {
.\gitmap\cluster\exec_install.go|33|raw error return|func detectUnixPackageManager(ctx context.Context) (string, error) {
.\gitmap\cluster\exec_install.go|38|raw error return|func checkManagers(ctx context.Context, managers []string) (string, error) {
.\gitmap\cluster\exec_install.go|51|raw error return|func ExecInstall(ctx context.Context, node ClusterNode, packages []string) ([]PackageResult, error) {
.\gitmap\cluster\exec_lifecycle.go|17|raw error return|func ExecRestart(ctx context.Context, node ClusterNode, forceLifecycle bool, providedPassword string) (string, string, int, error) {
.\gitmap\cluster\exec_lifecycle.go|17|bare bool return|func ExecRestart(ctx context.Context, node ClusterNode, forceLifecycle bool, providedPassword string) (string, string, int, error) {
.\gitmap\cluster\exec_lifecycle.go|32|raw error return|func ExecShutdown(ctx context.Context, node ClusterNode, forceLifecycle bool, providedPassword string) (string, string, int, error) {
.\gitmap\cluster\exec_lifecycle.go|32|bare bool return|func ExecShutdown(ctx context.Context, node ClusterNode, forceLifecycle bool, providedPassword string) (string, string, int, error) {
.\gitmap\cluster\exec_lifecycle.go|47|raw error return|func ExecLogoff(ctx context.Context, node ClusterNode, forceLifecycle bool, providedPassword string) (string, string, int, error) {
.\gitmap\cluster\exec_lifecycle.go|47|bare bool return|func ExecLogoff(ctx context.Context, node ClusterNode, forceLifecycle bool, providedPassword string) (string, string, int, error) {
.\gitmap\cluster\exec_lifecycle.go|61|raw error return|func checkLifecycleGuards(node ClusterNode, forceLifecycle bool, providedPassword string) error {
.\gitmap\cluster\exec_lifecycle.go|61|bare bool return|func checkLifecycleGuards(node ClusterNode, forceLifecycle bool, providedPassword string) error {
.\gitmap\cluster\exec_lifecycle.go|71|raw error return|func checkPasswordAuth(hash, password string) error {
.\gitmap\cluster\exec_lifecycle.go|84|raw error return|func runCmd(cmd *exec.Cmd) (string, string, int, error) {
.\gitmap\cluster\exec_lifecycle.go|93|raw error return|func extractExitCode(err error) int {
.\gitmap\cluster\exec_lifecycle.go|103|raw error return|func PrintCountdown(ctx context.Context, nodes []string, action string, seconds int) error {
.\gitmap\cluster\exec_lifecycle.go|115|raw error return|func countdownTick(ctx context.Context, tickChan <-chan time.Time, action string, count, remaining int) error {
.\gitmap\cluster\exec_proj.go|37|raw error return|func ExecProjRun(ctx context.Context, node ClusterNode, projectNames []string) ([]ProjRunResult, error) {
.\gitmap\cluster\exec_proj.go|41|fmt.Errorf|return nil, fmt.Errorf("failed to open store: %w", err)
.\gitmap\cluster\exec_proj.go|48|fmt.Errorf|return nil, fmt.Errorf("failed to list repos: %w", err)
.\gitmap\cluster\exec_ps.go|19|raw error return|func ExecPS(ctx context.Context, node ClusterNode, command string) (stdout, stderr string, exitCode int, err error) {
.\gitmap\cluster\exec_update.go|5|raw error return|func ExecUpdate(ctx context.Context, node ClusterNode, isAll bool, packages ...string) (string, string, int, error) {
.\gitmap\cluster\exec_update.go|5|bare bool return|func ExecUpdate(ctx context.Context, node ClusterNode, isAll bool, packages ...string) (string, string, int, error) {
.\gitmap\cluster\lsrender.go|9|bare bool return|func RenderNodeTable(nodes []ClusterNode, showRole bool) string {
.\gitmap\cluster\node_resolver.go|40|raw error return|func ResolveTargetNodes(selector TargetSelectorType, filter NodeFilter, allNodes []ClusterNode) ([]ClusterNode, error) {
.\gitmap\cluster\node_resolver.go|74|bare bool return|func isNodeIncluded(n ClusterNode, filter NodeFilter) bool {
.\gitmap\cluster\node_resolver.go|90|bare bool return|func matchesExclusion(n ClusterNode, excepts []string) bool {
.\gitmap\cluster\node_resolver.go|117|bare bool return|func matchesRange(n ClusterNode, ex string, trailingOctet string, hasTrailing bool) bool {
.\gitmap\cluster\node_resolver.go|154|bare bool return|func matchesExact(n ClusterNode, ex string, trailingOctet string, hasTrailing bool) bool {
.\gitmap\cluster\node_resolver_test.go|29|swallowed error|_, err = ResolveTargetNodes(ServersClients, filter2, allNodes)
.\gitmap\cluster\pathalias.go|8|raw error return|func ParseSetPathAliasArg(raw string) ([]AliasEntry, error) { return nil, nil }
.\gitmap\cluster\pathresolver.go|5|raw error return|func ResolvePath(db *sql.DB, nodeId, pathOrAlias string) (string, error) { return "", nil }
.\gitmap\cluster\preflight.go|14|raw error return|func PrintPreflight(selector TargetSelectorType, effective []ClusterNode, command string, runRef string, autoConfirm bool) (bool, error) {
.\gitmap\cluster\preflight.go|14|bare bool return|func PrintPreflight(selector TargetSelectorType, effective []ClusterNode, command string, runRef string, autoConfirm bool) (bool, error) {
.\gitmap\cluster\runref.go|11|raw error return|func RunRefGenerator(db *sql.DB) (string, error) {
.\gitmap\cluster\runref_test.go|19|swallowed error|_, err = db.Exec(`CREATE TABLE ClusterRun (
.\gitmap\cluster\runref_test.go|53|swallowed error|_, err = db.Exec(`INSERT INTO ClusterRun (RunRef, CommandKind, RawCommand, TargetSelector, StartedAt) VALUES (?, ?, ?, ?, ?)`, ref1, 1, "cmd", 1, now.Format(time.RFC3339))
.\gitmap\cluster\server.go|36|raw error return|func (s *Server) Handshake(args *HandshakeArgs, reply *HandshakeReply) error {
.\gitmap\cluster\server.go|57|raw error return|func (s *Server) Ping(args *PingArgs, reply *PingReply) error {
.\gitmap\cluster\server.go|74|raw error return|func (s *Server) Disconnect(args *DisconnectArgs, reply *DisconnectReply) error {
.\gitmap\cluster\tls.go|16|raw error return|func GenerateTLSConfig() (*tls.Config, error) {
.\gitmap\cmd\addignoreattrs.go|148|raw error return|func resolveAddTemplates(kind string, langs []string) ([]templates.Resolved, error) {
.\gitmap\cmd\addignoreattrs.go|154|fmt.Errorf|return nil, fmt.Errorf("template %s/%s: %w", kind, lang, err)
.\gitmap\cmd\addignoreattrs.go|259|raw error return|func repoFilePath(name string) (string, error) {
.\gitmap\cmd\addignoreattrs.go|274|bare bool return|func printAddTemplateBanner(spec addTemplateSpec, dryRun bool, resolved []templates.Resolved, tag string) {
.\gitmap\cmd\addlfsinstall.go|111|raw error return|func gitattributesPath() (string, error) {
.\gitmap\cmd\addlfsinstall.go|127|bare bool return|func printAddLFSInstallBanner(dryRun bool, source templates.SourceType, path string) {
.\gitmap\cmd\aliasops.go|176|raw error return|func isLegacyDataError(err error) bool {
.\gitmap\cmd\aliasops.go|176|bare bool return|func isLegacyDataError(err error) bool {
.\gitmap\cmd\aliasresolve.go|52|bare bool return|func hasAliasPrefix(arg, prefix string) bool {
.\gitmap\cmd\aliasresolve.go|110|bare bool return|func HasAlias() bool {
.\gitmap\cmd\aliassuggest.go|43|bare bool return|func parseAliasSuggestFlags(args []string) bool {
.\gitmap\cmd\aliassuggest.go|52|bare bool return|func suggestAliases(db *store.DB, repos []store.UnaliasedRepo, autoApply bool) int {
.\gitmap\cmd\aliassuggest.go|79|bare bool return|func promptAliasSuggestion(reader *bufio.Reader, slug, suggestion string) bool {
.\gitmap\cmd\amend.go|111|bare bool return|func printAmendSummary(commitCount int, auditPath string, forcePush bool) {
.\gitmap\cmd\amendauditrender.go|43|raw error return|func encodeAmendAuditJSON(w io.Writer, record model.AmendmentRecord) error {
.\gitmap\cmd\amendauditrender.go|76|raw error return|func renderAmendAuthorRaw(a model.AmendAuthor) (json.RawMessage, error) {
.\gitmap\cmd\amendauditrender.go|90|raw error return|func renderCommitEntriesRaw(entries []model.CommitEntry) (json.RawMessage, error) {
.\gitmap\cmd\amendexec.go|48|bare bool return|func parseSingleCommitLine(line string) (model.CommitEntry, bool) {
.\gitmap\cmd\amendlist.go|33|bare bool return|func hasAmendListJSONFlag(args []string) bool {
.\gitmap\cmd\amendlistrender.go|39|raw error return|func encodeAmendListJSON(w io.Writer, rows []store.AmendmentRow) error {
.\gitmap\cmd\as.go|51|bare bool return|func parseAsArgs(args []string) (string, bool) {
.\gitmap\cmd\as.go|74|raw error return|func gitTopLevel() (string, error) {
.\gitmap\cmd\as.go|83|fmt.Errorf|return "", fmt.Errorf("empty top-level")
.\gitmap\cmd\asops.go|36|bare bool return|func registerAlias(name string, rec model.ScanRecord, force bool) {
.\gitmap\cmd\asops.go|56|bare bool return|func createOrUpdateAliasRow(db *store.DB, name string, repoID int64, rec model.ScanRecord, force bool) {
.\gitmap\cmd\asops.go|84|bare bool return|func checkAliasConflict(db *store.DB, name string, rec model.ScanRecord, force bool) {
.\gitmap\cmd\audit.go|13|bare bool return|func beginCommandAudit(command string, args []string) (int64, time.Time, bool) {
.\gitmap\cmd\audit.go|23|bare bool return|func finishCommandAudit(shouldAudit bool, id int64, start time.Time, exitCode int, summary string, repoCount int) {
.\gitmap\cmd\audit.go|32|bare bool return|func shouldAuditCommand(command string) bool {
.\gitmap\cmd\audit.go|37|bare bool return|func recordAuditStart(command string, args []string) (int64, time.Time, bool) {
.\gitmap\cmd\audit.go|89|raw error return|func openAuditDB() (*store.DB, error) {
.\gitmap\cmd\auditlegacy.go|60|raw error return|func scanAuditLegacy(opts auditLegacyOpts) ([]auditLegacyHit, int, error) {
.\gitmap\cmd\auditlegacy.go|75|raw error return|func (s *auditWalkState) visit(path string, d fs.DirEntry, err error) error {
.\gitmap\cmd\auditlegacy.go|93|raw error return|func skipAuditDir(name string) error {
.\gitmap\cmd\auditlegacy.go|104|bare bool return|func isAuditScannable(path string) bool {
.\gitmap\cmd\auditlegacy_diffs.go|67|bare bool return|func writeOneAuditDiff(opts auditLegacyOpts, file, diffsDir string) (auditDiffPlan, bool) {
.\gitmap\cmd\auditlegacy_diff_render.go|28|raw error return|func renderAuditDiff(file string, pats []*regexp.Regexp) (string, error) {
.\gitmap\cmd\auditlegacy_diff_render.go|39|raw error return|func computeAuditDiffLines(file string, pats []*regexp.Regexp) ([]auditDiffLine, error) {
.\gitmap\cmd\auditlegacy_parse.go|14|raw error return|func parseAuditLegacyArgs(args []string) (auditLegacyOpts, error) {
.\gitmap\cmd\auditlegacy_parse.go|41|bare bool return|func isAuditFlagSet(fs *flag.FlagSet, name string) bool {
.\gitmap\cmd\auditlegacy_parse.go|54|bare bool return|func resolveReportPath(set bool, value string) string {
.\gitmap\cmd\auditlegacy_parse.go|66|raw error return|func compileAuditPatterns(csv string) ([]*regexp.Regexp, []string, error) {
.\gitmap\cmd\auditlegacy_parse.go|87|raw error return|func compileOnePattern(p string) (*regexp.Regexp, error) {
.\gitmap\cmd\auditlegacy_parse.go|90|fmt.Errorf|return nil, fmt.Errorf(constants.ErrAuditLegacyRegex, p, err)
.\gitmap\cmd\auditlegacy_report.go|35|raw error return|func writeAuditReportFile(path, body string) error {
.\gitmap\cmd\auditlegacy_report.go|46|raw error return|func setupDir(dir string) error {
.\gitmap\cmd\auditlegacy_report.go|118|bare bool return|func writeAuditMDFileCountRow(b *strings.Builder, row auditFileCount, links map[string]string, hasDiffs bool) {
.\gitmap\cmd\backup.go|103|raw error return|func backupRoot() (string, error) {
.\gitmap\cmd\backup.go|114|raw error return|func collectSnapshots(root string) ([]backupSnapshot, error) {
.\gitmap\cmd\backup.go|212|bare bool return|func applyPrune(victims []backupSnapshot, dryRun bool) {
.\gitmap\cmd\binarylocations.go|39|bare bool return|func isBannerSuppressed() bool {
.\gitmap\cmd\bookmarklist.go|37|bare bool return|func hasJSONFlag(args []string) bool {
.\gitmap\cmd\bookmarklistrender.go|28|raw error return|func encodeBookmarkListJSON(w io.Writer, records []model.BookmarkRecord) error {
.\gitmap\cmd\cat.go|22|swallowed error|_, err = io.Copy(os.Stdout, file)
.\gitmap\cmd\cdops.go|65|bare bool return|func parseCDPickFlag(args []string) (bool, []string) {
.\gitmap\cmd\cdops.go|98|bare bool return|func resolveCDPath(name string, records []model.ScanRecord, pick bool) string {
.\gitmap\cmd\cfrppriorversion.go|22|bare bool return|func runCFRPPriorVersionPrivatize(absPath string, autoYes bool) {
.\gitmap\cmd\cfrppriorversion.go|75|bare bool return|func resolvePriorScanProvider(absPath string) (visibilityContext, bool) {
.\gitmap\cmd\cfrppriorversion.go|143|bare bool return|func promptPrivatize(count int) bool {
.\gitmap\cmd\cg_worker.go|39|raw error return|func runCgScriptInRepo(repo string) error {
.\gitmap\cmd\changelog.go|36|bare bool return|func resolveChangelogAlias(version string, openFile bool) (string, bool) {
.\gitmap\cmd\changelog.go|45|bare bool return|func handleChangelogOpen(latest bool, version string) {
.\gitmap\cmd\changelog.go|59|bare bool return|func dispatchChangelogOutput(version string, latest bool, limit int, source string, pretty bool) {
.\gitmap\cmd\changelog.go|119|bare bool return|func printSingleVersion(entries []release.ChangelogEntry, version string, pretty bool) {
.\gitmap\cmd\changelog.go|131|bare bool return|func parseChangelogFlags(args []string) (version string, latest bool, limit int, openFile bool, source string) {
.\gitmap\cmd\changelog.go|151|bare bool return|func printChangelogEntries(entries []release.ChangelogEntry, limit int, pretty bool) {
.\gitmap\cmd\changelog.go|165|bare bool return|func printChangelogEntry(entry release.ChangelogEntry, pretty bool) {
.\gitmap\cmd\changelog.go|170|raw error return|func openChangelogFile() error {
.\gitmap\cmd\changelog.go|180|raw error return|func runOpenCommand(path string) error {
.\gitmap\cmd\changeloggen.go|49|bare bool return|func parseChangelogGenFlags(args []string) (from, to string, write bool) {
.\gitmap\cmd\changelogprint.go|16|bare bool return|func renderChangelogEntry(entry release.ChangelogEntry, pretty bool) {
.\gitmap\cmd\changelogprint.go|41|bare bool return|func printChangelogHeader(entry release.ChangelogEntry, pretty bool) {
.\gitmap\cmd\changelogprint.go|62|bare bool return|func printChangelogBullets(bullets []release.ChangelogBullet, pretty bool) {
.\gitmap\cmd\changelogprint.go|70|bare bool return|func printChangelogBullet(bullet release.ChangelogBullet, wrapWidth int, pretty bool) {
.\gitmap\cmd\changelogprint.go|87|bare bool return|func colorOrEmpty(c string, pretty bool) string {
.\gitmap\cmd\changelogwrap.go|48|bare bool return|func renderInlineMarkdown(text string, _ int, pretty bool) string {
.\gitmap\cmd\changelog_regen.go|38|raw error return|func RegenChangelog(releaseDir string, w io.Writer) error {
.\gitmap\cmd\changelog_regen.go|83|bare bool return|func compareSemverDesc(a, b string) bool {
.\gitmap\cmd\chromeprofile.go|237|raw error return|func readChromeExport(path string) (*chromeExport, error) {
.\gitmap\cmd\chromeprofile.go|240|fmt.Errorf|return nil, fmt.Errorf("read %s: %w", path, err)
.\gitmap\cmd\chromeprofile.go|244|fmt.Errorf|return nil, fmt.Errorf("parse %s: %w", path, err)
.\gitmap\cmd\chromeprofile_copy.go|17|raw error return|func copyChromeProfile(src, dst string) (int, error) {
.\gitmap\cmd\chromeprofile_copy.go|24|raw error return|func copyChromeProfileEntries(src, dst string) (int, error) {
.\gitmap\cmd\chromeprofile_copy.go|47|raw error return|func (e *chromeProfileCopyError) Unwrap() error { return e.Err }
.\gitmap\cmd\chromeprofile_copy.go|49|raw error return|func newChromeProfileCopyError(src, dst, op string, err error) error {
.\gitmap\cmd\chromeprofile_copy.go|54|raw error return|func copyEntry(src, dst string) (int, error) {
.\gitmap\cmd\chromeprofile_copy.go|65|raw error return|func handleCopyStatError(src, dst string, err error) (int, error) {
.\gitmap\cmd\chromeprofile_copy.go|72|raw error return|func copyRegularFile(src, dst string) (int, error) {
.\gitmap\cmd\chromeprofile_copy.go|81|raw error return|func chromeProfileCopyFile(src, dst string) (bool, error) {
.\gitmap\cmd\chromeprofile_copy.go|81|bare bool return|func chromeProfileCopyFile(src, dst string) (bool, error) {
.\gitmap\cmd\chromeprofile_copy.go|90|raw error return|func handleChromeFileOpenError(src, dst string, err error) (bool, error) {
.\gitmap\cmd\chromeprofile_copy.go|90|bare bool return|func handleChromeFileOpenError(src, dst string, err error) (bool, error) {
.\gitmap\cmd\chromeprofile_copy.go|98|raw error return|func writeChromeProfileCopyFile(in *os.File, src, dst string) (bool, error) {
.\gitmap\cmd\chromeprofile_copy.go|98|bare bool return|func writeChromeProfileCopyFile(in *os.File, src, dst string) (bool, error) {
.\gitmap\cmd\chromeprofile_copy.go|113|raw error return|func handleChromeFileCopyError(src, dst string, err error) (bool, error) {
.\gitmap\cmd\chromeprofile_copy.go|113|bare bool return|func handleChromeFileCopyError(src, dst string, err error) (bool, error) {
.\gitmap\cmd\chromeprofile_copy.go|122|raw error return|func copyDir(src, dst string) (int, error) {
.\gitmap\cmd\chromeprofile_copy.go|133|raw error return|func copyDirEntries(entries []os.DirEntry, src, dst string) (int, error) {
.\gitmap\cmd\chromeprofile_copy.go|145|bare bool return|func isChromeVolatileLockFile(path string) bool {
.\gitmap\cmd\chromeprofile_copy.go|155|raw error return|func warnChromeProfileLockSkip(src, dst string, err error) {
.\gitmap\cmd\chromeprofile_copy.go|157|swallowed error|_ = err
.\gitmap\cmd\chromeprofile_copy.go|162|raw error return|func printChromeProfileCopyError(src, dst chromeProfileResolution, err error) {
.\gitmap\cmd\chromeprofile_copy.go|169|raw error return|func unwrapChromeProfileCopyError(err error) chromeProfileCopyError {
.\gitmap\cmd\chromeprofile_csv.go|20|raw error return|func writeChromeExportCSV(srcProfile, name, outPath string) (int, error) {
.\gitmap\cmd\chromeprofile_csv.go|22|fmt.Errorf|return 0, fmt.Errorf("mkdir %s: %w", filepath.Dir(outPath), err)
.\gitmap\cmd\chromeprofile_csv.go|26|fmt.Errorf|return 0, fmt.Errorf("create %s: %w", outPath, err)
.\gitmap\cmd\chromeprofile_csv_test.go|100|bare bool return|func containsRow(rows [][]string, c, k, v string) bool {
.\gitmap\cmd\chromeprofile_csv_test.go|109|bare bool return|func containsCategory(rows [][]string, c string) bool {
.\gitmap\cmd\chromeprofile_delete.go|47|bare bool return|func parseChromeDeleteArgs(args []string) (string, bool) {
.\gitmap\cmd\chromeprofile_export.go|31|raw error return|func writeChromeExport(srcProfile, name, outPath string) (int, error) {
.\gitmap\cmd\chromeprofile_export.go|43|fmt.Errorf|return 0, fmt.Errorf("marshal export: %w", err)
.\gitmap\cmd\chromeprofile_export.go|46|fmt.Errorf|return 0, fmt.Errorf("mkdir %s: %w", filepath.Dir(outPath), err)
.\gitmap\cmd\chromeprofile_export.go|49|fmt.Errorf|return 0, fmt.Errorf("write %s: %w", outPath, err)
.\gitmap\cmd\chromeprofile_export.go|57|raw error return|func applyChromeExport(exp *chromeExport, dstProfile string) error {
.\gitmap\cmd\chromeprofile_export.go|59|fmt.Errorf|return fmt.Errorf("mkdir %s: %w", dstProfile, err)
.\gitmap\cmd\chromeprofile_export.go|90|raw error return|func writeOptional(path string, payload json.RawMessage) error {
.\gitmap\cmd\chromeprofile_import_csv.go|19|raw error return|func loadChromeImport(path string) (*chromeExport, error) {
.\gitmap\cmd\chromeprofile_import_csv.go|27|raw error return|func parseCSVRows(path string) ([][]string, error) {
.\gitmap\cmd\chromeprofile_import_csv.go|30|fmt.Errorf|return nil, fmt.Errorf("read %s: %w", path, err)
.\gitmap\cmd\chromeprofile_import_csv.go|37|fmt.Errorf|return nil, fmt.Errorf("parse %s: %w", path, err)
.\gitmap\cmd\chromeprofile_import_csv.go|45|raw error return|func readChromeExportCSV(path string) (*chromeExport, error) {
.\gitmap\cmd\chromeprofile_merge.go|102|bare bool return|func isKnownMergeWhat(w string) bool {
.\gitmap\cmd\chromeprofile_merge.go|225|raw error return|func readJSONObject(path string) (map[string]any, error) {
.\gitmap\cmd\chromeprofile_merge.go|232|fmt.Errorf|return nil, fmt.Errorf("parse %s: %w", path, err)
.\gitmap\cmd\chromeprofile_merge.go|237|raw error return|func writeJSONObject(path string, m map[string]any) error {
.\gitmap\cmd\chromeprofile_merge.go|248|bare bool return|func jsonEqual(a, b any) bool {
.\gitmap\cmd\chromeprofile_merge.go|414|raw error return|func copyTree(src, dst string) error {
.\gitmap\cmd\chromeprofile_merge.go|437|raw error return|func copyOneFile(src, dst string) error {
.\gitmap\cmd\chromeprofile_merge.go|451|swallowed error|_, err = io.Copy(out, in)
.\gitmap\cmd\chromeprofile_paths.go|45|bare bool return|func chromeProfilePathExists(path string) bool {
.\gitmap\cmd\chromeprofile_paths.go|89|bare bool return|func isChromeProfileDirectoryName(name string, stateDirs map[string]bool) bool {
.\gitmap\cmd\chromeprofile_preferences.go|25|raw error return|func patchCopiedChromeProfilePreferences(dstPath, displayName string) error {
.\gitmap\cmd\chromeprofile_preferences.go|32|fmt.Errorf|return fmt.Errorf("read %s: %w", prefPath, err)
.\gitmap\cmd\chromeprofile_preferences.go|36|fmt.Errorf|return fmt.Errorf("parse %s: %w", prefPath, err)
.\gitmap\cmd\chromeprofile_preferences.go|41|fmt.Errorf|return fmt.Errorf("encode Preferences: %w", err)
.\gitmap\cmd\chromeprofile_preferences.go|44|fmt.Errorf|return fmt.Errorf("write %s: %w", prefPath, err)
.\gitmap\cmd\chromeprofile_process.go|12|raw error return|func isChromeRunning(goos string) (bool, error) {
.\gitmap\cmd\chromeprofile_process.go|12|bare bool return|func isChromeRunning(goos string) (bool, error) {
.\gitmap\cmd\chromeprofile_process.go|22|raw error return|func isWindowsChromeRunning() (bool, error) {
.\gitmap\cmd\chromeprofile_process.go|22|bare bool return|func isWindowsChromeRunning() (bool, error) {
.\gitmap\cmd\chromeprofile_process.go|33|raw error return|func isLinuxChromeRunning() (bool, error) {
.\gitmap\cmd\chromeprofile_process.go|33|bare bool return|func isLinuxChromeRunning() (bool, error) {
.\gitmap\cmd\chromeprofile_process.go|45|raw error return|func pgrepExact(name string) (bool, error) {
.\gitmap\cmd\chromeprofile_process.go|45|bare bool return|func pgrepExact(name string) (bool, error) {
.\gitmap\cmd\chromeprofile_register.go|23|raw error return|func registerChromeProfileInLocalState(srcDir, dstDir, displayName string) error {
.\gitmap\cmd\chromeprofile_register.go|27|fmt.Errorf|return fmt.Errorf("read %s: %w", path, err)
.\gitmap\cmd\chromeprofile_register.go|31|fmt.Errorf|return fmt.Errorf("parse %s: %w", path, err)
.\gitmap\cmd\chromeprofile_register.go|106|raw error return|func writeChromeLocalState(path string, root map[string]any) error {
.\gitmap\cmd\chromeprofile_register.go|109|fmt.Errorf|return fmt.Errorf("encode Local State: %w", err)
.\gitmap\cmd\chromeprofile_register.go|113|fmt.Errorf|return fmt.Errorf("write %s: %w", tmp, err)
.\gitmap\cmd\chromeprofile_register.go|118|raw error return|func replaceChromeLocalState(path, tmp string) error {
.\gitmap\cmd\chromeprofile_register.go|129|raw error return|func cleanupChromeLocalStateTmp(tmp string, cause error) error {
.\gitmap\cmd\chromeprofile_register.go|131|fmt.Errorf|return fmt.Errorf("backup Local State: %w", cause)
.\gitmap\cmd\chromeprofile_register.go|134|raw error return|func finishChromeLocalStateReplace(path, tmp, bak string) error {
.\gitmap\cmd\chromeprofile_register.go|138|fmt.Errorf|return fmt.Errorf("replace %s: %w", path, err)
.\gitmap\cmd\chromeprofile_resolve.go|82|bare bool return|func resolveChromeProfile(name string) (chromeProfileResolution, bool) {
.\gitmap\cmd\chromeprofile_resolve.go|94|bare bool return|func resolveChromeProfileDir(name string) (string, bool) {
.\gitmap\cmd\chromeprofile_resolve.go|119|bare bool return|func resolveChromeProfileDisplayName(name, direct string) (chromeProfileResolution, bool) {
.\gitmap\cmd\chromeprofile_vss_other.go|16|bare bool return|func CreateSnapshot(_ string) (Snapshot, bool) { return Snapshot{}, false }
.\gitmap\cmd\chromeprofile_vss_windows.go|40|bare bool return|func CreateSnapshot(anyPath string) (Snapshot, bool) {
.\gitmap\cmd\chrome_backup.go|155|raw error return|func previewChromeBackup(src string) (int, error) {
.\gitmap\cmd\chrome_backup.go|187|raw error return|func writeChromeBackup(srcRoot, outPath string) (int, error) {
.\gitmap\cmd\chrome_backup.go|232|raw error return|func readChromeBackup(src, dstRoot string) (int, error) {
.\gitmap\cmd\chrome_bookmarks.go|152|bare bool return|func findBookmarkFolder(node bookmarkItem, parts []string) (bookmarkItem, bool) {
.\gitmap\cmd\chrome_bookmarks.go|207|raw error return|func renderBookmarks(roots []bookmarkItem, format string) (string, error) {
.\gitmap\cmd\chrome_bookmarks_filter.go|27|bare bool return|func pruneBookmark(n bookmarkItem, matchLower, exact string) (bookmarkItem, bool) {
.\gitmap\cmd\chrome_bookmarks_filter.go|45|bare bool return|func pruneBookmarkLeaf(n bookmarkItem, matchLower, exact string) (bookmarkItem, bool) {
.\gitmap\cmd\chrome_bookmarks_filter.go|53|bare bool return|func bookmarkMatches(title, matchLower, exact string) bool {
.\gitmap\cmd\chrome_localstate.go|27|raw error return|func ParseChromeLocalState(raw []byte) (ChromeLocalState, error) {
.\gitmap\cmd\chrome_manifest.go|32|raw error return|func buildChromeManifest(tarballPath string) ([]ChromeManifestEntry, error) {
.\gitmap\cmd\chrome_manifest.go|99|raw error return|func writeChromeManifest(tarballPath string) (string, error) {
.\gitmap\cmd\chrome_manifest.go|103|raw error return|func writeChromeManifestWithSource(tarballPath, sourcePath string) (string, error) {
.\gitmap\cmd\chrome_manifest.go|140|raw error return|func verifyChromeManifest(tarballPath string) (bool, []string, error) {
.\gitmap\cmd\chrome_manifest.go|140|bare bool return|func verifyChromeManifest(tarballPath string) (bool, []string, error) {
.\gitmap\cmd\chrome_manifest.go|144|fmt.Errorf|return false, nil, fmt.Errorf("manifest missing (%s): %w", manifestPath, err)
.\gitmap\cmd\clearreleasejson.go|14|bare bool return|func parseClearReleaseJSONFlags(args []string) (string, bool) {
.\gitmap\cmd\cliexit_clone_test.go|162|bare bool return|func containsCI(haystack, needle string) bool {
.\gitmap\cmd\cliexit_context_test.go|134|bare bool return|func containsAnyCI(haystack string, needles []string) bool {
.\gitmap\cmd\cliexit_helpers_test.go|102|raw error return|func wrapBuildErr(err error, stderr *bytes.Buffer) error {
.\gitmap\cmd\cliexit_helpers_test.go|211|raw error return|func extractTestExitCode(err error) int {
.\gitmap\cmd\clone.go|105|bare bool return|func shouldUseMultiClone(cf CloneFlags) bool {
.\gitmap\cmd\clone.go|198|bare bool return|func isDirectURL(source string) bool {
.\gitmap\cmd\clone.go|247|bare bool return|func executeDirectClone(url, folderName string, ghDesktopFlag, noReplace bool, output string, noVSCodeSync bool) {
.\gitmap\cmd\clone.go|382|bare bool return|func initCloneVerbose(enabled bool) {
.\gitmap\cmd\clone.go|436|bare bool return|func executeClone(source, targetDir string, safePull, ghDesktop bool, maxConcurrency int, defaultBranch string, noVSCodeSync bool, clean bool, missingOnly bool) {
.\gitmap\cmd\clone.go|496|bare bool return|func syncManifestClonedReposToVSCodePM(summary model.CloneSummary, targetDir string, skip bool) {
.\gitmap\cmd\clone.go|529|bare bool return|func registerCloned(s model.CloneSummary, targetDir string, enabled bool) {
.\gitmap\cmd\clone.go|603|bare bool return|func schemeLabel(toSSH bool) string {
.\gitmap\cmd\clonefixrepo.go|46|bare bool return|func runCloneFixRepoPipeline(args []string, makePublic bool) {
.\gitmap\cmd\clonefixrepo.go|62|bare bool return|func dispatchCFRMultiURL(f cloneFixRepoFlags, makePublic bool, modifiers CfrModifierFlags, parallel int) bool {
.\gitmap\cmd\clonefixrepo.go|71|bare bool return|func runSingleCloneFixRepo(f cloneFixRepoFlags, makePublic bool, modifiers CfrModifierFlags) {
.\gitmap\cmd\clonefixrepo.go|106|bare bool return|func executeCFRPostSteps(absPath string, makePublic bool, f cloneFixRepoFlags, modifiers CfrModifierFlags) {
.\gitmap\cmd\clonefixrepo.go|121|bare bool return|func runParallelCloneFixRepo(urls []string, makePublic bool, noVSCodeSync bool, requireVersion bool, useSSH bool, useHTTPS bool, autoYes bool, dryRun bool, modifiers CfrModifierFlags, parallel int) {
.\gitmap\cmd\clonefixrepo.go|134|bare bool return|func printDryRunMessage(makePublic bool, absPath string) {
.\gitmap\cmd\clonefixrepo.go|182|bare bool return|func applyCloneFixRepoScheme(url string, useSSH, useHTTPS bool) string {
.\gitmap\cmd\clonefixrepo.go|196|bare bool return|func applySSHScheme(url string, useSSH bool) (string, bool) {
.\gitmap\cmd\clonefixrepo.go|206|bare bool return|func applyHTTPSScheme(url string, useHTTPS bool) (string, bool) {
.\gitmap\cmd\clonefixrepo.go|221|bare bool return|func maybeRunFixRepoStep(absPath string, requireVersion bool) {
.\gitmap\cmd\clonefixrepo.go|265|bare bool return|func applyCFRFlag(name string, f *cloneFixRepoFlags) bool {
.\gitmap\cmd\clonefixrepo.go|281|bare bool return|func applyCFRFlagExtra(name string, f *cloneFixRepoFlags) bool {
.\gitmap\cmd\clonefixrepo.go|324|bare bool return|func parseCloneFixRepoArgs(args []string) (string, string, bool, bool, bool, bool, bool, bool, bool, bool) {
.\gitmap\cmd\clonefixrepo.go|372|raw error return|func handleChainedStepResult(runErr error) {
.\gitmap\cmd\clonefixrepocheckpoint.go|35|raw error return|func LoadCheckpoint(path string) (*CFRPCheckpoint, error) {
.\gitmap\cmd\clonefixrepocheckpoint.go|45|fmt.Errorf|return nil, fmt.Errorf("checkpoint %s: %w", path, err)
.\gitmap\cmd\clonefixrepocheckpoint.go|51|raw error return|func SaveCheckpoint(path string, cp *CFRPCheckpoint) error {
.\gitmap\cmd\clonefixrepofoldertransport.go|44|bare bool return|func rewriteToMatchExisting(positional string, targetSSH bool) string {
.\gitmap\cmd\clonefixrepofoldertransport.go|74|bare bool return|func hasDotGitDir(absPath string) bool {
.\gitmap\cmd\clonefixrepofoldertransport.go|83|bare bool return|func isSSHURL(url string) bool {
.\gitmap\cmd\clonefixrepofoldertransport.go|95|raw error return|func warnPreferTransport(absPath, reason string, err error) {
.\gitmap\cmd\clonefixrepoparallel.go|130|raw error return|func logCFRJobResult(buf *bytes.Buffer, idx, total int, url string, elapsed time.Duration, runErr error) {
.\gitmap\cmd\clonefixrepoparallel.go|138|raw error return|func execCFRJobCommand(bin string, args []string, buf *bytes.Buffer) (time.Duration, error) {
.\gitmap\cmd\clonefixrepoparallel.go|150|bare bool return|func runOneCFRJob(bin, subcmd, url string, idx, total int, leadingMods, passthroughFlags []string, mu *sync.Mutex) bool {
.\gitmap\cmd\clonefixrepoparallel.go|170|bare bool return|func isParallelFlagName(name string) bool {
.\gitmap\cmd\clonefixrepoparallel.go|174|bare bool return|func parseParallelArgStep(args []string, i int) (int, int, bool) {
.\gitmap\cmd\clonefixrepoparallel.go|210|bare bool return|func splitFlagEq(a string) (string, string, bool) {
.\gitmap\cmd\clonefixrepoparallel.go|229|bare bool return|func buildCFRTransportAndSyncFlags(noVSCodeSync, requireVersion, useSSH, useHTTPS bool) []string {
.\gitmap\cmd\clonefixrepoparallel.go|246|bare bool return|func buildCFRActionFlags(autoYes, dryRun, noCommit, noPush bool) []string {
.\gitmap\cmd\clonefixrepoparallel.go|268|bare bool return|func buildCFRPassthroughFlags(noVSCodeSync, requireVersion, useSSH, useHTTPS, autoYes, dryRun, noCommit, noPush bool) []string {
.\gitmap\cmd\clonefixrepo_modifiers.go|61|bare bool return|func isCfrModifierToken(tok string) bool {
.\gitmap\cmd\clonefrom.go|123|raw error return|func pickCloneFromRenderer(output string) func(io.Writer, clonefrom.Plan) error {
.\gitmap\cmd\clonefrom.go|209|raw error return|func renderSummary(output string, results []clonefrom.Result, csvPath, jsonPath string) error {
.\gitmap\cmd\clonefrom_reports.go|80|raw error return|func validateCloneFromResults(results []clonefrom.Result) error {
.\gitmap\cmd\clonefrom_reports.go|86|fmt.Errorf|return fmt.Errorf(constants.ErrCloneFromReportMissingFields,
.\gitmap\cmd\clonemulti.go|160|raw error return|func executeDirectCloneOne(url, folderName string, ghDesktopFlag, noReplace bool) error {
.\gitmap\cmd\clonemulti.go|160|bare bool return|func executeDirectCloneOne(url, folderName string, ghDesktopFlag, noReplace bool) error {
.\gitmap\cmd\clonemulti.go|166|fmt.Errorf|return fmt.Errorf("resolve abs path for %s: %w", folderName, err)
.\gitmap\cmd\clonemulti.go|204|raw error return|func executeCloneStrategy(url string, absPath string, noReplace bool) error {
.\gitmap\cmd\clonemulti.go|204|bare bool return|func executeCloneStrategy(url string, absPath string, noReplace bool) error {
.\gitmap\cmd\clonemulti.go|211|raw error return|func handleNoReplaceClone(url string, absPath string) error {
.\gitmap\cmd\clonemulti.go|214|fmt.Errorf|return fmt.Errorf("target exists: %s (use without --no-replace to replace)", absPath)
.\gitmap\cmd\clonemulti.go|218|fmt.Errorf|return fmt.Errorf("git clone: %w", cloneErr)
.\gitmap\cmd\clonemulti.go|223|raw error return|func handleReplaceClone(url string, absPath string) error {
.\gitmap\cmd\clonemulti.go|226|fmt.Errorf|return fmt.Errorf("clone-replace: %w", replaceErr)
.\gitmap\cmd\clonenext.go|203|raw error return|func initVerboseSafe(isVerbose bool) (*verbose.Logger, error) {
.\gitmap\cmd\clonenext.go|203|bare bool return|func initVerboseSafe(isVerbose bool) (*verbose.Logger, error) {
.\gitmap\cmd\clonenext.go|244|bare bool return|func handleCreateRemote(createRemote bool, remoteURL string, targetName string) {
.\gitmap\cmd\clonenext.go|291|bare bool return|func runGitClone(url, dest string) bool {
.\gitmap\cmd\clonenext.go|309|bare bool return|func handleCloneNextRemoval(folderName, fullPath, targetPath string, deleteFlag, keepFlag bool) {
.\gitmap\cmd\clonenext.go|340|bare bool return|func handlePostRemovalChdir(removed bool, targetPath string) {
.\gitmap\cmd\clonenext.go|355|bare bool return|func removeFolderWithLockCheck(name, path string) bool {
.\gitmap\cmd\clonenextbatch.go|38|bare bool return|func runCloneNextBatch(csvPath string, walkAll bool, maxConcurrency int, noProgress, reportErrors bool) {
.\gitmap\cmd\clonenextbatch.go|56|raw error return|func loadBatchRepos(csvPath string, walkAll bool) ([]string, error) {
.\gitmap\cmd\clonenextbatch.go|56|bare bool return|func loadBatchRepos(csvPath string, walkAll bool) ([]string, error) {
.\gitmap\cmd\clonenextbatch.go|143|raw error return|func failRow(row batchRowResult, err error) batchRowResult {
.\gitmap\cmd\clonenextbatch.go|153|raw error return|func evaluateRemoteUpdate(repoPath string, parsed clonenext.ParsedRepo) (clonenext.RemoteUpdateCheck, error) {
.\gitmap\cmd\clonenextbatch.go|163|fmt.Errorf|return clonenext.RemoteUpdateCheck{}, fmt.Errorf("no origin remote configured")
.\gitmap\cmd\clonenextbatch.go|175|raw error return|func readRepoVersion(repoPath string) (clonenext.ParsedRepo, string, error) {
.\gitmap\cmd\clonenextbatchdispatch.go|31|bare bool return|func shouldRunBatch(flags CloneNextFlags, cwd string) bool {
.\gitmap\cmd\clonenextbatchprogress.go|36|bare bool return|func newBatchProgressReporter(total int, silent bool) *batchProgressReporter {
.\gitmap\cmd\clonenextcrossdir.go|19|bare bool return|func tryCrossDirCloneNext(args []string) bool {
.\gitmap\cmd\clonenextdryrun.go|42|bare bool return|func previewDryRunBatch(csvPath string, walkAll bool) {
.\gitmap\cmd\clonenextdryrun.go|79|bare bool return|func resolveDryRunTarget(repoPath string) (url, dest string, ok bool) {
.\gitmap\cmd\clonenextfolderdispatch.go|44|bare bool return|func tryFolderArgCloneNext(args []string) bool {
.\gitmap\cmd\clonenextfolderdispatch.go|61|bare bool return|func tryFolderArgSinglePositional(token string, originalArgs []string) bool {
.\gitmap\cmd\clonenextfolderdispatch.go|89|bare bool return|func tryFolderArgTwoPositional(first, second string, originalArgs []string) bool {
.\gitmap\cmd\clonenextfolderdispatch.go|130|raw error return|func resolveCloneNextFolder(token string) (string, error) {
.\gitmap\cmd\clonenextfolderdispatch.go|158|bare bool return|func isFolderShaped(token string) bool {
.\gitmap\cmd\clonenextfolderdispatch.go|172|bare bool return|func hasFolderHint(token string) bool {
.\gitmap\cmd\clonenextfolderdispatch.go|183|raw error return|func ensureAbsolutePath(expanded string) (string, error) {
.\gitmap\cmd\clonenextpath.go|21|bare bool return|func samePath(a, b string) bool {
.\gitmap\cmd\clonepick.go|74|raw error return|func buildClonePickPlan(parsed clonePickParsed) (clonepick.Plan, int64, error) {
.\gitmap\cmd\clonepick_execute.go|25|bare bool return|func runClonePickExecute(plan clonepick.Plan, noVSCodeSync bool, replayId int64) {
.\gitmap\cmd\clonepick_picker.go|25|bare bool return|func maybeRunClonePickPicker(plan clonepick.Plan, ask bool) clonepick.Plan {
.\gitmap\cmd\clonepick_picker.go|53|raw error return|func handleClonePickPickerError(plan clonepick.Plan, err error) {
.\gitmap\cmd\clonepmsync.go|89|bare bool return|func applyDebugPathsEnv(isOn bool) {
.\gitmap\cmd\clonepmsync.go|122|bare bool return|func syncClonedReposToVSCodePM(pairs []vscodepm.Pair, skip bool) {
.\gitmap\cmd\clonepmsync.go|154|bare bool return|func syncSingleClonedRepoToVSCodePM(absPath, repoName string, skip bool) {
.\gitmap\cmd\clonepretty.go|34|bare bool return|func SetCloneDryRun(on bool) { cloneDryRunFlag.Store(on) }
.\gitmap\cmd\clonepretty.go|39|bare bool return|func IsCloneDryRun() bool { return cloneDryRunFlag.Load() }
.\gitmap\cmd\clonepretty.go|43|bare bool return|func SetCloneAssumeYes(on bool) { isCloneAssumeYes.Store(on) }
.\gitmap\cmd\clonepretty.go|47|bare bool return|func SetCloneSpinnerOff(off bool) { cloneSpinnerOff.Store(off) }
.\gitmap\cmd\clonepretty.go|53|raw error return|func runCloneCommandPretty(url, dest string) error {
.\gitmap\cmd\clonepretty.go|105|raw error return|func printClonePrettyFailure(url, dest string, runErr error, elapsed time.Duration) {
.\gitmap\cmd\cloneprintargv.go|58|bare bool return|func setCmdPrintArgv(on bool) { cmdPrintArgv = on }
.\gitmap\cmd\cloneprintargv.go|63|bare bool return|func cmdPrintArgvEnabled() bool { return cmdPrintArgv }
.\gitmap\cmd\cloneprintargv.go|72|raw error return|func printCloneArgv(w io.Writer, executorArgv []string) error {
.\gitmap\cmd\clonereplace.go|24|raw error return|func cloneReplacing(url, target string) (cloneReplaceResult, error) {
.\gitmap\cmd\clonereplace.go|53|raw error return|func cloneViaTempSwap(url, target string) (cloneReplaceResult, error) {
.\gitmap\cmd\clonereplace.go|64|fmt.Errorf|return res, fmt.Errorf("git clone into temp failed: %w", err)
.\gitmap\cmd\clonereplace.go|69|fmt.Errorf|return res, fmt.Errorf("could not empty target: %w", err)
.\gitmap\cmd\clonereplace.go|73|fmt.Errorf|return res, fmt.Errorf("swap failed: %w", err)
.\gitmap\cmd\clonereplace.go|88|raw error return|func runCloneCommand(url, dest string) error {
.\gitmap\cmd\clonereplace.go|94|raw error return|func emptyDirContents(dir string) error {
.\gitmap\cmd\clonereplace.go|97|fmt.Errorf|return fmt.Errorf("read dir: %w", err)
.\gitmap\cmd\clonereplace.go|114|fmt.Errorf|return fmt.Errorf("%d entries could not be removed (e.g. %s)", len(failures), failures[0])
.\gitmap\cmd\clonereplace.go|121|raw error return|func moveDirContents(src, dst string) error {
.\gitmap\cmd\clonereplace.go|124|fmt.Errorf|return fmt.Errorf("read src: %w", err)
.\gitmap\cmd\clonereplace.go|134|fmt.Errorf|return fmt.Errorf("rename %s -> %s: %w", from, to, mvErr)
.\gitmap\cmd\clonereplace.go|151|raw error return|func handleFreeTarget(url, target string) (cloneReplaceResult, error) {
.\gitmap\cmd\clonereplace.go|160|raw error return|func handleStrategy1(url, target string) (cloneReplaceResult, error) {
.\gitmap\cmd\clonespinner.go|67|bare bool return|func isStderrInteractive() bool {
.\gitmap\cmd\clonestream_integration_test.go|134|swallowed error|_ = errW.Close()
.\gitmap\cmd\clonestream_integration_test.go|171|bare bool return|func setCloneStreamFlags(verify, argv bool) (bool, bool) {
.\gitmap\cmd\clonestream_integration_test.go|183|bare bool return|func resetCloneStreamFlags(prev0, prev1 bool) {
.\gitmap\cmd\clonetermverify.go|64|bare bool return|func (r CmdFaithfulReport) HasMismatch() bool {
.\gitmap\cmd\clonetermverify.go|158|raw error return|func PrintCmdFaithfulReport(w io.Writer, r CmdFaithfulReport) error {
.\gitmap\cmd\clonetermverifystate.go|64|bare bool return|func setCmdFaithfulVerify(on bool) { cmdFaithfulVerify.Store(on) }
.\gitmap\cmd\clonetermverifystate.go|70|bare bool return|func setCmdFaithfulExitOnMismatch(on bool) {
.\gitmap\cmd\clonetermverifystate.go|80|bare bool return|func cmdFaithfulVerifyEnabled() bool { return cmdFaithfulVerify.Load() }
.\gitmap\cmd\clonetermverifystate.go|84|bare bool return|func cmdFaithfulExitOnMismatchEnabled() bool { return cmdFaithfulExitOnMismatch.Load() }
.\gitmap\cmd\clonetermverifystate.go|88|bare bool return|func cmdFaithfulHadMismatchSet() bool { return cmdFaithfulHadMismatch.Load() }
.\gitmap\cmd\clonetermverifytestbanner.go|35|raw error return|func PrintCmdFaithfulReportForTest(w io.Writer, r CmdFaithfulReport) error {
.\gitmap\cmd\cloneurlconvert.go|23|bare bool return|func ConvertURLToSSH(url string) (string, bool) {
.\gitmap\cmd\cloneurlconvert.go|54|bare bool return|func ConvertURLToHTTPS(url string) (string, bool) {
.\gitmap\cmd\cloneurlconvert.go|92|bare bool return|func httpsToSSHShorthand(httpsURL string) (string, bool) {
.\gitmap\cmd\cloneurlconvert.go|112|bare bool return|func shorthandToHTTPS(shorthand string) (string, bool) {
.\gitmap\cmd\cloneurlconvert.go|132|bare bool return|func sshSchemeToShorthand(sshURL string) (string, bool) {
.\gitmap\cmd\cloneurlconvert.go|161|bare bool return|func sshSchemeToHTTPS(sshURL string) (string, bool) {
.\gitmap\cmd\clonevscode.go|14|bare bool return|func isVSCodeAvailable() bool {
.\gitmap\cmd\clonevscode.go|53|bare bool return|func tryVSCodeCLI(absPath string) bool {
.\gitmap\cmd\clonevscode.go|62|bare bool return|func tryVSCodeReuse(absPath string) bool {
.\gitmap\cmd\clonevscode.go|69|bare bool return|func tryVSCodeNewWindow(absPath string) bool {
.\gitmap\cmd\clonevscode.go|77|bare bool return|func tryVSCodeDetached(absPath string) bool {
.\gitmap\cmd\clonevscode.go|104|raw error return|func runVSCodeCommand(bin string, args ...string) error {
.\gitmap\cmd\clonevscode.go|116|fmt.Errorf|return fmt.Errorf("%w: %s", err, trimmed)
.\gitmap\cmd\clonevscode.go|170|bare bool return|func isExistingFile(path string) bool {
.\gitmap\cmd\clone_idempotent_test.go|59|raw error return|func setupExistingClonedFolder(dir string) error {
.\gitmap\cmd\clone_ssh_hostkey.go|10|bare bool return|func applyCloneAssumeYesEnv(isAssumeYes bool) {
.\gitmap\cmd\clone_ssh_hostkey.go|52|bare bool return|func isSSHCloneURL(url string) bool {
.\gitmap\cmd\clone_ssh_hostkey_log.go|10|raw error return|func fmtCloneEnvError(err error) {
.\gitmap\cmd\clusterflags.go|32|raw error return|func (s *stringSliceFlag) Set(value string) error {
.\gitmap\cmd\clusterflags.go|47|raw error return|func (s *intSliceFlag) Set(value string) error {
.\gitmap\cmd\clusterflags.go|75|bare bool return|func isClusterFlag(s string) bool {
.\gitmap\cmd\clusterflags.go|79|bare bool return|func needsClusterValue(token string) bool {
.\gitmap\cmd\clusterflags.go|100|raw error return|func validateClusterFilter(opts ClusterFlags) error {
.\gitmap\cmd\clusterflags.go|109|raw error return|func parseClusterFlagSet(args []string, opts *ClusterFlags) ([]string, error) {
.\gitmap\cmd\clusterflags.go|123|raw error return|func ParseClusterFlags(args []string) (ClusterFlags, []string, error) {
.\gitmap\cmd\clustersubcmd.go|11|raw error return|func ParseSubCommands(tokens []string) ([]cluster.ClusterSubCommand, error) {
.\gitmap\cmd\clustersubcmd.go|35|fmt.Errorf|return fmt.Errorf("missing git sub-command")
.\gitmap\cmd\clustersubcmd.go|38|fmt.Errorf|return fmt.Errorf("missing proj sub-command")
.\gitmap\cmd\clustersubcmd.go|53|fmt.Errorf|return fmt.Errorf("unknown git sub-command: %s", subToken)
.\gitmap\cmd\clustersubcmd.go|64|fmt.Errorf|return fmt.Errorf("unknown proj sub-command: %s", subToken)
.\gitmap\cmd\clustersubcmd.go|82|fmt.Errorf|return fmt.Errorf("unknown sub-command token: %s", cmdToken)
.\gitmap\cmd\cluster_h_stubs.go|10|bare bool return|func runClusterUpdate(selector cluster.TargetSelectorType, isAll bool, args []string)   {}
.\gitmap\cmd\cluster_ops.go|302|bare bool return|func parseClusterConfirmArgs(args []string) (string, bool) {
.\gitmap\cmd\cluster_ops.go|330|bare bool return|func hasClusterJSONFlag(args []string) bool {
.\gitmap\cmd\cluster_ops.go|355|bare bool return|func displayClusterNodes(nodes []db.ClusterNode, asJson bool) {
.\gitmap\cmd\cluster_ops.go|421|bare bool return|func parseClusterAuditCleanArgs(args []string) (string, bool) {
.\gitmap\cmd\cmdconstants_unique_helpers_test.go|113|bare bool return|func commentGroupHas(cg *ast.CommentGroup, needle string) bool {
.\gitmap\cmd\cmdconstants_unique_helpers_test.go|160|bare bool return|func hasDistinctNames(occ []cmdConstantOccurrence) bool {
.\gitmap\cmd\code.go|77|raw error return|func resolveCodeRootPath(pathArg string) (string, error) {
.\gitmap\cmd\code.go|88|fmt.Errorf|return "", fmt.Errorf("cannot determine current directory: %w", err)
.\gitmap\cmd\code.go|96|raw error return|func absoluteExisting(p string) (string, error) {
.\gitmap\cmd\code.go|99|fmt.Errorf|return "", fmt.Errorf("cannot resolve absolute path %q: %w", p, err)
.\gitmap\cmd\code.go|103|fmt.Errorf|return "", fmt.Errorf("path does not exist: %s", abs)
.\gitmap\cmd\code.go|233|raw error return|func openCodeDB() (*store.DB, error) {
.\gitmap\cmd\code.go|236|fmt.Errorf|return nil, fmt.Errorf(constants.MsgDBUpsertFailed, err)
.\gitmap\cmd\code.go|242|fmt.Errorf|return nil, fmt.Errorf(constants.MsgDBUpsertFailed, err)
.\gitmap\cmd\codingguidelines.go|42|raw error return|func RunCodingGuidelinesInstall(opts CodingGuidelinesOpts) error {
.\gitmap\cmd\codingguidelines.go|74|raw error return|func dispatchCGWindows(opts CodingGuidelinesOpts) error {
.\gitmap\cmd\codingguidelines.go|89|raw error return|func dispatchCGUnix(opts CodingGuidelinesOpts, hasCustomRunner bool) error {
.\gitmap\cmd\codingguidelines.go|89|bare bool return|func dispatchCGUnix(opts CodingGuidelinesOpts, hasCustomRunner bool) error {
.\gitmap\cmd\codingguidelines.go|110|raw error return|func buildCGUnixCommand(opts CodingGuidelinesOpts, url string, hasCustomRunner bool) (*exec.Cmd, func(), error) {
.\gitmap\cmd\codingguidelines.go|110|bare bool return|func buildCGUnixCommand(opts CodingGuidelinesOpts, url string, hasCustomRunner bool) (*exec.Cmd, func(), error) {
.\gitmap\cmd\codingguidelines.go|122|raw error return|func writeCGCompatScript(url string) (string, func(), error) {
.\gitmap\cmd\codingguidelines.go|135|raw error return|func downloadCGScript(url, path string) error {
.\gitmap\cmd\codingguidelines.go|140|raw error return|func patchCGScriptFile(path string) error {
.\gitmap\cmd\codingguidelines.go|158|raw error return|func runCGInstaller(cmd *exec.Cmd, opts CodingGuidelinesOpts, goos, url string) error {
.\gitmap\cmd\codingguidelines.go|165|fmt.Errorf|return fmt.Errorf("coding-guidelines install (%s, %s): %w", goos, url, err)
.\gitmap\cmd\codingguidelines_commit.go|41|raw error return|func CommitCodingGuidelines(opts CGCommitOpts) error {
.\gitmap\cmd\codingguidelines_commit.go|78|raw error return|func runGitStep(opts CGCommitOpts, args ...string) error {
.\gitmap\cmd\codingguidelines_commit.go|89|raw error return|func hasStagedChanges(opts CGCommitOpts) (bool, error) {
.\gitmap\cmd\codingguidelines_commit.go|89|bare bool return|func hasStagedChanges(opts CGCommitOpts) (bool, error) {
.\gitmap\cmd\codingguidelines_commit.go|100|raw error return|func commitAndMaybePush(opts CGCommitOpts) error {
.\gitmap\cmd\codingguidelines_commit.go|127|bare bool return|func detectUpstream(opts CGCommitOpts) (string, bool) {
.\gitmap\cmd\codingguidelines_commit.go|147|bare bool return|func emitCGSkipNotes(opts CGCommitOpts, noCommit, noPush bool) {
.\gitmap\cmd\codingguidelines_test.go|51|raw error return|func assertCGMissingShell(t *testing.T, err error, stderr string) {
.\gitmap\cmd\codingguidelines_test.go|81|raw error return|func assertCGErrorAndBanner(t *testing.T, err error, stderr string) {
.\gitmap\cmd\committransfer.go|63|raw error return|func dispatchDirection(name, leftDir, rightDir string, opts committransfer.Options) error {
.\gitmap\cmd\committransfer.go|189|bare bool return|func commitTransferSpecFor(command string) (commitTransferSpec, bool) {
.\gitmap\cmd\commons.go|40|bare bool return|func dispatchCommons(command string) bool {
.\gitmap\cmd\completion.go|26|bare bool return|func hasListFlag(args []string) bool {
.\gitmap\cmd\csvcrlf_contract_test.go|106|bare bool return|func hasBareLF(s string) bool {
.\gitmap\cmd\dashboard.go|83|bare bool return|func parseDashboardFlags(args []string) (dashboard.CollectOptions, string, bool) {
.\gitmap\cmd\dbmigrate.go|38|bare bool return|func parseDBMigrateFlags(args []string) bool {
.\gitmap\cmd\dbmigrate.go|54|bare bool return|func printDBMigrateSummary(verbose bool) {
.\gitmap\cmd\dbreset.go|26|bare bool return|func parseDBResetFlags(args []string) bool {
.\gitmap\cmd\dedupe.go|51|bare bool return|func headTreeSHA(dir string) (string, bool) {
.\gitmap\cmd\diff.go|81|raw error return|func guardDiffPaths(left, right diff.Endpoint) error {
.\gitmap\cmd\diff.go|85|fmt.Errorf|return fmt.Errorf(constants.ErrDiffSameFolder, lAbs)
.\gitmap\cmd\diffprofiles.go|34|bare bool return|func parseDPFlags(args []string) (string, string, bool, bool) {
.\gitmap\cmd\diffprofilesops.go|130|bare bool return|func printDPSame(repos []model.ScanRecord, showAll bool) {
.\gitmap\cmd\diffprofilesrender.go|49|raw error return|func encodeDiffProfilesJSON(w io.Writer, profileA, profileB string, result dpResult) error {
.\gitmap\cmd\diffprofilesrender.go|77|raw error return|func renderDPRepoSummariesRaw(records []model.ScanRecord) (json.RawMessage, error) {
.\gitmap\cmd\diffprofilesrender.go|96|raw error return|func renderDPDiffsRaw(diffs []dpDiff) (json.RawMessage, error) {
.\gitmap\cmd\dispatchcommittransfer.go|11|bare bool return|func dispatchCommitTransfer(command string) bool {
.\gitmap\cmd\dispatchdiff.go|12|bare bool return|func dispatchDiff(command string) bool {
.\gitmap\cmd\dispatchmovemerge.go|14|bare bool return|func dispatchMoveMerge(command string) bool {
.\gitmap\cmd\dispatchmovemerge.go|30|bare bool return|func mergeSpecFor(command string) (mergeSpec, bool) {
.\gitmap\cmd\doctor.go|133|bare bool return|func locateChromeBinary() (string, bool) {
.\gitmap\cmd\doctor.go|157|bare bool return|func emitDoctorLine(w io.Writer, c DoctorCheck, ok bool, detail string) {
.\gitmap\cmd\doctorchecks.go|84|raw error return|func readPowershellJSON() ([]byte, error) {
.\gitmap\cmd\doctorchecks.go|210|bare bool return|func resolveSignaturePath() (string, bool) {
.\gitmap\cmd\doctordupbin.go|75|bare bool return|func parseCleanLine(line string, seen map[string]struct{}) (string, bool) {
.\gitmap\cmd\doctorfixpath.go|126|raw error return|func resolveDeployedBinary() (string, error) {
.\gitmap\cmd\doctorfixpath.go|128|fmt.Errorf|return "", fmt.Errorf(constants.DoctorResolveNoRepo)
.\gitmap\cmd\doctorfixpath.go|134|fmt.Errorf|return "", fmt.Errorf(constants.DoctorResolveNoRead, err)
.\gitmap\cmd\doctorfixpath.go|141|raw error return|func resolveDeployedPath(data []byte) (string, error) {
.\gitmap\cmd\doctorfixpath.go|144|fmt.Errorf|return "", fmt.Errorf(constants.DoctorResolveNoDeploy)
.\gitmap\cmd\doctorfixpath.go|154|fmt.Errorf|return "", fmt.Errorf(constants.DoctorResolveNotFound, deployed)
.\gitmap\cmd\doctorsync.go|19|bare bool return|func tryCopyWithRetry(src, dst string, maxAttempts int, delay time.Duration) bool {
.\gitmap\cmd\doctorsync.go|35|bare bool return|func tryRenameFallback(src, dst string) bool {
.\gitmap\cmd\doctorsync.go|56|bare bool return|func tryKillAndCopy(src, dst string) bool {
.\gitmap\cmd\doctorsync.go|65|bare bool return|func tryKillWindows(src, dst string) bool {
.\gitmap\cmd\doctorsync.go|94|raw error return|func copyFileOverwrite(src, dst string) error {
.\gitmap\cmd\doctorsync.go|107|swallowed error|_, err = io.Copy(out, in)
.\gitmap\cmd\doctor_extra.go|91|bare bool return|func probeGitHubEndpoint(client *http.Client, url, token string) (bool, string) {
.\gitmap\cmd\doctor_run.go|89|bare bool return|func applyDoctorFix(c DoctorCheck, detail string) (bool, string) {
.\gitmap\cmd\dopendingretry.go|32|bare bool return|func isDeleteTaskType(typeName string) bool {
.\gitmap\cmd\dopendingretry.go|37|bare bool return|func isReplayableTaskType(typeName string) bool {
.\gitmap\cmd\dopendingretry.go|110|bare bool return|func pathExists(path string) bool {
.\gitmap\cmd\dopendingretry.go|117|raw error return|func formatPathError(path, operation string, err error) string {
.\gitmap\cmd\downloaderconfig.go|162|bare bool return|func promptBool(reader *bufio.Reader, label string, def bool) bool {
.\gitmap\cmd\envplatform_unix.go|15|bare bool return|func setEnvPersistent(name, value string, _ bool, shell string) {
.\gitmap\cmd\envplatform_unix.go|22|bare bool return|func deleteEnvPersistent(name string, _ bool, shell string) {
.\gitmap\cmd\envplatform_unix.go|28|bare bool return|func addPathPersistent(dir string, _ bool, shell string) {
.\gitmap\cmd\envplatform_unix.go|37|bare bool return|func removePathPersistent(dir string, _ bool, shell string) {
.\gitmap\cmd\envplatform_windows.go|15|bare bool return|func setEnvPersistent(name, value string, system bool, _ string) {
.\gitmap\cmd\envplatform_windows.go|21|bare bool return|func deleteEnvPersistent(name string, system bool, _ string) {
.\gitmap\cmd\envplatform_windows.go|27|bare bool return|func buildSetxArgs(name, value string, system bool) []string {
.\gitmap\cmd\envplatform_windows.go|51|bare bool return|func addPathPersistent(dir string, system bool, _ string) {
.\gitmap\cmd\envplatform_windows.go|59|bare bool return|func removePathPersistent(dir string, system bool, _ string) {
.\gitmap\cmd\escapecwd.go|22|raw error return|func escapeCwdIfInside(target string) (string, error) {
.\gitmap\cmd\escapecwd.go|34|raw error return|func escapeCwdToParent(cwd, target string) (string, error) {
.\gitmap\cmd\escapecwd.go|41|fmt.Errorf|return cwd, fmt.Errorf("escapeCwdIfInside: chdir %q: %w", parent, chErr)
.\gitmap\cmd\escapecwd.go|60|bare bool return|func isPathInside(child, parent string) bool {
.\gitmap\cmd\escapecwd_test.go|106|bare bool return|func sameCleanPath(left, right string) bool {
.\gitmap\cmd\exec.go|120|bare bool return|func parseExecFlags(args []string) (groupName string, all, stopOnFail bool, gitArgs []string) {
.\gitmap\cmd\exec.go|132|bare bool return|func loadExecByScope(groupName string, all bool) []model.ScanRecord {
.\gitmap\cmd\exec.go|163|raw error return|func loadExecRecords(path string) ([]model.ScanRecord, error) {
.\gitmap\cmd\execprint.go|13|bare bool return|func execInRepo(rec model.ScanRecord, gitArgs []string) bool {
.\gitmap\cmd\execprint.go|27|raw error return|func printExecResult(name, output string, err error) {
.\gitmap\cmd\exportrender.go|37|raw error return|func encodeDatabaseExportJSON(w io.Writer, e model.DatabaseExport) error {
.\gitmap\cmd\exportrender.go|76|raw error return|func renderExportArrayRaw(slice any) (json.RawMessage, error) {
.\gitmap\cmd\exportrender.go|92|bare bool return|func isEmptyExportSlice(slice any) bool {
.\gitmap\cmd\findnext.go|45|bare bool return|func emitFindNext(rows []model.FindNextRow, jsonOut bool) {
.\gitmap\cmd\findnextflags.go|27|raw error return|func parseFindNextFlags(args []string) (int64, bool, error) {
.\gitmap\cmd\findnextflags.go|27|bare bool return|func parseFindNextFlags(args []string) (int64, bool, error) {
.\gitmap\cmd\findnextflags.go|65|raw error return|func classifyEqualsForm(name, value string, curID int64, curJSON bool) (int, int64, bool, error) {
.\gitmap\cmd\findnextflags.go|65|bare bool return|func classifyEqualsForm(name, value string, curID int64, curJSON bool) (int, int64, bool, error) {
.\gitmap\cmd\findnextflags.go|68|fmt.Errorf|return 0, 0, false, fmt.Errorf(constants.ErrFindNextBoolTakesNoValueFmt,
.\gitmap\cmd\findnextflags.go|73|fmt.Errorf|return 0, 0, false, fmt.Errorf(constants.ErrFindNextBadIntFmt,
.\gitmap\cmd\findnextflags.go|85|raw error return|func classifyScanFolderSpaceForm(args []string, i int, curJSON bool) (int, int64, bool, error) {
.\gitmap\cmd\findnextflags.go|85|bare bool return|func classifyScanFolderSpaceForm(args []string, i int, curJSON bool) (int, int64, bool, error) {
.\gitmap\cmd\findnextflags.go|87|fmt.Errorf|return 0, 0, false, fmt.Errorf(constants.ErrFindNextMissingValueFmt,
.\gitmap\cmd\findnextflags.go|93|fmt.Errorf|return 0, 0, false, fmt.Errorf(constants.ErrFindNextBadIntFmt,
.\gitmap\cmd\findnextflags.go|104|raw error return|func unknownOrPositional(tok string) error {
.\gitmap\cmd\findnextflags.go|106|fmt.Errorf|return fmt.Errorf(constants.ErrFindNextUnexpectedArgFmt, tok)
.\gitmap\cmd\findnextflags.go|109|fmt.Errorf|return fmt.Errorf(constants.ErrFindNextUnknownFlagSuggestFmt, tok, guess)
.\gitmap\cmd\findnextflags.go|112|fmt.Errorf|return fmt.Errorf(constants.ErrFindNextUnknownFlagFmt, tok)
.\gitmap\cmd\findnextflags.go|120|bare bool return|func suggestFindNextFlag(tok string) (string, bool) {
.\gitmap\cmd\findnextrender.go|38|raw error return|func encodeFindNextJSON(w io.Writer, rows []model.FindNextRow) error {
.\gitmap\cmd\fixauth.go|57|bare bool return|func parseFixAuthFlags(args []string) (user, email string, assumeYes, force bool) {
.\gitmap\cmd\fixauth.go|102|bare bool return|func fixAuthGenerate(keyPath, email string, assumeYes, force bool) {
.\gitmap\cmd\fixauth.go|145|bare bool return|func confirmOverwrite(keyPath string) bool {
.\gitmap\cmd\fixrepo.go|140|bare bool return|func emitFixRepoSummary(scanned, changed, replacements int, isDryRun bool) {
.\gitmap\cmd\fixrepo_backup.go|119|raw error return|func copyFileForBackup(src, dst string) error {
.\gitmap\cmd\fixrepo_config.go|57|raw error return|func resolveFixRepoConfigPath(explicit, repoRoot string) (string, error) {
.\gitmap\cmd\fixrepo_config.go|71|raw error return|func resolveExplicitConfigPath(explicit string) (string, error) {
.\gitmap\cmd\fixrepo_config.go|74|fmt.Errorf|return "", fmt.Errorf("config file not found: %s", explicit)
.\gitmap\cmd\fixrepo_config.go|81|raw error return|func readFixRepoConfig(path string) (fixRepoConfig, error) {
.\gitmap\cmd\fixrepo_config.go|118|bare bool return|func isFixRepoIgnoredPath(relPath string) bool {
.\gitmap\cmd\fixrepo_flags.go|22|bare bool return|func isFixRepoSpanArg(a string) bool {
.\gitmap\cmd\fixrepo_flags.go|55|raw error return|func parseFixRepoArgs(args []string) (fixRepoOptions, error) {
.\gitmap\cmd\fixrepo_flags.go|131|raw error return|func finalizeFixRepoOpts(out fixRepoOptions, modes, unknown []string) (fixRepoOptions, error) {
.\gitmap\cmd\fixrepo_flags.go|133|fmt.Errorf|return out, fmt.Errorf("multiple mode flags: %s", strings.Join(modes, " "))
.\gitmap\cmd\fixrepo_flags.go|136|fmt.Errorf|return out, fmt.Errorf("unknown flag(s): %s\n%s", strings.Join(unknown, " "), fixRepoFlagHint())
.\gitmap\cmd\fixrepo_flags.go|146|bare bool return|func isFixRepoModeArg(a string) bool {
.\gitmap\cmd\fixrepo_flags.go|169|bare bool return|func isFixRepoDryRunArg(a string) bool {
.\gitmap\cmd\fixrepo_flags.go|176|bare bool return|func isFixRepoVerboseArg(a string) bool {
.\gitmap\cmd\fixrepo_flags.go|184|bare bool return|func isFixRepoStrictArg(a string) bool {
.\gitmap\cmd\fixrepo_flags.go|192|raw error return|func consumeFixRepoConfigArg(args []string, i int, out *fixRepoOptions) (int, bool, error) {
.\gitmap\cmd\fixrepo_flags.go|192|bare bool return|func consumeFixRepoConfigArg(args []string, i int, out *fixRepoOptions) (int, bool, error) {
.\gitmap\cmd\fixrepo_flags.go|225|raw error return|func consumeFixRepoRestrictArg(args []string, i int, out *fixRepoOptions) (int, bool, error) {
.\gitmap\cmd\fixrepo_flags.go|225|bare bool return|func consumeFixRepoRestrictArg(args []string, i int, out *fixRepoOptions) (int, bool, error) {
.\gitmap\cmd\fixrepo_flags.go|233|fmt.Errorf|return 0, true, fmt.Errorf("%s requires a value (no-version|nv)", a)
.\gitmap\cmd\fixrepo_flags.go|249|raw error return|func applyRestrictValue(out *fixRepoOptions, v string) error {
.\gitmap\cmd\fixrepo_flags.go|257|fmt.Errorf|return fmt.Errorf("unknown --restrict value %q (want: no-version|nv)", v)
.\gitmap\cmd\fixrepo_flags.go|267|raw error return|func consumeFixRepoGofmtMaxArg(args []string, i int, out *fixRepoOptions) (int, bool, error) {
.\gitmap\cmd\fixrepo_flags.go|267|bare bool return|func consumeFixRepoGofmtMaxArg(args []string, i int, out *fixRepoOptions) (int, bool, error) {
.\gitmap\cmd\fixrepo_flags.go|273|fmt.Errorf|return 0, true, fmt.Errorf("%s requires a positive integer", a)
.\gitmap\cmd\fixrepo_flags.go|286|raw error return|func applyGofmtMaxCmdLen(out *fixRepoOptions, v string) error {
.\gitmap\cmd\fixrepo_flags.go|289|fmt.Errorf|return fmt.Errorf("--%s: %q is not an integer", constants.FixRepoFlagGofmtMaxCmdLen, v)
.\gitmap\cmd\fixrepo_flags.go|292|fmt.Errorf|return fmt.Errorf("--%s: %d below floor %d",
.\gitmap\cmd\fixrepo_gofmt.go|53|bare bool return|func runFixRepoGofmt(goFiles []string, opts fixRepoOptions) bool {
.\gitmap\cmd\fixrepo_gofmt.go|78|bare bool return|func emitGofmtDryRunPreview(goFiles []string, opts fixRepoOptions) bool {
.\gitmap\cmd\fixrepo_gofmt.go|145|bare bool return|func invokeGofmt(goFiles []string, opts fixRepoOptions) bool {
.\gitmap\cmd\fixrepo_gofmt.go|218|bare bool return|func isGoSourceFile(rel string) bool {
.\gitmap\cmd\fixrepo_identity.go|87|bare bool return|func parseRemoteURL(url string) (string, string, string, bool) {
.\gitmap\cmd\fixrepo_identity.go|110|bare bool return|func matchSSHRemote(url string) (string, string, string, bool) {
.\gitmap\cmd\fixrepo_identity.go|120|bare bool return|func matchHTTPSRemote(url string) (string, string, string, bool) {
.\gitmap\cmd\fixrepo_identity.go|130|bare bool return|func matchSSHProtoRemote(url string) (string, string, string, bool) {
.\gitmap\cmd\fixrepo_rewrite.go|22|raw error return|func rewriteFixRepoFile(fullPath, base string, current int, targets []int, dryRun bool) (int, error) {
.\gitmap\cmd\fixrepo_rewrite.go|22|bare bool return|func rewriteFixRepoFile(fullPath, base string, current int, targets []int, dryRun bool) (int, error) {
.\gitmap\cmd\fixrepo_rewrite.go|27|raw error return|func rewriteFixRepoFileR(fullPath, base string, current int, targets []int, dryRun, restrictNoVersion bool) (int, error) {
.\gitmap\cmd\fixrepo_rewrite.go|27|bare bool return|func rewriteFixRepoFileR(fullPath, base string, current int, targets []int, dryRun, restrictNoVersion bool) (int, error) {
.\gitmap\cmd\fixrepo_rewrite.go|56|bare bool return|func applyAllTargetsR(text, base string, current int, targets []int, restrictNoVersion bool) (string, int) {
.\gitmap\cmd\fixrepo_rewrite.go|132|bare bool return|func isBareBaseBoundary(text string, start, end int) bool {
.\gitmap\cmd\fixrepo_rewrite.go|146|bare bool return|func isBareBaseWordByte(c byte) bool {
.\gitmap\cmd\fixrepo_rewrite.go|215|bare bool return|func isASCIIDigit(c byte) bool {
.\gitmap\cmd\fixrepo_rewrite_preview.go|55|bare bool return|func previewOneTarget(text, base string, n, current int, restrictNoVersion bool,
.\gitmap\cmd\fixrepo_scan.go|195|bare bool return|func isFixRepoScannable(fullPath string) bool {
.\gitmap\cmd\fixrepo_scan.go|210|bare bool return|func isFixRepoSkippablePath(fullPath string) bool {
.\gitmap\cmd\fixrepo_scan.go|226|bare bool return|func isFixRepoBinaryExt(fullPath string) bool {
.\gitmap\cmd\fixrepo_scan.go|236|bare bool return|func hasFixRepoNullByte(fullPath string) bool {
.\gitmap\cmd\fixrepo_strict.go|33|bare bool return|func runFixRepoStrict(repoRoot string, goFiles []string, opts fixRepoOptions) bool {
.\gitmap\cmd\fixrepo_strict.go|70|bare bool return|func invokeGoTest(repoRoot string, packages []string) bool {
.\gitmap\cmd\fixrepo_strict_packages.go|63|bare bool return|func goFileToPackagePattern(repoRoot, fullPath string) (string, bool) {
.\gitmap\cmd\githubdesktop.go|53|bare bool return|func isGitRepo(dir string) bool {
.\gitmap\cmd\glyphsflag.go|48|bare bool return|func matchGlyphsArg(a string, args []string, i int, short, long string) (val string, consumed int, matched bool) {
.\gitmap\cmd\gomod.go|136|bare bool return|func runGoModTidy(noTidy bool) {
.\gitmap\cmd\gomodbranch.go|93|bare bool return|func isWorkTreeDirty() bool {
.\gitmap\cmd\gomodbranch.go|137|raw error return|func goModTidy() error {
.\gitmap\cmd\gomodreplace.go|41|bare bool return|func replaceModulePath(oldPath, newPath string, verbose bool, exts []string) int {
.\gitmap\cmd\gomodreplace.go|107|bare bool return|func matchesGoModExt(path string, exts []string) bool {
.\gitmap\cmd\gomodreplace.go|146|bare bool return|func isGoModExcludedDir(name string) bool {
.\gitmap\cmd\gomodreplace.go|157|bare bool return|func fileContains(path, substr string) bool {
.\gitmap\cmd\group.go|80|bare bool return|func dispatchGroupScoped(sub string, args []string) bool {
.\gitmap\cmd\groupcreate.go|30|swallowed error|_, err = db.CreateGroup(name, desc, color)
.\gitmap\cmd\hasanyupdates.go|37|bare bool return|func isInsideGitRepo() bool {
.\gitmap\cmd\hasanyupdates.go|56|bare bool return|func hauAheadBehind() (int, int, bool) {
.\gitmap\cmd\haschange.go|52|bare bool return|func parseHasChangeFlags(args []string) (alias, mode string, all, fetch bool) {
.\gitmap\cmd\haschange.go|98|bare bool return|func boolStr(b bool) string {
.\gitmap\cmd\haschange.go|109|bare bool return|func readAheadBehind(target string) (int, int, bool) {
.\gitmap\cmd\helpcheck.go|31|bare bool return|func hasHelpFlag(args []string) bool {
.\gitmap\cmd\helpdashboard.go|46|swallowed error|_, err = os.Stat(docsDir)
.\gitmap\cmd\helpdashboard.go|66|raw error return|func ensureDocsSite(binaryDir, docsDir string) error {
.\gitmap\cmd\helpdashboard_download.go|33|raw error return|func downloadDocsSiteArchive(destPath string) (string, int64, error) {
.\gitmap\cmd\helpdashboard_download.go|53|fmt.Errorf|return "", 0, fmt.Errorf("tried %d source(s): %w", len(sources), lastErr)
.\gitmap\cmd\helpdashboard_download.go|57|raw error return|func fetchToFile(client *http.Client, url, destPath string) (int64, error) {
.\gitmap\cmd\helpdashboard_download.go|60|fmt.Errorf|return 0, fmt.Errorf("build request: %w", err)
.\gitmap\cmd\helpdashboard_download.go|65|fmt.Errorf|return 0, fmt.Errorf("http get: %w", err)
.\gitmap\cmd\helpdashboard_download.go|70|fmt.Errorf|return 0, fmt.Errorf("http %d", resp.StatusCode)
.\gitmap\cmd\helpdashboard_download.go|75|fmt.Errorf|return 0, fmt.Errorf("create file: %w", err)
.\gitmap\cmd\helpdashboard_download.go|81|fmt.Errorf|return n, fmt.Errorf("download body: %w", err)
.\gitmap\cmd\helpdashboard_download.go|85|fmt.Errorf|return 0, fmt.Errorf("empty response body")
.\gitmap\cmd\helpdashboard_extract.go|17|raw error return|func extractDocsSiteZip(zipPath, targetDir string) error {
.\gitmap\cmd\helpdashboard_extract.go|20|fmt.Errorf|return fmt.Errorf("open zip: %w", err)
.\gitmap\cmd\helpdashboard_extract.go|26|fmt.Errorf|return fmt.Errorf("resolve target dir: %w", err)
.\gitmap\cmd\helpdashboard_extract.go|39|fmt.Errorf|return fmt.Errorf("archive exceeds maximum extraction size (%d bytes)", maxDocsSiteSize)
.\gitmap\cmd\helpdashboard_extract.go|48|raw error return|func extractDocsZipEntry(f *zip.File, absTarget string, totalSize int64) (int64, error) {
.\gitmap\cmd\helpdashboard_extract.go|52|fmt.Errorf|return 0, fmt.Errorf("illegal file path in zip: %s", f.Name)
.\gitmap\cmd\helpdashboard_extract.go|60|fmt.Errorf|return 0, fmt.Errorf("create parent dir: %w", mkErr)
.\gitmap\cmd\helpdashboard_extract.go|65|fmt.Errorf|return 0, fmt.Errorf("open entry %s: %w", f.Name, openErr)
.\gitmap\cmd\helpdashboard_extract.go|71|fmt.Errorf|return 0, fmt.Errorf("create file %s: %w", absDestPath, createErr)
.\gitmap\cmd\helpdashboard_extract.go|78|fmt.Errorf|return written, fmt.Errorf("write file %s: %w", absDestPath, copyErr)
.\gitmap\cmd\helpdashboard_extract.go|85|raw error return|func handleExtractDir(absDestPath string) (int64, error) {
.\gitmap\cmd\helpdashboard_extract.go|88|fmt.Errorf|return 0, fmt.Errorf("create dir %s: %w", absDestPath, mkErr)
.\gitmap\cmd\history.go|32|bare bool return|func parseHistoryFlags(args []string) (string, string, int, bool) {
.\gitmap\cmd\history.go|59|raw error return|func queryHistoryRecords(db *store.DB, cmdFilter string) ([]model.CommandHistoryRecord, error) {
.\gitmap\cmd\history.go|67|raw error return|func handleHistoryError(err error) {
.\gitmap\cmd\history.go|271|bare bool return|func parseHistoryTime(s string) (time.Time, bool) {
.\gitmap\cmd\historyrender.go|38|raw error return|func encodeHistoryJSON(w io.Writer, records []model.CommandHistoryRecord) error {
.\gitmap\cmd\historyreset.go|26|bare bool return|func parseHistoryResetFlags(args []string) bool {
.\gitmap\cmd\historyrewrite_flags.go|114|bare bool return|func isHistoryStringFlag(tok string) bool {
.\gitmap\cmd\historyrewrite_pin.go|46|raw error return|func writeManifestFile(sandbox string, entries []pinManifestEntry) (string, error) {
.\gitmap\cmd\historyrewrite_pin.go|61|raw error return|func historicalBlobsOf(sandbox, path string) ([]string, error) {
.\gitmap\cmd\historyrewrite_pin.go|71|fmt.Errorf|return nil, fmt.Errorf("git log for %s: %w", path, err)
.\gitmap\cmd\historyrewrite_push.go|31|bare bool return|func confirmHistoryPush(sandbox, originURL string, opts historyOpts) bool {
.\gitmap\cmd\historyrewrite_sandbox.go|44|fmt.Errorf|fmt.Fprintf(os.Stderr, constants.HistoryErrNoOrigin, fmt.Errorf("empty origin URL"))
.\gitmap\cmd\historyrewrite_sandbox.go|199|raw error return|func exitCodeOf(err error) int {
.\gitmap\cmd\historyrewrite_verify.go|76|bare bool return|func hashPathAtCommit(sandbox, commit, path string) (string, bool) {
.\gitmap\cmd\hygiene_integration_test.go|20|bare bool return|func makeRepo(t *testing.T, dir string, uniqueBody bool) {
.\gitmap\cmd\hygiene_parallel.go|75|bare bool return|func mapReposParallel[T any](repos []string, fn func(string) (T, bool)) []T {
.\gitmap\cmd\hygiene_parallel.go|125|raw error return|func parseHygieneFormat(s string) (hygieneFormat, error) {
.\gitmap\cmd\hygiene_parallel.go|135|fmt.Errorf|return "", fmt.Errorf("invalid --format %q (want table|json|csv)", s)
.\gitmap\cmd\importcmd.go|28|bare bool return|func parseImportFlags(args []string) (string, bool) {
.\gitmap\cmd\inject.go|90|raw error return|func resolveInjectTarget(args []string) (string, error) {
.\gitmap\cmd\inject.go|98|fmt.Errorf|return "", fmt.Errorf("expected 0 or 1 folder argument, got %d", len(positional))
.\gitmap\cmd\inject.go|103|fmt.Errorf|return "", fmt.Errorf("folder not found or not a directory: %s", positional[0])
.\gitmap\cmd\inject_idempotency.go|21|bare bool return|func parseInjectForceFlag(name string, args []string) bool {
.\gitmap\cmd\inject_idempotency.go|72|bare bool return|func shouldRunDesktop(absPath string, ts store.InjectTimestamps, force bool) bool {
.\gitmap\cmd\inject_idempotency.go|87|bare bool return|func shouldRunVSCode(absPath string, ts store.InjectTimestamps, force bool) bool {
.\gitmap\cmd\install.go|23|bare bool return|func parseInstallFlags(args []string) (installOptions, bool) {
.\gitmap\cmd\install.go|115|bare bool return|func shouldProceedInstall(opts installOptions, installName string) bool {
.\gitmap\cmd\install.go|147|bare bool return|func alreadyInstalled(installName string) bool {
.\gitmap\cmd\install.go|168|bare bool return|func confirmInstallIfNeeded(opts installOptions, installName, manager string) bool {
.\gitmap\cmd\install.go|190|bare bool return|func confirmInstall(tool, version, manager string) bool {
.\gitmap\cmd\installcleancode.go|29|bare bool return|func isCleanCodeAlias(tool string) bool {
.\gitmap\cmd\installcleancode.go|73|raw error return|func resolvePowerShellBinaryWithLookPath(lookPath func(string) (string, error)) string {
.\gitmap\cmd\installctx.go|23|bare bool return|func setCtxExplainEnabled(on bool) {
.\gitmap\cmd\installctx.go|29|bare bool return|func isCtxExplainEnabled() bool {
.\gitmap\cmd\installctx.go|40|bare bool return|func runInstallCtx(explain bool) {
.\gitmap\cmd\installctxlinux.go|60|bare bool return|func installNautilus(flat []flatCtxEntry, exe string) bool {
.\gitmap\cmd\installctxlinux.go|83|bare bool return|func installDolphin(flat []flatCtxEntry, exe string) bool {
.\gitmap\cmd\installctxlinuxthunar.go|15|bare bool return|func installThunar(flat []flatCtxEntry, exe string) bool {
.\gitmap\cmd\installctxmac.go|63|raw error return|func macServicesDir() (string, error) {
.\gitmap\cmd\installctxmac.go|80|bare bool return|func writeMacWorkflow(dir string, e flatCtxEntry, exe string) bool {
.\gitmap\cmd\installctxmac.go|101|bare bool return|func writeFileCtx(path, body string) bool {
.\gitmap\cmd\installctx_argv_e2e_test.go|171|bare bool return|func winCmdsHaveExtended(cmds [][]string) bool {
.\gitmap\cmd\installctx_harness_test.go|93|bare bool return|func withExplain(t *testing.T, on bool, f func()) {
.\gitmap\cmd\installctx_harness_test.go|140|bare bool return|func containsAll(haystack string, needles []string) (string, bool) {
.\gitmap\cmd\installctx_icon_test.go|64|bare bool return|func ctxKeyHasOptedInIcon(key string) bool {
.\gitmap\cmd\installctx_linux_e2e_test.go|316|bare bool return|func checkExtendedGuardMatches(t *testing.T, leaf ctxFlatLeaf, body string, hasZenity bool) {
.\gitmap\cmd\installctx_windows_e2e_test.go|29|bare bool return|func winHasRootCascade(cmds [][]string, root, exe string) bool {
.\gitmap\cmd\installctx_windows_e2e_test.go|45|bare bool return|func winContainsCmd(cmds [][]string, want []string) bool {
.\gitmap\cmd\installdetect.go|68|bare bool return|func isCommandAvailable(name string) bool {
.\gitmap\cmd\installlist.go|122|bare bool return|func isBinaryInPath(tool string) bool {
.\gitmap\cmd\installnppextract.go|57|fmt.Errorf|fmt.Fprintf(os.Stderr, constants.ErrNppExtractEntry, file.Name, destPath, fmt.Errorf("path traversal detected"))
.\gitmap\cmd\installnppextract.go|103|swallowed error|_, err = io.Copy(dst, io.LimitReader(src, maxNppFileSize))
.\gitmap\cmd\installobs.go|239|raw error return|func copyDirRecursive(src, dst string) (int, error) {
.\gitmap\cmd\installscripts.go|35|raw error return|func cloneRepoToTemp() (string, error) {
.\gitmap\cmd\installscripts.go|55|bare bool return|func copySingleScript(s scriptSource, targetDir string) bool {
.\gitmap\cmd\installtools.go|38|bare bool return|func handleDryRunInstall(dryRun bool, manager string, installCmd []string) bool {
.\gitmap\cmd\installtools.go|81|bare bool return|func buildUnixInstallCommand(manager, tool, pkg, version string) ([]string, bool) {
.\gitmap\cmd\installtools.go|141|bare bool return|func isBrewCaskTool(tool string) bool {
.\gitmap\cmd\installtools.go|152|bare bool return|func runAptUpdate(verbose bool) {
.\gitmap\cmd\installtools.go|176|raw error return|func execInstallCommand(args []string, verbose bool) ([]byte, error) {
.\gitmap\cmd\installtools.go|176|bare bool return|func execInstallCommand(args []string, verbose bool) ([]byte, error) {
.\gitmap\cmd\installtools.go|186|raw error return|func handleInstallError(args []string, opts installOptions, output []byte, err error) {
.\gitmap\cmd\installtools.go|193|raw error return|func printInstallFailureDetails(tool, manager, version string, args []string, err error, logPath string) {
.\gitmap\cmd\installtools.go|210|raw error return|func writeInstallErrorLog(tool, manager, version string, args []string, output []byte, installErr error) string {
.\gitmap\cmd\installtools.go|225|raw error return|func buildInstallErrorLogContent(tool, manager, version string, args []string, output []byte, installErr error) string {
.\gitmap\cmd\installverify.go|14|bare bool return|func isGUITool(tool string) bool {
.\gitmap\cmd\install_unit_test.go|193|bare bool return|func containsToken(args []string, substr string) bool {
.\gitmap\cmd\jsoncontract_golden_determinism_test.go|51|raw error return|func assertGoldenBytesDeterministic(t *testing.T, name string, encode func() ([]byte, error)) {
.\gitmap\cmd\jsoncontract_helpers_test.go|111|raw error return|func skipUntilFirstObjectStart(dec *json.Decoder) error {
.\gitmap\cmd\jsonsnapshot_helpers_failuremsg_test.go|127|raw error return|func scanEveryObjectKeysPure(raw []byte) ([][]string, error) {
.\gitmap\cmd\jsonsnapshot_helpers_failuremsg_test.go|131|fmt.Errorf|return nil, fmt.Errorf("expected top-level array: %w", err)
.\gitmap\cmd\jsonsnapshot_helpers_failuremsg_test.go|137|fmt.Errorf|return nil, fmt.Errorf("expected object at index %d: %w", len(out), err)
.\gitmap\cmd\jsonsnapshot_helpers_failuremsg_test.go|152|raw error return|func pureCollectObjectKeys(dec *json.Decoder, objIdx int) ([]string, error) {
.\gitmap\cmd\jsonsnapshot_helpers_failuremsg_test.go|158|fmt.Errorf|return nil, fmt.Errorf("reading object[%d] key: %w", objIdx, err)
.\gitmap\cmd\jsonsnapshot_helpers_failuremsg_test.go|163|fmt.Errorf|return nil, fmt.Errorf("object[%d] expected string key, got %v (%T)", objIdx, tok, tok)
.\gitmap\cmd\jsonsnapshot_helpers_failuremsg_test.go|169|fmt.Errorf|return nil, fmt.Errorf("object[%d] skipping value for key %q: %w", objIdx, key, err)
.\gitmap\cmd\jsonsnapshot_helpers_failuremsg_test.go|174|fmt.Errorf|return nil, fmt.Errorf("object[%d] expected closing '}': %w", objIdx, err)
.\gitmap\cmd\jsonsnapshot_helpers_failuremsg_test.go|184|raw error return|func assertErrorContainsAll(t *testing.T, err error, wantSubstrs []string) {
.\gitmap\cmd\jsonsnapshot_helpers_test.go|80|raw error return|func expectDelim(dec *json.Decoder, want byte) error {
.\gitmap\cmd\jsonsnapshot_helpers_test.go|89|fmt.Errorf|return fmt.Errorf("want delim %q, got %v (%T)", want, tok, tok)
.\gitmap\cmd\jsonsnapshot_helpers_test.go|126|bare bool return|func equalStringSlices(a, b []string) bool {
.\gitmap\cmd\latestbranch.go|163|bare bool return|func resolveLatestBranchConfig(fs *flag.FlagSet, cfg latestBranchConfig, allRemotes, noFetch, jsonOut bool) latestBranchConfig {
.\gitmap\cmd\latestbranchrender.go|71|raw error return|func renderLatestBranchTopRaw(items []gitutil.RemoteBranchInfo, top int) (json.RawMessage, error) {
.\gitmap\cmd\latestbranchresolve.go|47|bare bool return|func resolveBranchNames(sha, remote string, containsFallback bool) []string {
.\gitmap\cmd\lfscommon.go|98|bare bool return|func insideGitRepo() bool {
.\gitmap\cmd\lfscommon.go|109|bare bool return|func lfsAvailable() bool {
.\gitmap\cmd\lfscommon.go|117|raw error return|func runGitLFSInstall() error {
.\gitmap\cmd\lfscommon.go|121|fmt.Errorf|return fmt.Errorf("%w: %s", err, strings.TrimSpace(string(out)))
.\gitmap\cmd\lfscommon.go|161|raw error return|func trackOnePattern(pattern string) error {
.\gitmap\cmd\lfscommon.go|165|fmt.Errorf|return fmt.Errorf("%w: %s", err, strings.TrimSpace(string(out)))
.\gitmap\cmd\lfscommon.go|207|bare bool return|func printLFSCommonBanner(dryRun bool) {
.\gitmap\cmd\list.go|63|bare bool return|func isListTypeOrGroups(arg string) bool {
.\gitmap\cmd\list.go|87|bare bool return|func parseListFlags(args []string) (group string, verbose bool) {
.\gitmap\cmd\list.go|97|raw error return|func loadListRecords(db *store.DB, group string) ([]model.ScanRecord, error) {
.\gitmap\cmd\list.go|106|bare bool return|func printListOutput(records []model.ScanRecord, verbose bool) {
.\gitmap\cmd\list.go|123|bare bool return|func printListRow(r model.ScanRecord, verbose bool) {
.\gitmap\cmd\list.go|133|raw error return|func openDB() (*store.DB, error) {
.\gitmap\cmd\listreleases.go|67|bare bool return|func hasListReleasesJSONFlag(args []string) bool {
.\gitmap\cmd\listreleasesallrepos.go|14|bare bool return|func runListReleasesAllRepos(asJSON bool, limit int) {
.\gitmap\cmd\listreleasesallrepos.go|92|bare bool return|func hasAllReposFlag(args []string) bool {
.\gitmap\cmd\listreleasesrender.go|79|raw error return|func encodeListReleasesJSON(w io.Writer, records []model.ReleaseRecord) error {
.\gitmap\cmd\listreleasesrender.go|114|raw error return|func encodeListReleasesAllReposJSON(w io.Writer, records []store.ReleaseAcrossRepos) error {
.\gitmap\cmd\listreleases_jsonschema_contract_test.go|212|raw error return|func jsonMarshalIndentForTest(v any) ([]byte, error) {
.\gitmap\cmd\listversions.go|64|bare bool return|func hasListVersionsJSONFlag(args []string) bool {
.\gitmap\cmd\listversionsrender.go|28|raw error return|func encodeListVersionsJSON(w io.Writer, entries []versionEntry) error {
.\gitmap\cmd\llmdocs.go|21|raw error return|func parseLLMDocsFlags(args []string) (llmDocsOptions, error) {
.\gitmap\cmd\llmdocs.go|30|fmt.Errorf|return llmDocsOptions{}, fmt.Errorf(constants.ErrLLMDocsFormat, *format)
.\gitmap\cmd\llmdocs.go|108|bare bool return|func wantSection(set map[string]bool, name string) bool {
.\gitmap\cmd\llmdocsrender.go|55|raw error return|func encodeLLMDocsJSON(w io.Writer, sections map[string]bool) error {
.\gitmap\cmd\llmdocsrender.go|98|raw error return|func renderLLMDocsCommandsRaw() (json.RawMessage, error) {
.\gitmap\cmd\llmdocsrender.go|108|raw error return|func renderCommandsRawIfWanted(sections map[string]bool) (json.RawMessage, error) {
.\gitmap\cmd\llmdocsrender.go|134|raw error return|func renderLLMDocsGroupCommandsRaw(commands []llmCmdEntry) (json.RawMessage, error) {
.\gitmap\cmd\move.go|26|bare bool return|func handleRepoMove(srcTarget, destTarget string, opts moveOpts) bool {
.\gitmap\cmd\move.go|39|bare bool return|func prepareRepoMove(db *store.DB, src, dest string) (*model.ScanRecord, string, bool) {
.\gitmap\cmd\move.go|51|bare bool return|func executeRepoMove(db *store.DB, rec model.ScanRecord, destPath string, opts moveOpts) bool {
.\gitmap\cmd\move.go|136|bare bool return|func mustResolve(raw string, isLeft bool, opts movemerge.Options) movemerge.Endpoint {
.\gitmap\cmd\mv_db.go|7|raw error return|func updateRepoInDB(db *store.DB, repoID int64, newPath, newName string) error {
.\gitmap\cmd\mv_preflight.go|10|raw error return|func calculateDestPath(srcPath, destTarget string) (string, error) {
.\gitmap\cmd\mv_preflight.go|31|raw error return|func preflightMove(srcPath, destPath string) error {
.\gitmap\cmd\mv_preflight.go|33|fmt.Errorf|return fmt.Errorf("source directory %q does not exist", srcPath)
.\gitmap\cmd\mv_preflight.go|36|fmt.Errorf|return fmt.Errorf("source and destination are identical")
.\gitmap\cmd\mv_preflight.go|39|fmt.Errorf|return fmt.Errorf("destination %q already exists", destPath)
.\gitmap\cmd\mv_preflight.go|42|fmt.Errorf|return fmt.Errorf("cannot move repository into its own subdirectory")
.\gitmap\cmd\mv_prompt.go|17|bare bool return|func confirmMovePrompt(slug, src, dest string) bool {
.\gitmap\cmd\open.go|64|raw error return|func resolveOpenTarget() (string, error) {
.\gitmap\cmd\orphans.go|102|bare bool return|func originURL(dir string) (string, bool) {
.\gitmap\cmd\orphans.go|158|bare bool return|func confirmYesNo(prompt string) bool {
.\gitmap\cmd\pendingclear.go|32|bare bool return|func mustParsePendingClearArgs(args []string) (string, bool, bool, int64) {
.\gitmap\cmd\pendingclear.go|65|bare bool return|func executePendingClear(db *store.DB, candidates []pendingClearCandidate, dryRun, yes bool) {
.\gitmap\cmd\pendingclear.go|105|raw error return|func parsePendingClearID(a string) (int64, error) {
.\gitmap\cmd\pendingclear.go|109|fmt.Errorf|return 0, fmt.Errorf(constants.ErrPendingClearUnknownMode, a)
.\gitmap\cmd\pendingclear.go|112|fmt.Errorf|return 0, fmt.Errorf(constants.ErrPendingClearBadID, a)
.\gitmap\cmd\pendingclear.go|119|raw error return|func applyPendingClearIDArg(a string, mode *string, idMatch *int64) error {
.\gitmap\cmd\pendingclear.go|131|bare bool return|func applyPendingClearFlag(a string, dryRun, yes *bool) bool {
.\gitmap\cmd\pendingclear.go|145|raw error return|func applyPendingClearArg(a string, mode *string, dryRun, yes *bool, idMatch *int64) error {
.\gitmap\cmd\pendingclear.go|160|raw error return|func parsePendingClearArgs(args []string) (string, bool, bool, int64, error) {
.\gitmap\cmd\pendingclear.go|160|bare bool return|func parsePendingClearArgs(args []string) (string, bool, bool, int64, error) {
.\gitmap\cmd\pendingclear.go|191|bare bool return|func classifyIllegalTask(path string) (string, bool) {
.\gitmap\cmd\pendingclear.go|203|bare bool return|func classifyIDTask(taskID, targetID int64) (string, bool) {
.\gitmap\cmd\pendingclear.go|212|bare bool return|func classifyOrphanTask(path string) (string, bool) {
.\gitmap\cmd\pendingclear.go|238|bare bool return|func hasSchemePrefix(lower string) bool {
.\gitmap\cmd\pendingclear.go|252|bare bool return|func isURLShapedTarget(path string) bool {
.\gitmap\cmd\pendingclear.go|267|bare bool return|func hasIllegalPathChar(path string) bool {
.\gitmap\cmd\pendingclear.go|285|bare bool return|func isOrphanTarget(path string) bool {
.\gitmap\cmd\pendingclear.go|300|bare bool return|func confirmPendingClear(count int) bool {
.\gitmap\cmd\pendingclear.go|309|bare bool return|func deleteSinglePendingClearCandidate(db *store.DB, c pendingClearCandidate) bool {
.\gitmap\cmd\prettyflag.go|63|bare bool return|func applyPrettyToken(token, value string, hasValue bool, mode render.PrettyModeType, out *[]string, arg string) render.PrettyModeType {
.\gitmap\cmd\prettyflag.go|79|bare bool return|func splitPrettyToken(arg string) (token, value string, hasValue bool) {
.\gitmap\cmd\prettyflag.go|95|bare bool return|func hasPrettyPrefix(arg string) bool {
.\gitmap\cmd\prettyflag.go|109|bare bool return|func resolvePositivePretty(value string, hasValue bool, current render.PrettyModeType, out *[]string, original string) render.PrettyModeType {
.\gitmap\cmd\probe.go|65|bare bool return|func emitProbeEmpty(jsonOut bool) {
.\gitmap\cmd\probe.go|74|raw error return|func resolveProbeTargets(db *store.DB, args []string) ([]model.ScanRecord, error) {
.\gitmap\cmd\probe.go|81|fmt.Errorf|return nil, fmt.Errorf(constants.ErrSFAbsResolve, args[0], err)
.\gitmap\cmd\probe.go|89|fmt.Errorf|return nil, fmt.Errorf(constants.ErrProbeNoRepo, absPath)
.\gitmap\cmd\probeflags.go|44|raw error return|func parseProbeArgs(args []string) (probeOptions, error) {
.\gitmap\cmd\probeflags.go|67|raw error return|func applyProbeFlag(opts *probeOptions, args []string, i int) (int, bool, error) {
.\gitmap\cmd\probeflags.go|67|bare bool return|func applyProbeFlag(opts *probeOptions, args []string, i int) (int, bool, error) {
.\gitmap\cmd\probeflags.go|90|raw error return|func applyOutputFlag(opts *probeOptions, args []string, i int) (int, bool, error) {
.\gitmap\cmd\probeflags.go|90|bare bool return|func applyOutputFlag(opts *probeOptions, args []string, i int) (int, bool, error) {
.\gitmap\cmd\probeflags.go|99|fmt.Errorf|return i, true, fmt.Errorf(
.\gitmap\cmd\probeflags.go|110|raw error return|func readStringFlag(args []string, i int) (string, int, error) {
.\gitmap\cmd\probeflags.go|115|fmt.Errorf|return "", i, fmt.Errorf("version probe: %s requires a value", args[i])
.\gitmap\cmd\probeflags.go|124|raw error return|func applyWorkersFlag(opts *probeOptions, args []string, i int) (int, bool, error) {
.\gitmap\cmd\probeflags.go|124|bare bool return|func applyWorkersFlag(opts *probeOptions, args []string, i int) (int, bool, error) {
.\gitmap\cmd\probeflags.go|143|raw error return|func applyDepthFlag(opts *probeOptions, args []string, i int) (int, bool, error) {
.\gitmap\cmd\probeflags.go|143|bare bool return|func applyDepthFlag(opts *probeOptions, args []string, i int) (int, bool, error) {
.\gitmap\cmd\probeflags.go|158|bare bool return|func matchesFlag(token, flag string) bool {
.\gitmap\cmd\probeflags.go|165|raw error return|func readIntFlag(args []string, i int, missingFmt, valueFmt string) (int, int, error) {
.\gitmap\cmd\probeflags.go|180|raw error return|func parsePositiveInt(s, errFmt string) (int, error) {
.\gitmap\cmd\probeflags.go|183|fmt.Errorf|return 0, fmt.Errorf(errFmt, s)
.\gitmap\cmd\proberender.go|33|raw error return|func encodeProbeJSON(w io.Writer, entries []probeJSONEntry) error {
.\gitmap\cmd\profileutil.go|14|bare bool return|func profileExists(profiles []string, name string) bool {
.\gitmap\cmd\projectrepos.go|36|bare bool return|func parseProjectReposFlags(args []string) (bool, bool) {
.\gitmap\cmd\projectrepos.go|64|bare bool return|func printProjectList(db *store.DB, typeKey string, jsonOut bool) {
.\gitmap\cmd\projectreposrender.go|33|raw error return|func encodeProjectReposJSON(w io.Writer, projects []model.DetectedProject) error {
.\gitmap\cmd\prune.go|24|bare bool return|func executePruneWorkflow(stale []staleBranch, dryRun, confirm, remote bool) {
.\gitmap\cmd\prune.go|36|bare bool return|func parsePruneFlags(args []string) (bool, bool, bool) {
.\gitmap\cmd\prune.go|47|bare bool return|func shouldProceedWithPrune(confirmed bool, count int) bool {
.\gitmap\cmd\prune.go|58|bare bool return|func promptPruneConfirmation(count int) bool {
.\gitmap\cmd\prune.go|66|bare bool return|func deleteStaleBranches(stale []staleBranch, remote bool) {
.\gitmap\cmd\prune.go|77|bare bool return|func deleteSingleBranch(sb staleBranch, remote bool) int {
.\gitmap\cmd\prune.go|87|bare bool return|func pruneRemoteIfRequested(name string, remote bool) {
.\gitmap\cmd\pruneops.go|77|raw error return|func deleteLocalBranch(name string) error {
.\gitmap\cmd\pull.go|101|bare bool return|func shouldPullCWD(opts pullOptions) bool {
.\gitmap\cmd\pull.go|114|bare bool return|func pullNoTargetsHint(opts pullOptions) bool {
.\gitmap\cmd\pull.go|135|bare bool return|func isGitRepoCWD() bool {
.\gitmap\cmd\pull.go|153|bare bool return|func runPullCWDWithTransport(useSSH, useHTTPS bool, extraArgs []string) {
.\gitmap\cmd\pull.go|189|bare bool return|func extractTransportFlags(args []string) (bool, bool, []string) {
.\gitmap\cmd\pull.go|277|bare bool return|func resolvePullTargets(slug, groupName string, all bool) []model.ScanRecord {
.\gitmap\cmd\pull.go|331|raw error return|func loadJSONRecords(path string) ([]model.ScanRecord, error) {
.\gitmap\cmd\pullfilter.go|32|bare bool return|func loadAvailableRepoIDs() (map[int64]bool, bool) {
.\gitmap\cmd\pullparallel.go|17|bare bool return|func runPullParallel(records []model.ScanRecord, prog *cloner.BatchProgress, parallel int, stopOnFail bool) {
.\gitmap\cmd\pullreleasecd.go|63|raw error return|func parsePRCEntries(args []string) ([]prcEntry, error) {
.\gitmap\cmd\pullreleasecd.go|65|fmt.Errorf|return nil, fmt.Errorf("usage: gitmap prc <name-or-url> <version>[, ...]")
.\gitmap\cmd\pullreleasecd.go|79|fmt.Errorf|return nil, fmt.Errorf("entry %q missing version (expected `<name-or-url> <version>`)", seg)
.\gitmap\cmd\pullreleasecd.go|82|fmt.Errorf|return nil, fmt.Errorf("entry %q has extra tokens; only `<name-or-url> <version>` allowed", seg)
.\gitmap\cmd\pullreleasecd.go|88|fmt.Errorf|return nil, fmt.Errorf("no entries parsed")
.\gitmap\cmd\pullreleasecd.go|132|raw error return|func resolvePRCTarget(self, token string) (string, string, error) {
.\gitmap\cmd\pullreleasecd.go|147|fmt.Errorf|return "", "", fmt.Errorf("clone %s: %w", token, err)
.\gitmap\cmd\pullreleasecd.go|160|bare bool return|func isPRCURL(token string) bool {
.\gitmap\cmd\pullreleasecd.go|175|raw error return|func lookupPRCPath(slug string) (string, error) {
.\gitmap\cmd\pullreleasecd.go|178|fmt.Errorf|return "", fmt.Errorf("open db: %w", err)
.\gitmap\cmd\pullreleasecd.go|184|fmt.Errorf|return "", fmt.Errorf("lookup %s: %w", slug, err)
.\gitmap\cmd\pullreleasecd.go|187|fmt.Errorf|return "", fmt.Errorf("repo %q not found — run `gitmap scan` first", slug)
.\gitmap\cmd\pullreleasecd.go|195|raw error return|func runPRCClone(self, url string) error {
.\gitmap\cmd\pullreleasecd.go|206|raw error return|func runPRCSubprocess(self, dir, version string) error {
.\gitmap\cmd\push.go|87|bare bool return|func shouldPushCWD(opts pushOptions) bool {
.\gitmap\cmd\push.go|95|bare bool return|func pushNoTargetsHint(opts pushOptions) bool {
.\gitmap\cmd\push.go|133|bare bool return|func runPushCWDWithTransport(useSSH, useHTTPS bool, extraArgs []string) {
.\gitmap\cmd\push.go|247|raw error return|func runGitInherit(gitArgs []string) error {
.\gitmap\cmd\push.go|255|bare bool return|func isNonFastForwardRejection(stderr string) bool {
.\gitmap\cmd\push.go|263|raw error return|func handleGitExit(label string, runErr error) {
.\gitmap\cmd\pushparallel.go|17|bare bool return|func runPushParallel(records []model.ScanRecord, prog *cloner.BatchProgress, parallel int, stopOnFail bool) {
.\gitmap\cmd\reclone_autopickup.go|87|bare bool return|func autoPickupRecloneManifest(scanRoot string) (string, bool) {
.\gitmap\cmd\reclone_confirm.go|88|bare bool return|func destPathExists(p string) bool {
.\gitmap\cmd\reclone_confirm.go|123|bare bool return|func isStdinInteractive() bool {
.\gitmap\cmd\reclone_confirm.go|138|bare bool return|func readUserConfirmation() bool {
.\gitmap\cmd\reclone_validate.go|153|bare bool return|func isPlausibleGitURL(url string) bool {
.\gitmap\cmd\reclone_validate.go|168|bare bool return|func hasURLScheme(url string) bool {
.\gitmap\cmd\reclone_validate.go|187|bare bool return|func isSchemeChar(ch rune) bool {
.\gitmap\cmd\reclone_validate.go|204|bare bool return|func isSCPLikeGitURL(url string) bool {
.\gitmap\cmd\regoldens.go|33|bare bool return|func (c regoldensFlags) hasDiff() bool { return c.diffMode != "" }
.\gitmap\cmd\regoldens.go|109|bare bool return|func runRegoldensPass(cfg regoldensFlags, withGate bool, header, errFmt string) {
.\gitmap\cmd\regoldens.go|124|bare bool return|func runGoTestPass(cfg regoldensFlags, withGate bool) int {
.\gitmap\cmd\regoldens.go|140|bare bool return|func buildPassEnv(withGate bool) []string {
.\gitmap\cmd\regoldens.go|170|bare bool return|func isGoldenGateVar(kv string) bool {
.\gitmap\cmd\regoldens.go|178|raw error return|func extractExitCode(err error) int {
.\gitmap\cmd\regoldens_diff.go|62|bare bool return|func isGitWorkingTree() bool {
.\gitmap\cmd\regoldens_diff.go|75|raw error return|func collectGoldenDiffEntries() ([]goldenDiffEntry, error) {
.\gitmap\cmd\regoldens_diff.go|78|fmt.Errorf|return nil, fmt.Errorf("git status: %w", err)
.\gitmap\cmd\regoldens_diff.go|82|fmt.Errorf|return nil, fmt.Errorf("git diff numstat: %w", err)
.\gitmap\cmd\regoldens_diff.go|90|raw error return|func readPorcelainStatuses() (map[string]goldenDiffEntry, error) {
.\gitmap\cmd\regoldens_diff.go|148|raw error return|func readNumstatCounts() (map[string][2]int, error) {
.\gitmap\cmd\regoldens_diff.go|187|raw error return|func runGitCapture(args ...string) (string, error) {
.\gitmap\cmd\regoldens_diff.go|194|fmt.Errorf|return "", fmt.Errorf("%w: %s", err, strings.TrimSpace(stderr.String()))
.\gitmap\cmd\regoldens_diff_scope.go|24|bare bool return|func isGoldenFixturePath(p string) bool {
.\gitmap\cmd\regoldens_exec.go|36|bare bool return|func runRegoldensPassCapture(cfg regoldensFlags, withGate bool, header string) int {
.\gitmap\cmd\regoldens_exec.go|70|bare bool return|func handleSkipVerify(cfg regoldensFlags) bool {
.\gitmap\cmd\regoldens_precheck.go|77|bare bool return|func precheckFoundNonDeterminism(captured []byte) bool {
.\gitmap\cmd\reinstall.go|52|bare bool return|func resolveReinstallMode(override string) (string, bool) {
.\gitmap\cmd\reinstall.go|77|bare bool return|func announceReinstallMode(rawOverride, mode string, detected bool) {
.\gitmap\cmd\reinstall.go|90|bare bool return|func confirmReinstall() bool {
.\gitmap\cmd\release.go|34|bare bool return|func handleOutsideRepoRelease(args []string, version, bump, commit, branch string, yes bool) bool {
.\gitmap\cmd\release.go|45|bare bool return|func performInsideRepoRelease(version, assets, commit, branch, bump, notes, targets string, zipGroups, zipItems []string, bundleName string, draft, dryRun, verbose, compress, checksums, bin, noCommit, yes bool) {
.\gitmap\cmd\release.go|54|bare bool return|func applyBareReleaseAutoBump(version, bump, commit, branch string, yes bool) string {
.\gitmap\cmd\release.go|77|bare bool return|func buildReleaseOptions(version, assets, commit, branch, bump, notes, targets string, zipGroups, zipItems []string, bundleName string, draft, dryRun, verbose, compress, checksums, bin, noCommit, yes bool, cfg model.Config) release.Options {
.\gitmap\cmd\release.go|89|bare bool return|func executeRelease(version, assets, commit, branch, bump, notes, targets string, zipGroups, zipItems []string, bundleName string, draft, dryRun, verbose, compress, checksums, bin, noCommit, yes bool) {
.\gitmap\cmd\release.go|115|raw error return|func (z *zipGroupFlag) Set(val string) error {
.\gitmap\cmd\release.go|124|raw error return|func (z *zipItemFlag) Set(val string) error {
.\gitmap\cmd\release.go|172|bare bool return|func parseReleaseFlags(args []string) (version, assets, commit, branch, bump, notes, targets string, zipGroups, zipItems []string, bundleName string, draft, dryRun, verbose, compress, checksums, bin, listTargets, noCommit, yes bool) {
.\gitmap\cmd\releasealias.go|19|bare bool return|func runReleaseAlias(args []string, forcePull bool) {
.\gitmap\cmd\releasealias.go|28|bare bool return|func parseRAArgs(args []string, forcePull bool) (string, string, bool, bool, bool) {
.\gitmap\cmd\releasealias.go|67|bare bool return|func performReleaseAlias(target, alias, version string, pull, noStash, dryRun bool) {
.\gitmap\cmd\releasealias.go|94|bare bool return|func invokeAliasRelease(version string, dryRun bool) {
.\gitmap\cmd\releasealias_git.go|78|bare bool return|func isWorkingTreeDirty(target string) bool {
.\gitmap\cmd\releaseargs.go|41|bare bool return|func isKnownValueFlag(flagName string) bool {
.\gitmap\cmd\releaseautobump.go|16|bare bool return|func peekNextMinorVersion() (current, next release.Version, ok bool) {
.\gitmap\cmd\releaseautobump.go|35|raw error return|func readCurrentReleaseVersion() (release.Version, error) {
.\gitmap\cmd\releaseautobump.go|41|bare bool return|func confirmAutoBump(current, next release.Version, yes bool) bool {
.\gitmap\cmd\releaseautobump.go|55|bare bool return|func readYesNo() bool {
.\gitmap\cmd\releaseautobump.go|67|bare bool return|func shouldAutoBumpMinor(version, bump, commit, branch string) bool {
.\gitmap\cmd\releaseautoregister.go|20|raw error return|func autoRegisterCurrentRepo(db *store.DB, cwd string) error {
.\gitmap\cmd\releaseautoregister.go|23|fmt.Errorf|return fmt.Errorf("could not resolve cwd: %w", err)
.\gitmap\cmd\releaseautoregister.go|34|fmt.Errorf|return fmt.Errorf("upsert repo failed: %w", err)
.\gitmap\cmd\releaseautoregister.go|39|fmt.Errorf|return fmt.Errorf("ensure scan folder failed: %w", err)
.\gitmap\cmd\releaseautoregister.go|43|fmt.Errorf|return fmt.Errorf("tag repo failed: %w", err)
.\gitmap\cmd\releasebranch.go|32|bare bool return|func parseReleaseBranchFlags(args []string) (branch, assets, notes string, draft, dryRun, verbose, noCommit, yes bool) {
.\gitmap\cmd\releasepending.go|70|bare bool return|func parseReleasePendingFlags(args []string) (assets, notes string, draft, dryRun, verbose, noCommit, yes bool) {
.\gitmap\cmd\releasepersist.go|49|raw error return|func resolveCurrentRepoID(db *store.DB) (int64, error) {
.\gitmap\cmd\releasepersist.go|62|raw error return|func resolveOrRegisterCurrentRepoID(db *store.DB) (int64, error) {
.\gitmap\cmd\releasepersist.go|73|fmt.Errorf|return 0, fmt.Errorf("auto-register failed: %w", err)
.\gitmap\cmd\releasepull.go|71|bare bool return|func parseReleasePullFlags(args []string) (mode string, dryRun, verbose bool, rest []string) {
.\gitmap\cmd\releasepull.go|118|bare bool return|func resolvePullMode(ffOnly, rebase, merge bool) string {
.\gitmap\cmd\releasepull.go|143|bare bool return|func describePickedModes(ffOnly, rebase, merge bool) string {
.\gitmap\cmd\releasepull.go|161|bare bool return|func pullCurrentRepo(dir, mode string, dryRun, verbose bool) {
.\gitmap\cmd\releasepull.go|201|raw error return|func handleReleasePullFailure(dir, mode, flagArg string, err error) {
.\gitmap\cmd\releaserebase.go|38|bare bool return|func looksLikeVersion(s string) bool {
.\gitmap\cmd\releaserebase.go|45|bare bool return|func tryCrossDirRelease(args []string) bool {
.\gitmap\cmd\releaserecentclone.go|24|bare bool return|func tryRunReleaseInRecentClone(args []string) bool {
.\gitmap\cmd\releasescan.go|25|bare bool return|func tryRunReleaseScanDir(yes bool) bool {
.\gitmap\cmd\releasescan.go|67|bare bool return|func planOneScanTarget(info scanner.RepoInfo) (scanReleaseTarget, bool) {
.\gitmap\cmd\releasescan.go|88|bare bool return|func readRepoNextMinor(repoDir string) (release.Version, release.Version, bool) {
.\gitmap\cmd\releasescan.go|107|bare bool return|func executeScanReleasePlan(targets []scanReleaseTarget, yes bool) {
.\gitmap\cmd\releasescan.go|134|bare bool return|func confirmScanReleasePlan(yes bool) bool {
.\gitmap\cmd\releasescan.go|160|bare bool return|func runOneScanRelease(t scanReleaseTarget) bool {
.\gitmap\cmd\releasescan.go|184|bare bool return|func invokeScanRelease(t scanReleaseTarget) bool {
.\gitmap\cmd\releaseself.go|29|bare bool return|func executeSelfRelease(version, assets, commit, branch, bump, notes, targets string, zipGroups, zipItems []string, bundleName string, draft, dryRun, verbose, compress, checksums, bin, noCommit, yes bool) {
.\gitmap\cmd\releaseundo.go|72|bare bool return|func parseReleaseUndoFlags(args []string) (version string, keepRemote, dryRun, yes bool) {
.\gitmap\cmd\releaseundo.go|86|bare bool return|func confirmUndoRelease(tag string) bool {
.\gitmap\cmd\releaseundo.go|95|bare bool return|func applyReleaseUndo(tag, jsonPath string, keepRemote bool) []string {
.\gitmap\cmd\releaseundo.go|121|raw error return|func runGitQuiet(args ...string) error {
.\gitmap\cmd\releaseundo.go|128|bare bool return|func latestReleaseJSONVersion() (string, bool) {
.\gitmap\cmd\releaseundorange.go|53|raw error return|func expandReleaseRange(spec string) ([]string, error) {
.\gitmap\cmd\releaseundorange.go|56|fmt.Errorf|return nil, fmt.Errorf("range must be of form vX.Y.Z..vX.Y.Z, got %q", spec)
.\gitmap\cmd\releaseundorange.go|60|fmt.Errorf|return nil, fmt.Errorf("range endpoints must share major.minor (%s vs %s)", lo, hi)
.\gitmap\cmd\releaseundorange.go|63|fmt.Errorf|return nil, fmt.Errorf("range endpoints reversed (%s > %s)", lo, hi)
.\gitmap\cmd\release_notes_opts.go|36|bare bool return|func applyReleaseNotesFlag(args []string, i int, opts *ReleaseNotesOpts) (int, bool) {
.\gitmap\cmd\release_notes_opts.go|54|raw error return|func applyReleaseNotesArg(args []string, i int, opts *ReleaseNotesOpts) (int, error) {
.\gitmap\cmd\release_notes_opts.go|62|fmt.Errorf|return i, fmt.Errorf("unknown arg %q", args[i])
.\gitmap\cmd\release_notes_opts.go|65|raw error return|func validateReleaseNotesOpts(opts *ReleaseNotesOpts) error {
.\gitmap\cmd\release_notes_opts.go|70|fmt.Errorf|return fmt.Errorf("need <tagA>..<tagB>, --since, or --since-tag")
.\gitmap\cmd\release_notes_opts.go|76|raw error return|func parseReleaseNotesArgs(args []string) (ReleaseNotesOpts, error) {
.\gitmap\cmd\release_notes_opts.go|100|raw error return|func gitLogForOpts(opts ReleaseNotesOpts) ([]string, error) {
.\gitmap\cmd\release_notes_opts.go|104|fmt.Errorf|return nil, fmt.Errorf("git log: %v\n%s", err, out)
.\gitmap\cmd\release_notes_opts.go|135|bare bool return|func hasAnyPrefix(s string, prefixes []string) bool {
.\gitmap\cmd\release_notes_opts.go|253|raw error return|func handleReleaseNotesArgsError(err error) {
.\gitmap\cmd\release_tools.go|39|raw error return|func runStep(label string, name string, args ...string) error {
.\gitmap\cmd\remotetransport.go|22|raw error return|func ApplyTransportFlag(dir string, useSSH, useHTTPS bool) (bool, string, string, error) {
.\gitmap\cmd\remotetransport.go|22|bare bool return|func ApplyTransportFlag(dir string, useSSH, useHTTPS bool) (bool, string, string, error) {
.\gitmap\cmd\remotetransport.go|61|raw error return|func currentOriginURL(dir string) (string, error) {
.\gitmap\cmd\remotetransport.go|64|fmt.Errorf|return "", fmt.Errorf("read remote.origin.url in %s: %w (is `git remote add origin <url>` set?)", dir, err)
.\gitmap\cmd\remotetransport.go|71|raw error return|func setOriginURL(dir, url string) error {
.\gitmap\cmd\remotetransport.go|75|fmt.Errorf|return fmt.Errorf("git remote set-url origin %s: %w (%s)", url, err, strings.TrimSpace(string(out)))
.\gitmap\cmd\replace.go|87|bare bool return|func looksLikeDashN(s string) bool {
.\gitmap\cmd\replace.go|110|bare bool return|func parseDashNDigits(s string) (int, bool) {
.\gitmap\cmd\replaceapply.go|45|bare bool return|func scanOneFile(path string, pairs []replacePair) (replaceHit, bool) {
.\gitmap\cmd\replaceapply.go|81|raw error return|func atomicWrite(path string, data []byte) error {
.\gitmap\cmd\replaceapply.go|104|bare bool return|func printHits(hits []replaceHit, pair replacePair, quiet bool) {
.\gitmap\cmd\replaceapply.go|114|bare bool return|func confirmYes() bool {
.\gitmap\cmd\replaceaudit.go|76|bare bool return|func lineContainsAny(line []byte, needles [][]byte) bool {
.\gitmap\cmd\replaceflags.go|29|raw error return|func parseReplaceFlags(args []string) (replaceOpts, []string, error) {
.\gitmap\cmd\replaceflags.go|72|bare bool return|func resolveExtCase(raw string) bool {
.\gitmap\cmd\replaceflags.go|131|bare bool return|func needsValue(token string) bool {
.\gitmap\cmd\replaceflags.go|141|bare bool return|func isReplaceFlag(s string) bool {
.\gitmap\cmd\replaceflags.go|156|bare bool return|func normalizeExtList(raw string, caseInsensitive bool) []string {
.\gitmap\cmd\replaceflags.go|179|bare bool return|func normalizeOneExt(piece string, caseInsensitive bool) string {
.\gitmap\cmd\replaceversionrun.go|35|bare bool return|func runReplaceVersion(n int, opts replaceOpts, isAll bool) {
.\gitmap\cmd\replaceversionrun.go|77|bare bool return|func loadRepoFiles(root string, exts []string, caseInsensitive bool) []string {
.\gitmap\cmd\replaceversionrun.go|88|bare bool return|func confirmLiteral(hits []replaceHit, total int, opts replaceOpts) bool {
.\gitmap\cmd\replaceversionrun.go|101|bare bool return|func confirmVersion(targets []int, k int, opts replaceOpts, _ bool) bool {
.\gitmap\cmd\replaceversion_test.go|36|bare bool return|func equalIntSlice(a, b []int) bool {
.\gitmap\cmd\replacewalk.go|32|raw error return|func walkRepoFiles(root string, exts []string, caseInsensitive bool) ([]string, error) {
.\gitmap\cmd\replacewalk.go|32|bare bool return|func walkRepoFiles(root string, exts []string, caseInsensitive bool) ([]string, error) {
.\gitmap\cmd\replacewalk.go|43|raw error return|func handleDirReplaceWalk(root, path string, d fs.DirEntry) error {
.\gitmap\cmd\replacewalk.go|74|bare bool return|func matchesExtFilter(path string, exts []string, caseInsensitive bool) bool {
.\gitmap\cmd\replacewalk.go|94|bare bool return|func isExcludedDir(name string) bool {
.\gitmap\cmd\replacewalk.go|105|bare bool return|func isExcludedPrefix(root, path string) bool {
.\gitmap\cmd\replacewalk.go|123|bare bool return|func isBinaryFile(path string) bool {
.\gitmap\cmd\replacewalk_test.go|129|bare bool return|func equalStringSlice(a, b []string) bool {
.\gitmap\cmd\reporeclone.go|27|bare bool return|func tryRunRepoReclone(args []string) bool {
.\gitmap\cmd\reporeclone.go|42|bare bool return|func splitRepoRecloneArgs(args []string) (bool, []string) {
.\gitmap\cmd\reporeclone.go|62|bare bool return|func resolveRepoRecloneTarget(positionals []string) (string, bool) {
.\gitmap\cmd\reporeclone.go|82|bare bool return|func resolveRepoFromArg(arg string) (string, bool) {
.\gitmap\cmd\reporeclone.go|99|bare bool return|func isGitRepoDir(dir string) bool {
.\gitmap\cmd\reporeclone.go|108|bare bool return|func runRepoReclone(target string, yes bool) {
.\gitmap\cmd\reporeclone.go|150|bare bool return|func confirmRepoReclone(target, origin string) bool {
.\gitmap\cmd\reporeclone.go|166|bare bool return|func isStdinTTY() bool {
.\gitmap\cmd\rescan.go|25|raw error return|func loadScanCache() (model.ScanCache, error) {
.\gitmap\cmd\rescan.go|93|bare bool return|func appendBoolFlag(args []string, flag string, enabled bool) []string {
.\gitmap\cmd\rescansubtree.go|68|raw error return|func splitRescanSubtreeArgs(args []string) (string, []string, error) {
.\gitmap\cmd\rescansubtree.go|92|fmt.Errorf|return "", nil, fmt.Errorf(
.\gitmap\cmd\rescansubtree.go|97|fmt.Errorf|return "", nil, fmt.Errorf(
.\gitmap\cmd\rescansubtree.go|105|bare bool return|func flagHasInlineValue(token string) bool {
.\gitmap\cmd\rescansubtree.go|118|bare bool return|func isLikelyBoolFlag(token string) bool {
.\gitmap\cmd\rescansubtree.go|137|raw error return|func resolveRescanSubtreePath(path string) (string, error) {
.\gitmap\cmd\rescansubtree.go|140|fmt.Errorf|return "", fmt.Errorf("  Error: cannot resolve %q: %w", path, err)
.\gitmap\cmd\rescansubtree.go|144|fmt.Errorf|return "", fmt.Errorf(
.\gitmap\cmd\rescansubtree.go|150|fmt.Errorf|return "", fmt.Errorf("  Error: cannot stat %s: %w", abs, err)
.\gitmap\cmd\rescansubtree.go|153|fmt.Errorf|return "", fmt.Errorf(
.\gitmap\cmd\rescansubtree.go|180|bare bool return|func containsMaxDepthFlag(flags []string) bool {
.\gitmap\cmd\rescansubtree.go|199|bare bool return|func startsWith(s, prefix string) bool {
.\gitmap\cmd\rescansubtree_test.go|172|bare bool return|func contains(haystack, needle string) bool {
.\gitmap\cmd\reset.go|31|bare bool return|func parseResetFlags(args []string) (bool, bool) {
.\gitmap\cmd\reset.go|62|raw error return|func removeActiveDBFile() error {
.\gitmap\cmd\resolver.go|12|raw error return|func ResolveRepo(db *store.DB, target string) (*model.ScanRecord, error) {
.\gitmap\cmd\resolver.go|15|fmt.Errorf|return nil, fmt.Errorf("list repos: %w", err)
.\gitmap\cmd\resolver.go|30|fmt.Errorf|return nil, fmt.Errorf("no repository matched %q", target)
.\gitmap\cmd\resolver_glob.go|22|bare bool return|func isGlob(s string) bool {
.\gitmap\cmd\resolver_glob.go|26|bare bool return|func globHit(pat, name string) bool {
.\gitmap\cmd\resolver_pwd.go|11|raw error return|func resolveByPWD(all []model.ScanRecord) (*model.ScanRecord, error) {
.\gitmap\cmd\resolver_pwd.go|14|fmt.Errorf|return nil, fmt.Errorf("get current directory: %w", err)
.\gitmap\cmd\resolver_pwd.go|21|fmt.Errorf|return nil, fmt.Errorf("current directory (%s) is not a tracked repository", pwd)
.\gitmap\cmd\revertscript.go|52|raw error return|func writeRevertScript(repoPath string) (string, error) {
.\gitmap\cmd\revertscript.go|85|raw error return|func logRevertResult(err error) {
.\gitmap\cmd\reverttxn.go|21|bare bool return|func handleRevertTxnFlags(args []string) bool {
.\gitmap\cmd\reverttxn.go|43|bare bool return|func dispatchRevertTxn(args []string) bool {
.\gitmap\cmd\reverttxn.go|64|bare bool return|func hasRevertFlag(args []string, name string) bool {
.\gitmap\cmd\reverttxn.go|76|bare bool return|func flagValue(args []string, name string) (string, bool) {
.\gitmap\cmd\reverttxn.go|146|bare bool return|func runRevertTxn(raw string, force bool) {
.\gitmap\cmd\reverttxn.go|152|bare bool return|func runRevertLastTxn(force bool) {
.\gitmap\cmd\reverttxn.go|169|bare bool return|func revertOne(id int64, force bool) {
.\gitmap\cmd\reverttxn.go|187|bare bool return|func applyRevertOrExit(db *store.DB, id int64, rec model.TransactionRecord, force bool) {
.\gitmap\cmd\reverttxn.go|196|bare bool return|func confirmRevert(r model.TransactionRecord, fileCount int) bool {
.\gitmap\cmd\reverttxn_lastn.go|24|bare bool return|func runRevertLastN(raw string, force bool) {
.\gitmap\cmd\reverttxn_lastn.go|77|bare bool return|func confirmRevertLastN(rows []model.TransactionRecord) bool {
.\gitmap\cmd\reverttxn_lastn.go|95|bare bool return|func revertManyOrExit(rows []model.TransactionRecord, force bool) {
.\gitmap\cmd\rm.go|70|bare bool return|func parseRmFlags(args []string) (bool, bool, []string) {
.\gitmap\cmd\rm.go|98|bare bool return|func removeRmMatches(db *store.DB, matches []model.ScanRecord, yes, dbOnly bool) bool {
.\gitmap\cmd\rm.go|116|bare bool return|func confirmRemove(r *bufio.Reader, rec model.ScanRecord, dbOnly bool) bool {
.\gitmap\cmd\rm.go|127|raw error return|func removeRepoFully(db *store.DB, r model.ScanRecord, dbOnly bool) error {
.\gitmap\cmd\rm.go|127|bare bool return|func removeRepoFully(db *store.DB, r model.ScanRecord, dbOnly bool) error {
.\gitmap\cmd\rm.go|132|fmt.Errorf|return fmt.Errorf("db delete: %w", err)
.\gitmap\cmd\rm.go|139|raw error return|func removeRepoDisk(absPath string, dbOnly bool) error {
.\gitmap\cmd\rm.go|139|bare bool return|func removeRepoDisk(absPath string, dbOnly bool) error {
.\gitmap\cmd\rm.go|144|fmt.Errorf|return fmt.Errorf("remove dir: %w", err)
.\gitmap\cmd\root.go|191|bare bool return|func shouldRewriteToClone(args []string) bool {
.\gitmap\cmd\root.go|208|bare bool return|func looksLikeFlag(s string) bool {
.\gitmap\cmd\root.go|215|bare bool return|func looksLikeURLToken(s string) bool {
.\gitmap\cmd\root.go|261|bare bool return|func isSpace(b byte) bool {
.\gitmap\cmd\rootadd.go|28|bare bool return|func dispatchAdd(command string) bool {
.\gitmap\cmd\rootcore.go|9|bare bool return|func dispatchCore(command string) bool {
.\gitmap\cmd\rootcore.go|103|bare bool return|func dispatchServersClientsPathCmd(subCmd string, rest []string) bool {
.\gitmap\cmd\rootcore.go|116|bare bool return|func dispatchClusterReadWrite(selector cluster.TargetSelectorType, subCmd string, rest []string) bool {
.\gitmap\cmd\rootcore.go|130|bare bool return|func dispatchClusterMutate(selector cluster.TargetSelectorType, subCmd string, rest []string) bool {
.\gitmap\cmd\rootdata.go|8|bare bool return|func dispatchData(command string) bool {
.\gitmap\cmd\rootdispatch.go|21|bare bool return|func runDispatchTable(command string, entries []dispatchEntry) bool {
.\gitmap\cmd\rootdispatch.go|34|bare bool return|func matchAny(command string, names []string) bool {
.\gitmap\cmd\rootflags.go|120|bare bool return|func parseScanFlags(args []string) (dir, configPath, mode, output, outFile, outputPath, relativeRoot, defaultBranch string, ghDesktop, openFolder, quiet, noVSCodeSync, noAutoTags, reportErrors, compact bool, workers, maxDepth int, probeOpts ScanProbeOptions) {
.\gitmap\cmd\rootflags.go|151|bare bool return|func resolveProbeConcurrency(fs *flag.FlagSet, probeConc, probeWorkers *int) (int, bool) {
.\gitmap\cmd\rootflags.go|183|bare bool return|func wasFlagPassed(fs *flag.FlagSet, flagName string) bool {
.\gitmap\cmd\rootflags.go|419|bare bool return|func isLikelyURL(rawURL string) bool {
.\gitmap\cmd\rootprojectrepos.go|10|bare bool return|func dispatchProjectRepos(command string) bool {
.\gitmap\cmd\rootrelease.go|8|bare bool return|func dispatchRelease(command string) bool {
.\gitmap\cmd\roottooling.go|8|bare bool return|func dispatchTooling(command string) bool {
.\gitmap\cmd\rootusagefooter.go|122|bare bool return|func isFooterGitRepo(dir string) bool {
.\gitmap\cmd\rootusagefooter.go|129|bare bool return|func sameRepo(a, b string) bool {
.\gitmap\cmd\rootutility.go|13|bare bool return|func isFlagToken(arg string) bool {
.\gitmap\cmd\rootutility.go|18|bare bool return|func dispatchUtility(command string) bool {
.\gitmap\cmd\safety_snapshot.go|37|raw error return|func writeSnapshot(root, outPath string) (int, error) {
.\gitmap\cmd\scan.go|46|bare bool return|func executeScan(dir string, cfg model.Config, outFile string, ghDesktop, openFolder, quiet, noVSCodeSync, noAutoTags, reportErrors, compact bool, workers, maxDepth int, cache model.ScanCache, probeOpts ScanProbeOptions, relativeRoot, defaultBranch string) {
.\gitmap\cmd\scan.go|152|bare bool return|func tagReposWithScanFolder(absDir string, records []model.ScanRecord, quiet bool) {
.\gitmap\cmd\scan.go|235|bare bool return|func addToDesktop(records []model.ScanRecord, enabled bool) {
.\gitmap\cmd\scan.go|243|bare bool return|func openOutputFolder(outputDir string, enabled bool) {
.\gitmap\cmd\scanbackgroundprobe.go|38|bare bool return|func startBackgroundProbe(records []model.ScanRecord, opts ScanProbeOptions, quiet bool, errCollector *errreport.Collector) *probe.BackgroundRunner {
.\gitmap\cmd\scanbackgroundprobe.go|83|bare bool return|func resolveProbeWorkers(records []model.ScanRecord, opts ScanProbeOptions, quiet bool) int {
.\gitmap\cmd\scanbackgroundprobe.go|114|bare bool return|func drainBackgroundProbe(runner *probe.BackgroundRunner, opts ScanProbeOptions, quiet bool) {
.\gitmap\cmd\scanerrorreport.go|22|bare bool return|func newScanCollector(reportErrors bool) *errreport.Collector {
.\gitmap\cmd\scanerrorreport.go|33|raw error return|func scanDirErrorCallback(c *errreport.Collector) func(string, error) {
.\gitmap\cmd\scanerrorreport.go|67|bare bool return|func finalizeErrorReport(c *errreport.Collector, quiet bool) {
.\gitmap\cmd\scanimport.go|52|raw error return|func resolveImportRepoID(db *store.DB, scanDir string) (int64, error) {
.\gitmap\cmd\scanimport.go|88|bare bool return|func isLatestFile(path string) bool {
.\gitmap\cmd\scanimport.go|93|bare bool return|func importOneRelease(db *store.DB, path string, repoID int64) bool {
.\gitmap\cmd\scanoutput.go|14|bare bool return|func writeAllOutputs(records []model.ScanRecord, outputDir, outFile string, quiet, compact bool) {
.\gitmap\cmd\scanoutput.go|28|bare bool return|func writeCWDJSONOutput(records []model.ScanRecord, compact bool) {
.\gitmap\cmd\scanoutput.go|48|raw error return|func printJSONError(err error, kind, path string) {
.\gitmap\cmd\scanoutput.go|55|bare bool return|func writeTerminalOutput(records []model.ScanRecord, outputDir string, quiet bool) {
.\gitmap\cmd\scanoutput.go|188|raw error return|func createOutputFile(path string) (*os.File, error) {
.\gitmap\cmd\scanprogress.go|40|bare bool return|func newScanProgressRenderer(quiet bool) *scanProgressRenderer {
.\gitmap\cmd\scanprogress.go|105|bare bool return|func stderrIsTerminal() bool {
.\gitmap\cmd\scanprojects.go|142|raw error return|func resolveDetectedProjectID(db *store.DB, r *detector.DetectionResult) error {
.\gitmap\cmd\scanresolve.go|79|bare bool return|func shouldAnnounceResolve(original, abs string) bool {
.\gitmap\cmd\scanresolve.go|97|bare bool return|func resolveRelativeRoot(raw, scanDir string, quiet bool) string {
.\gitmap\cmd\scanresolve.go|116|fmt.Errorf|fmt.Errorf("not a directory"))
.\gitmap\cmd\scan_export_clonefrom_integration_test.go|109|raw error return|func pickFormatterWriter(format string) func(*os.File, []model.ScanRecord) error {
.\gitmap\cmd\schemaregistry_assert_test.go|129|bare bool return|func shouldUpdateSchema(name string) bool {
.\gitmap\cmd\schemaregistry_assert_test.go|139|bare bool return|func isSchemaAccepted(name string, version int) bool {
.\gitmap\cmd\schemaregistry_assert_test.go|148|bare bool return|func listContains(commaList, want string) bool {
.\gitmap\cmd\schemaregistry_assert_test.go|164|raw error return|func writeSchemaFile(s schema, observedKeys []string) error {
.\gitmap\cmd\schemaregistry_assert_test.go|174|fmt.Errorf|return fmt.Errorf("marshal: %w", err)
.\gitmap\cmd\schemaregistry_assert_test.go|178|fmt.Errorf|return fmt.Errorf("write %s: %w", path, err)
.\gitmap\cmd\schemaregistry_test.go|136|raw error return|func findLatestVersion(name string) (string, error) {
.\gitmap\cmd\schemaregistry_test.go|141|fmt.Errorf|return "", fmt.Errorf("glob %s: %w", pattern, err)
.\gitmap\cmd\schemaregistry_test.go|145|fmt.Errorf|return "", fmt.Errorf("no schema files matched %s", pattern)
.\gitmap\cmd\schemaregistry_test.go|181|raw error return|func readSchemaFile(path string) (schema, error) {
.\gitmap\cmd\schemaregistry_test.go|185|fmt.Errorf|return schema{}, fmt.Errorf("read: %w", err)
.\gitmap\cmd\schemaregistry_test.go|190|fmt.Errorf|return schema{}, fmt.Errorf("parse: %w", err)
.\gitmap\cmd\selfinstall.go|92|raw error return|func handleLockError(err error) {
.\gitmap\cmd\selfinstall.go|143|bare bool return|func resolveShellMode(shellMode, profile string, dualShell bool) string {
.\gitmap\cmd\selfinstall.go|165|bare bool return|func isValidSingletonShellMode(mode string) bool {
.\gitmap\cmd\selfinstall.go|174|bare bool return|func isValidComboShellMode(mode string) bool {
.\gitmap\cmd\selfinstall.go|185|bare bool return|func validateComboTokens(tokens []string) bool {
.\gitmap\cmd\selfinstall.go|196|bare bool return|func isConcreteShellFamily(tok string) bool {
.\gitmap\cmd\selfinstall.go|277|raw error return|func downloadInstallScript(url string) ([]byte, error) {
.\gitmap\cmd\selfinstall.go|284|fmt.Errorf|return nil, fmt.Errorf(constants.ErrHTTPStatusFmt, resp.StatusCode)
.\gitmap\cmd\selfinstall.go|387|bare bool return|func shellModeRequiresPwsh(mode string) bool {
.\gitmap\cmd\selfuninstall.go|73|bare bool return|func confirmSelfUninstall(opts selfUninstallOpts) bool {
.\gitmap\cmd\selfuninstall.go|119|bare bool return|func shouldHandoffSelfUninstall() bool {
.\gitmap\cmd\selfuninstallhandoff.go|17|bare bool return|func isWindows() bool {
.\gitmap\cmd\selfuninstallhandoff.go|41|raw error return|func writeHandoffCopy(selfPath string) (string, error) {
.\gitmap\cmd\selfuninstallhandoff.go|59|raw error return|func copySelfFile(src, dst string) error {
.\gitmap\cmd\selfuninstallhandoff.go|70|swallowed error|_, err = io.Copy(out, in)
.\gitmap\cmd\selfuninstallparts.go|63|bare bool return|func isGitmapArtifact(name string) bool {
.\gitmap\cmd\selfuninstallparts.go|184|bare bool return|func stripCompletionLines(content string) (string, bool) {
.\gitmap\cmd\selfuninstallparts.go|209|bare bool return|func isCompletionLine(line string) bool {
.\gitmap\cmd\selfuninstallparts.go|253|bare bool return|func stripMarkerBlock(content string) (string, bool) {
.\gitmap\cmd\selfuninstallparts.go|285|bare bool return|func isMarkerOpen(line string) bool {
.\gitmap\cmd\selfupdate.go|51|raw error return|func fetchLatestReleaseTag(c *http.Client) (string, error) {
.\gitmap\cmd\selfupdate.go|61|fmt.Errorf|return "", fmt.Errorf("github status %d", resp.StatusCode)
.\gitmap\cmd\selfupdate.go|70|fmt.Errorf|return "", fmt.Errorf("empty tag_name in release payload")
.\gitmap\cmd\selfupdate.go|90|bare bool return|func isNewer(tagA, tagB string) bool {
.\gitmap\cmd\seowrite.go|53|bare bool return|func isCreateTemplateShorthand(args []string) bool {
.\gitmap\cmd\seowritegit.go|60|raw error return|func printGitConfigError(err error, field string) {
.\gitmap\cmd\seowritegit.go|155|bare bool return|func shouldStop(stop <-chan bool, maxCommits, count int) bool {
.\gitmap\cmd\seowriteloop.go|57|bare bool return|func runRotation(flags seoWriteFlags, msgs []commitMessage, files []string, stop <-chan bool, count *int, minSec, maxSec int) {
.\gitmap\cmd\seowriteloop.go|74|bare bool return|func rotateLoop(flags seoWriteFlags, msgs []commitMessage, file string, stop <-chan bool, count *int, minSec, maxSec int) {
.\gitmap\cmd\seowriteloop.go|173|bare bool return|func waitRandom(minSec, maxSec int, stop <-chan bool) {
.\gitmap\cmd\seowriteloop.go|186|bare bool return|func setupSignalHandler() <-chan bool {
.\gitmap\cmd\serve.go|68|raw error return|func generateJoinToken() (string, error) {
.\gitmap\cmd\setup.go|43|bare bool return|func installPathSnippet(dryRun bool) {
.\gitmap\cmd\setup.go|90|bare bool return|func installShellCompletion(dryRun bool) {
.\gitmap\cmd\setup.go|112|bare bool return|func installCDFunction(dryRun bool) {
.\gitmap\cmd\setup.go|130|bare bool return|func ensureGitignoreStep(dryRun bool) {
.\gitmap\cmd\setup.go|145|bare bool return|func parseSetupFlags(args []string) (configPath string, dryRun, hasConfig bool) {
.\gitmap\cmd\setup.go|158|bare bool return|func printSetupBanner(dryRun bool) {
.\gitmap\cmd\setupconfig.go|28|bare bool return|func resolveSetupConfigPath(configPath string, hasConfig bool) string {
.\gitmap\cmd\setupverify.go|12|bare bool return|func verifyShellWrapper(dryRun bool) {
.\gitmap\cmd\setupverify.go|30|bare bool return|func isWrapperActive() bool {
.\gitmap\cmd\sf.go|125|raw error return|func removeSfTarget(db *store.DB, target string) (model.ScanFolder, int, error) {
.\gitmap\cmd\sf.go|132|fmt.Errorf|return model.ScanFolder{}, 0, fmt.Errorf(constants.ErrSFAbsResolve, target, err)
.\gitmap\cmd\sf.go|155|bare bool return|func isExistingScanFolder(existing []model.ScanFolder, id int64) bool {
.\gitmap\cmd\size.go|94|bare bool return|func runAggressiveGC(sizes []repoSize, dryRun bool) {
.\gitmap\cmd\sshcat.go|79|raw error return|func fallbackToSingleKey(db *store.DB, fallbackKey *model.SSHKey, fallbackErr error) (*model.SSHKey, error) {
.\gitmap\cmd\sshcat.go|98|raw error return|func fallbackAndAssign(db *store.DB, origKey model.SSHKey, origErr error) (model.SSHKey, error) {
.\gitmap\cmd\sshcopy.go|63|raw error return|func writeClipboard(text string) (string, error) {
.\gitmap\cmd\sshexec.go|148|bare bool return|func determineSSHCommand(osType string, args []string) (string, string, bool) {
.\gitmap\cmd\sshexec.go|175|raw error return|func ensureGitmapInstalled(client *ssh.Client, osType, header string) error {
.\gitmap\cmd\sshexec.go|185|swallowed error|_, err = crypto.RunCommand(client, installCmd, "ps")
.\gitmap\cmd\sshexec.go|188|swallowed error|_, err = crypto.RunCommand(client, installCmd, "bash")
.\gitmap\cmd\sshexec.go|192|fmt.Errorf|return fmt.Errorf("auto-install failed: %w", err)
.\gitmap\cmd\sshexec.go|196|raw error return|func ensurePowerShellInstalled(client *ssh.Client, osType, header string) error {
.\gitmap\cmd\sshexec.go|208|swallowed error|_, err = crypto.RunCommand(client, installCmd, "bash")
.\gitmap\cmd\sshexisting.go|21|bare bool return|func keyExistsOnDisk(keyPath string) bool {
.\gitmap\cmd\sshexisting.go|73|raw error return|func printDBUpdateError(err error) {
.\gitmap\cmd\sshexisting.go|82|raw error return|func backupKeyForRegenerate(keyPath string) error {
.\gitmap\cmd\sshexisting.go|86|fmt.Errorf|return fmt.Errorf("backup private key: %w", err)
.\gitmap\cmd\sshexisting.go|96|fmt.Errorf|return fmt.Errorf("backup public key: %w", errRename)
.\gitmap\cmd\sshgen.go|74|bare bool return|func parseSSHGenFlags(args []string) (name, keyPath, email string, force bool, host string, confirm bool) {
.\gitmap\cmd\sshgen.go|120|bare bool return|func handleExistingKey(db *store.DB, name string, keyPath *string) bool {
.\gitmap\cmd\sshgen.go|200|bare bool return|func askConfirm(name, keyPath string) bool {
.\gitmap\cmd\sshgen.go|207|raw error return|func exitOnBackupError(err error) {
.\gitmap\cmd\sshgen.go|214|raw error return|func printDBError(err error, action string) {
.\gitmap\cmd\sshgenutil.go|14|raw error return|func validateSSHKeygen() error {
.\gitmap\cmd\sshgenutil.go|75|raw error return|func ensureSSHDir(dir string) error {
.\gitmap\cmd\sshlist.go|64|bare bool return|func hasFlagInArgs(args []string, flag string) bool {
.\gitmap\cmd\sshlistrender.go|29|raw error return|func encodeSSHListJSON(w io.Writer, keys []model.SSHKey) error {
.\gitmap\cmd\sshstatus.go|77|bare bool return|func probeSSHHost(host string) (bool, string) {
.\gitmap\cmd\stale.go|110|bare bool return|func lastCommitTime(dir string) (time.Time, bool) {
.\gitmap\cmd\stale.go|145|bare bool return|func archiveStaleRepos(stale []staleRepo, dryRun bool) {
.\gitmap\cmd\startup.go|72|raw error return|func parseStartupListFlags(args []string) (startupListOpts, error) {
.\gitmap\cmd\startup.go|99|fmt.Errorf|return startupListOpts{}, fmt.Errorf(constants.ErrStartupListBadJSONIndent, *jsonIndent)
.\gitmap\cmd\startup.go|116|fmt.Errorf|return startupListOpts{}, fmt.Errorf(constants.ErrStartupListBadFormat, *format)
.\gitmap\cmd\startup.go|123|raw error return|func validateStartupListBackend(b string) error {
.\gitmap\cmd\startup.go|133|fmt.Errorf|return fmt.Errorf(constants.ErrStartupListBadBackend, b)
.\gitmap\cmd\startup.go|194|raw error return|func parseStartupRemoveFlags(args []string) (startupRemoveFlags, error) {
.\gitmap\cmd\startup.go|213|fmt.Errorf|return startupRemoveFlags{}, fmt.Errorf("expected 1 positional name, got %d", len(rest))
.\gitmap\cmd\startup.go|224|raw error return|func validateStartupOutput(cmd, output string, jsonIndent int) error {
.\gitmap\cmd\startup.go|229|fmt.Errorf|return fmt.Errorf(constants.ErrStartupBadOutput, cmd, output)
.\gitmap\cmd\startup.go|233|fmt.Errorf|return fmt.Errorf(constants.ErrStartupListBadJSONIndent, jsonIndent)
.\gitmap\cmd\startupadd.go|124|bare bool return|func resolveStartupAddExec(flagValue string) (string, bool) {
.\gitmap\cmd\startuplistfilter.go|63|bare bool return|func matchesBackend(e startup.Entry, backend string) bool {
.\gitmap\cmd\startuplistfilter.go|85|bare bool return|func matchesName(e startup.Entry, name string) bool {
.\gitmap\cmd\startuplistrender.go|34|raw error return|func renderStartupList(format string, jsonIndent int, dir string, entries []startup.Entry) error {
.\gitmap\cmd\startuplistrender.go|61|raw error return|func renderStartupListTable(w io.Writer, dir string, entries []startup.Entry) error {
.\gitmap\cmd\startuplistrender.go|100|raw error return|func encodeStartupListJSON(w io.Writer, entries []startup.Entry) error {
.\gitmap\cmd\startuplistrender.go|115|raw error return|func encodeStartupListJSONIndent(w io.Writer, entries []startup.Entry, jsonIndent int) error {
.\gitmap\cmd\startuplistrender.go|145|raw error return|func encodeStartupListJSONL(w io.Writer, entries []startup.Entry) error {
.\gitmap\cmd\startuplistrender.go|169|raw error return|func encodeStartupListCSV(w io.Writer, entries []startup.Entry) error {
.\gitmap\cmd\startupstatusjson.go|145|raw error return|func writeStartupStatusJSON(w io.Writer, s startupStatus, jsonIndent int) error {
.\gitmap\cmd\startupstatusjson.go|165|raw error return|func emitStartupStatus(format string, jsonIndent int, s startupStatus) error {
.\gitmap\cmd\stats.go|28|bare bool return|func parseStatsFlags(args []string) (string, bool) {
.\gitmap\cmd\stats.go|102|raw error return|func handleStatsError(err error) {
.\gitmap\cmd\statsrender.go|52|raw error return|func encodeStatsJSON(w io.Writer, overall model.OverallStats, commands []model.CommandStats) error {
.\gitmap\cmd\statsrender.go|71|raw error return|func renderStatsCommandsRaw(commands []model.CommandStats) (json.RawMessage, error) {
.\gitmap\cmd\status.go|28|bare bool return|func parseStatusFlags(args []string) (groupName string, all bool) {
.\gitmap\cmd\status.go|39|bare bool return|func loadStatusByScope(groupName string, all bool) []model.ScanRecord {
.\gitmap\cmd\status.go|134|raw error return|func loadStatusRecords(path string) ([]model.ScanRecord, error) {
.\gitmap\cmd\status.go|156|raw error return|func handleStatusDBError(err error) {
.\gitmap\cmd\statusformat.go|43|bare bool return|func formatStateIcon(dirty bool, s *statusSummary) string {
.\gitmap\cmd\sync.go|194|bare bool return|func dispatchSync(command string) bool {
.\gitmap\cmd\sync.go|231|bare bool return|func parseSyncFlags(args []string) (dry, force bool) {
.\gitmap\cmd\sync.go|245|bare bool return|func runSyncLines(path, baseline string, dry bool) {
.\gitmap\cmd\sync.go|300|bare bool return|func runSyncPrettierRC(dry, force bool) {
.\gitmap\cmd\sync.go|361|bare bool return|func syncJSONEqual(a, b any) bool {
.\gitmap\cmd\sync.go|371|bare bool return|func runSyncLFSInstall(dry bool) {
.\gitmap\cmd\taskfilter.go|14|raw error return|func copyFileContent(src, dest string) error {
.\gitmap\cmd\taskfilter.go|28|swallowed error|_, err = io.CopyBuffer(destFile, srcFile, buf)
.\gitmap\cmd\taskfilter.go|63|bare bool return|func isGitignoreComment(line string) bool {
.\gitmap\cmd\taskfilter.go|72|bare bool return|func isIgnored(relPath string, isDir bool, patterns []string) bool {
.\gitmap\cmd\taskfilter.go|107|bare bool return|func matchesPattern(relPath string, isDir bool, pattern string) bool {
.\gitmap\cmd\taskfilter.go|123|bare bool return|func matchGitignoreGlob(relPath, pattern string) bool {
.\gitmap\cmd\tasksync.go|51|bare bool return|func runSyncLoop(entry model.TaskEntry, interval int, verbose, dryRun bool) {
.\gitmap\cmd\tasksync.go|73|bare bool return|func syncOnce(entry model.TaskEntry, verbose, dryRun bool) {
.\gitmap\cmd\tasksync.go|113|bare bool return|func syncSingleFile(srcRoot, destRoot, relPath string, srcInfo os.FileInfo, dryRun, verbose bool) bool {
.\gitmap\cmd\tasksync.go|129|bare bool return|func handleSyncCopy(srcPath, destPath, relPath string, dryRun, verbose bool) bool {
.\gitmap\cmd\tasksync.go|158|raw error return|func ensureDestDir(destPath string) error {
.\gitmap\cmd\templatescli.go|84|bare bool return|func dispatchTemplates(command string) bool {
.\gitmap\cmd\templatescli.go|164|bare bool return|func isValidKindFilter(kind string) bool {
.\gitmap\cmd\templatescli.go|252|bare bool return|func isMarkdownTemplatePath(path string) bool {
.\gitmap\cmd\templatesdiff.go|84|bare bool return|func resolveDiffKinds(kind string) ([]string, bool) {
.\gitmap\cmd\templatesdiff.go|99|bare bool return|func runDiffForKinds(kinds []string, lang, cwd string) bool {
.\gitmap\cmd\templatesdiff.go|114|bare bool return|func diffOneKind(kind, lang, cwd string) bool {
.\gitmap\cmd\templatesdiff.go|162|bare bool return|func decorateDiffLine(line string, useColor bool) string {
.\gitmap\cmd\templatesinit.go|92|raw error return|func parseTemplatesInitFlags(args []string) (templatesInitFlags, error) {
.\gitmap\cmd\templatesinit.go|101|fmt.Errorf|return templatesInitFlags{}, fmt.Errorf("parse flags: %w", err)
.\gitmap\cmd\temprelease.go|42|bare bool return|func parseTempReleaseCreateFlags(args []string) (count int, pattern string, start int, dryRun, verbose bool) {
.\gitmap\cmd\tempreleaseexport_test_helpers.go|37|raw error return|func CheckSequenceRange(start, count, digits int) error {
.\gitmap\cmd\tempreleaseexport_test_helpers.go|42|fmt.Errorf|return fmt.Errorf("sequence %d exceeds %d-digit format (max %d)", endSeq, digits, maxVal)
.\gitmap\cmd\tempreleaselist.go|69|bare bool return|func hasTRListFlag(args []string, flag string) bool {
.\gitmap\cmd\tempreleaselistrender.go|30|raw error return|func encodeTempReleaseListJSON(w io.Writer, releases []model.TempRelease) error {
.\gitmap\cmd\tempreleaseops.go|42|bare bool return|func executeTRCreate(db *store.DB, count int, prefix string, digitCount, start int, dryRun bool) {
.\gitmap\cmd\tempreleaseremove.go|191|bare bool return|func confirmAction() bool {
.\gitmap\cmd\testpaths_test.go|11|panic|panic("runtime.Caller failed resolving cmd package dir")
.\gitmap\cmd\themeflag.go|55|bare bool return|func matchThemeArg(a string, args []string, i int, short, long string) (val string, consumed int, matched bool) {
.\gitmap\cmd\themeflag.go|73|bare bool return|func stripEqPrefix(a, prefix string) (string, bool) {
.\gitmap\cmd\undo.go|142|bare bool return|func restoreUndoSnapshot(snapDir, repoRoot string, isDryRun bool) {
.\gitmap\cmd\undo.go|160|bare bool return|func walkUndoRestore(snapDir, repoRoot string, files []string, isDryRun bool) (int, int) {
.\gitmap\cmd\undo.go|185|bare bool return|func readUndoManifest(snapDir string) (fixRepoBackupManifest, bool) {
.\gitmap\cmd\undo.go|215|bare bool return|func readUndoManifestQuiet(snapDir string) (fixRepoBackupManifest, bool) {
.\gitmap\cmd\uninstall.go|101|bare bool return|func confirmUninstall(tool string) bool {
.\gitmap\cmd\uninstall.go|120|bare bool return|func hasPositionalToolArg(args []string) bool {
.\gitmap\cmd\uninstall.go|156|bare bool return|func buildUninstallCommand(manager, tool string, purge bool) []string {
.\gitmap\cmd\uninstall.go|179|bare bool return|func buildChocoUninstall(pkg string, purge bool) []string {
.\gitmap\cmd\uninstall.go|190|bare bool return|func buildAptUninstall(pkg string, purge bool) []string {
.\gitmap\cmd\unzipcompact.go|53|bare bool return|func parseUnzipCompactFlags(args []string) (listMode bool, positional []string) {
.\gitmap\cmd\unzipcompact.go|70|raw error return|func resolveUnzipInputs(positional []string) (src, dest string, err error) {
.\gitmap\cmd\unzipcompact.go|149|raw error return|func finishArchiveRow(db *store.DB, id int64, outputPath, format string, usedTemp bool, runErr error) {
.\gitmap\cmd\unzipcompact.go|149|bare bool return|func finishArchiveRow(db *store.DB, id int64, outputPath, format string, usedTemp bool, runErr error) {
.\gitmap\cmd\update.go|85|bare bool return|func tryUpdaterFallback() bool {
.\gitmap\cmd\update.go|179|raw error return|func handleHandoffError(err error) {
.\gitmap\cmd\update.go|245|bare bool return|func hasFlag(name string) bool {
.\gitmap\cmd\update.go|256|raw error return|func copyFile(src, dst string) error {
.\gitmap\cmd\update.go|269|swallowed error|_, err = io.Copy(out, in)
.\gitmap\cmd\updatecleanup_extra.go|67|bare bool return|func isRemovableDriveRootShim(shimPath, selfPath string) bool {
.\gitmap\cmd\updatecleanup_extra.go|102|bare bool return|func isLiteralDriveRoot(path string) bool {
.\gitmap\cmd\updatecleanup_paths.go|187|bare bool return|func hasCleanupDir(dirs []string, dir string) bool {
.\gitmap\cmd\updatecleanup_paths.go|223|bare bool return|func isAbsolutePath(path string) bool {
.\gitmap\cmd\updatecleanup_remove.go|68|bare bool return|func removeCleanupMatch(match, selfPath string, seen map[string]bool, successMsg string) bool {
.\gitmap\cmd\updatecleanup_remove.go|82|bare bool return|func hasSeenCleanupPath(seen map[string]bool, normalizedPath string) bool {
.\gitmap\cmd\updatecleanup_remove.go|93|bare bool return|func isActiveCleanupPath(normalizedPath, selfPath string) bool {
.\gitmap\cmd\updatecleanup_remove.go|101|bare bool return|func removeCleanupFile(match, cleanPath, successMsg string) bool {
.\gitmap\cmd\updatecleanup_remove.go|144|raw error return|func logUpdateCleanupExecutableError(err error) {
.\gitmap\cmd\updatecleanup_remove.go|149|raw error return|func logUpdateCleanupConfigReadError(path string, err error) {
.\gitmap\cmd\updatecleanup_remove.go|154|raw error return|func logUpdateCleanupGlobError(path string, err error) {
.\gitmap\cmd\updatecleanup_remove.go|159|raw error return|func logUpdateCleanupRemoveError(path string, err error) {
.\gitmap\cmd\updatedebugwindows.go|34|bare bool return|func isDebugWindowsRequested() bool {
.\gitmap\cmd\updatedebugwindows.go|46|bare bool return|func isDebugWindowsEnvOn() bool {
.\gitmap\cmd\updatedebugwindows_json.go|92|bare bool return|func isDebugWindowsJSONRequested() bool {
.\gitmap\cmd\updatedebugwindows_json.go|107|bare bool return|func isDebugWindowsJSONFlagWithValue(arg string) bool {
.\gitmap\cmd\updatedebugwindows_source_test.go|120|bare bool return|func hasFsutilImport(file *ast.File) bool {
.\gitmap\cmd\updatedebugwindows_source_test.go|134|bare bool return|func hasSelectorCall(file *ast.File, pkg, name string) bool {
.\gitmap\cmd\updatedebugwindows_source_test.go|172|bare bool return|func hasFuncDecl(file *ast.File, name string) bool {
.\gitmap\cmd\updateprobe.go|30|raw error return|func resolveLatestRepoSlug(httpClient *http.Client) (string, string, error) {
.\gitmap\cmd\updateprobe.go|53|fmt.Errorf|return "", "", fmt.Errorf("no resolution")
.\gitmap\cmd\updateprobe.go|57|raw error return|func parseCurrentRepoSlug(slug string) (string, int, error) {
.\gitmap\cmd\updateprobe.go|60|fmt.Errorf|return "", 0, fmt.Errorf(constants.ErrUpdateProbeParseSlug, slug, fmt.Errorf("no match"))
.\gitmap\cmd\updateprobe.go|64|fmt.Errorf|return "", 0, fmt.Errorf(constants.ErrUpdateProbeParseSlug, slug, err)
.\gitmap\cmd\updateprobe.go|71|bare bool return|func probeSiblings(httpClient *http.Client, base string, current, maxN int) (string, bool) {
.\gitmap\cmd\updateprobe.go|128|bare bool return|func releaseFallbackOK(httpClient *http.Client, slug string) bool {
.\gitmap\cmd\updateprobe.go|135|bare bool return|func mainFallbackOK(httpClient *http.Client, slug string) bool {
.\gitmap\cmd\updateprobe_test.go|47|raw error return|func (r *rewriteTransport) RoundTrip(req *http.Request) (*http.Response, error) {
.\gitmap\cmd\updateremoteinstall.go|30|bare bool return|func runUpdateRemoteInstall() bool {
.\gitmap\cmd\updateremoteinstall.go|97|raw error return|func resolveTargetSlug() (string, string, error) {
.\gitmap\cmd\updateremoteinstall.go|117|raw error return|func downloadRemoteInstaller(url string) (string, error) {
.\gitmap\cmd\updateremoteinstall.go|125|fmt.Errorf|return "", fmt.Errorf("HTTP %d from %s", resp.StatusCode, url)
.\gitmap\cmd\updateremoteinstall.go|153|raw error return|func runRemoteInstaller(scriptPath string) error {
.\gitmap\cmd\updaterepo.go|98|bare bool return|func isGitmapSourceRepo(path string) bool {
.\gitmap\cmd\updaterepo.go|111|bare bool return|func canPromptForRepoPath() bool {
.\gitmap\cmd\updaterepo.go|171|bare bool return|func cloneRepoInto(targetPath string) bool {
.\gitmap\cmd\updatereport.go|73|raw error return|func ensureReportFile(path string) error {
.\gitmap\cmd\updatescript.go|112|raw error return|func writeUpdateScript(repoPath string) (string, error) {
.\gitmap\cmd\updatescript.go|120|raw error return|func writeScriptToTemp(script string) (string, error) {
.\gitmap\cmd\updatescript.go|209|raw error return|func logScriptResult(err error) {
.\gitmap\cmd\versionhistory.go|39|bare bool return|func parseVersionHistoryFlags(args []string) (int, bool) {
.\gitmap\cmd\versionhistoryrender.go|35|raw error return|func encodeVersionHistoryJSON(w io.Writer, records []model.RepoVersionHistoryRecord) error {
.\gitmap\cmd\visibilityallbulk.go|62|bare bool return|func runMakeAllVisibility(target, cmdName string, args []string, exceptLatestDefault bool) {
.\gitmap\cmd\visibilityallbulk.go|252|bare bool return|func confirmOrAbort(matches []visibility.MatchedRepo, yes bool) []visibility.MatchedRepo {
.\gitmap\cmd\visibilityapply.go|24|bare bool return|func mustReadCurrentVisibility(ctx visibilityContext, verbose bool) string {
.\gitmap\cmd\visibilityapply.go|71|bare bool return|func applyVisibilityOrExit(ctx visibilityContext, target string, verbose bool) {
.\gitmap\cmd\visibilityapply.go|98|bare bool return|func verifyVisibilityOrExit(ctx visibilityContext, target string, verbose bool) {
.\gitmap\cmd\visibilityapply.go|109|raw error return|func runProviderCLI(provider string, args []string, verbose bool) (string, error) {
.\gitmap\cmd\visibilityapply.go|109|bare bool return|func runProviderCLI(provider string, args []string, verbose bool) (string, error) {
.\gitmap\cmd\visibilityapply.go|125|raw error return|func runProviderCLICapturingStderr(provider string, args []string, verbose bool) (string, error) {
.\gitmap\cmd\visibilityapply.go|125|bare bool return|func runProviderCLICapturingStderr(provider string, args []string, verbose bool) (string, error) {
.\gitmap\cmd\visibilityapplyone.go|33|bare bool return|func applyOneRepo(owner ownerContext, repoName, target string, verbose bool) applyStatus {
.\gitmap\cmd\visibilityapplyone.go|40|bare bool return|func applyOneRepoTo(w io.Writer, owner ownerContext, repoName, target string, verbose bool) applyStatus {
.\gitmap\cmd\visibilityapplyone.go|65|fmt.Errorf|err := fmt.Errorf("verify failed: got=%q want=%q (%v)", verified, target, verifyErr)
.\gitmap\cmd\visibilityapplyone.go|79|raw error return|func readVisibilityNoExit(ctx visibilityContext, verbose bool) (string, error) {
.\gitmap\cmd\visibilityapplyone.go|79|bare bool return|func readVisibilityNoExit(ctx visibilityContext, verbose bool) (string, error) {
.\gitmap\cmd\visibilityapplyone.go|83|fmt.Errorf|return "", fmt.Errorf("Error: read visibility failed for %s: %v (operation: %s repo view, reason: %s)",
.\gitmap\cmd\visibilityapplyone.go|92|raw error return|func applyVisibilityNoExit(ctx visibilityContext, target string, verbose bool) error {
.\gitmap\cmd\visibilityapplyone.go|92|bare bool return|func applyVisibilityNoExit(ctx visibilityContext, target string, verbose bool) error {
.\gitmap\cmd\visibilityapplyone.go|99|fmt.Errorf|return fmt.Errorf("Error: apply visibility failed for %s: %v (operation: %s repo edit, reason: %s)",
.\gitmap\cmd\visibilityauthstatus.go|21|bare bool return|func mustEnsureProviderAuth(provider string, verbose bool) {
.\gitmap\cmd\visibilitybulk.go|29|bare bool return|func maybeRunBulkVisibility(positional []string, target string, opts visibilityFlags) bool {
.\gitmap\cmd\visibilitybulk.go|46|bare bool return|func parseBulkRequest(positional []string) (bulkVisibilityRequest, bool) {
.\gitmap\cmd\visibilitybulk.go|57|bare bool return|func parseBulkSingleArg(arg string) (bulkVisibilityRequest, bool) {
.\gitmap\cmd\visibilitybulk.go|68|bare bool return|func parseBulkPairArg(repoArg, countArg string) (bulkVisibilityRequest, bool) {
.\gitmap\cmd\visibilitybulkhelpers.go|36|raw error return|func readVisibilitySoft(ctx visibilityContext, verbose bool) (string, error) {
.\gitmap\cmd\visibilitybulkhelpers.go|36|bare bool return|func readVisibilitySoft(ctx visibilityContext, verbose bool) (string, error) {
.\gitmap\cmd\visibilitybulkhelpers.go|41|fmt.Errorf|return "", fmt.Errorf("read visibility for %s: %w", ctx.Slug, err)
.\gitmap\cmd\visibilitybulkprompt.go|74|bare bool return|func promptConfirmOrExclude(in io.Reader, out io.Writer, matches []visibility.MatchedRepo) ([]visibility.MatchedRepo, bool) {
.\gitmap\cmd\visibilitybulkprompt.go|96|bare bool return|func handlePromptLine(raw string, current []visibility.MatchedRepo, out io.Writer) ([]visibility.MatchedRepo, bool, bool) {
.\gitmap\cmd\visibilitydriftguard.go|27|bare bool return|func decideDriftAction(current, expected string, force bool) driftAction {
.\gitmap\cmd\visibilityexceptlatest.go|76|bare bool return|func parseVersionedName(name string) (string, int, bool) {
.\gitmap\cmd\visibilityhistory.go|45|raw error return|func loadHistoryRuns(db *store.DB, limit int, f historyFilters) ([]model.MakeAllVisibilityRunRecord, error) {
.\gitmap\cmd\visibilitymakelast.go|69|bare bool return|func parseMakeLastArgs(args []string) (string, string, bool) {
.\gitmap\cmd\visibilitymakelast.go|112|bare bool return|func lookupIndexHighest(provider, owner, base string) (string, int, bool) {
.\gitmap\cmd\visibilitymakelast.go|121|bare bool return|func confirmSingle(repoName, target string) bool {
.\gitmap\cmd\visibilityownerlist.go|30|raw error return|func listOwnerRepos(provider, owner string, verbose bool) ([]string, error) {
.\gitmap\cmd\visibilityownerlist.go|30|bare bool return|func listOwnerRepos(provider, owner string, verbose bool) ([]string, error) {
.\gitmap\cmd\visibilityownerlist.go|34|fmt.Errorf|return nil, fmt.Errorf("Error: provider repo list failed for %s/%s: %v (operation: %s %s, reason: %s, stderr: %s)",
.\gitmap\cmd\visibilityownerlist.go|40|fmt.Errorf|return nil, fmt.Errorf("Error: cannot parse provider repo list for %s/%s: %v (operation: json decode, reason: %s)",
.\gitmap\cmd\visibilityownerlist.go|65|raw error return|func parseOwnerRepoNames(raw string) ([]string, error) {
.\gitmap\cmd\visibilityownerlistcache.go|23|raw error return|func listOwnerReposCached(provider, owner string, flags bulkFlags) ([]string, error) {
.\gitmap\cmd\visibilityownerlistcache.go|76|bare bool return|func readOwnerRepoListCache(db *store.DB, provider, owner string, ttl time.Duration) ([]string, time.Duration, bool) {
.\gitmap\cmd\visibilityparallel.go|80|bare bool return|func applyBulkLoopSeq(ctx ownerContext, target string, matches []visibility.MatchedRepo, verbose bool, audit *runAudit) (int, int, int) {
.\gitmap\cmd\visibilityresolve.go|81|bare bool return|func isLocalRemote(url string) bool {
.\gitmap\cmd\visibilityresolve.go|136|bare bool return|func mustEnsureProviderCLI(provider string, verbose bool) {
.\gitmap\cmd\visibilityresolveowner.go|35|raw error return|func ResolveOwnerOnly(arg string) (ownerContext, error) {
.\gitmap\cmd\visibilityresolveowner.go|41|fmt.Errorf|return ownerContext{}, fmt.Errorf("Error: empty target (operation: resolve-owner, reason: arg is blank)")
.\gitmap\cmd\visibilityresolveowner.go|56|bare bool return|func isURLLike(arg string) bool {
.\gitmap\cmd\visibilityresolveowner.go|70|bare bool return|func isBareHostOwner(arg string) bool {
.\gitmap\cmd\visibilityresolveowner.go|86|raw error return|func ownerFromURL(url string) (ownerContext, error) {
.\gitmap\cmd\visibilityresolveowner.go|89|fmt.Errorf|return ownerContext{}, fmt.Errorf("Error: unrecognized provider at %s (operation: classify-host, reason: not github.com or gitlab.com)", url)
.\gitmap\cmd\visibilityresolveowner.go|94|fmt.Errorf|return ownerContext{}, fmt.Errorf("Error: missing owner in URL %s (operation: parse-url, reason: empty path segment)", url)
.\gitmap\cmd\visibilityresolveowner.go|145|raw error return|func ownerFromBareHostOwner(arg string) (ownerContext, error) {
.\gitmap\cmd\visibilityresolveowner.go|150|fmt.Errorf|return ownerContext{}, fmt.Errorf("Error: unrecognized host %s (operation: classify-host, reason: not github.com or gitlab.com)", host)
.\gitmap\cmd\visibilityresolveowner.go|158|raw error return|func ownerFromFolder(path string) (ownerContext, error) {
.\gitmap\cmd\visibilityresolveowner.go|161|fmt.Errorf|return ownerContext{}, fmt.Errorf("Error: failed to resolve folder at %s: %v (operation: filepath.Abs, reason: %s)", path, err, err.Error())
.\gitmap\cmd\visibilityresolveowner.go|165|fmt.Errorf|return ownerContext{}, fmt.Errorf("Error: folder not found at %s: %v (operation: stat, reason: %s)", abs, statErr, statErr.Error())
.\gitmap\cmd\visibilityresolveowner.go|170|fmt.Errorf|return ownerContext{}, fmt.Errorf("Error: no origin remote at %s: %v (operation: gitutil.RemoteURL, reason: %s)", abs, err, errString(err))
.\gitmap\cmd\visibilityresolveowner.go|184|raw error return|func errString(err error) string {
.\gitmap\cmd\visibilityundoflags.go|44|fmt.Errorf|fmt.Fprintf(os.Stderr, constants.ErrUndoBadRunFlagFmt, "", fmt.Errorf("missing value"), "no value after --run")
.\gitmap\cmd\visibilityundojson.go|36|raw error return|func renderUndoJSON(s undoJSONSummary) ([]byte, error) {
.\gitmap\cmd\visibilityundojson_test.go|44|bare bool return|func containsJSONFragment(s, sub string) bool {
.\gitmap\cmd\vscodecustomtags.go|85|bare bool return|func matchSingleTagFlag(args []string, i int, name string) (hit bool, value string, consumed int) {
.\gitmap\cmd\vscodepmpath.go|36|raw error return|func printVSCodePMPathError(path string, err error) {
.\gitmap\cmd\vscodepmscan.go|12|bare bool return|func syncRecordsToVSCodePM(records []model.ScanRecord, noVSCodeSync, noAutoTags bool) {
.\gitmap\cmd\vscodepmscan.go|24|bare bool return|func buildScanPMPairs(records []model.ScanRecord, noAutoTags bool) []vscodepm.Pair {
.\gitmap\cmd\vscodepmsofterror.go|37|raw error return|func reportVSCodePMSoftError(err error) {
.\gitmap\cmd\vscodepmsync.go|60|bare bool return|func loadVSCodePMEntries(opts vscodePMSyncOpts) (string, []vscodepm.Entry, bool) {
.\gitmap\cmd\vscodepmsync.go|87|raw error return|func firstNonNil(errs ...error) error {
.\gitmap\cmd\vscodepmsync.go|143|bare bool return|func rootPathExists(rootPath string) bool {
.\gitmap\cmd\vscodepmsync.go|187|raw error return|func runVSCodePMSyncWriter(pairs []vscodepm.Pair, opts vscodePMSyncOpts) (vscodepm.SyncSummary, error) {
.\gitmap\cmd\vscodepmsync_flags.go|69|raw error return|func (t *tagListValue) Set(raw string) error {
.\gitmap\cmd\vscodepmsync_flags.go|89|raw error return|func parseVSCodePMSyncFlags(args []string) (vscodePMSyncOpts, error) {
.\gitmap\cmd\vscodepmsync_flags.go|109|fmt.Errorf|return vscodePMSyncOpts{}, fmt.Errorf("vscode-pm-sync: %w", err)
.\gitmap\cmd\vscodepmsync_testhelper_test.go|94|bare bool return|func containsTag(tags []string, tag string) bool {
.\gitmap\cmd\vscodesyncdisabled.go|60|bare bool return|func isVSCodeSyncDisabled() bool {
.\gitmap\cmd\vscodeworkspace.go|84|raw error return|func loadReposForWorkspace() ([]model.ScanRecord, error) {
.\gitmap\cmd\vscodeworkspace.go|87|fmt.Errorf|return nil, fmt.Errorf(constants.ErrVSCodeWorkspaceDBOpen, err)
.\gitmap\cmd\vscodeworkspace.go|92|fmt.Errorf|return nil, fmt.Errorf(constants.ErrVSCodeWorkspaceDBOpen, err)
.\gitmap\cmd\vscodeworkspace.go|97|fmt.Errorf|return nil, fmt.Errorf(constants.ErrVSCodeWorkspaceDBList, err)
.\gitmap\cmd\vscodeworkspace.go|128|bare bool return|func resolveFolderPath(repoRoot, rootSubdir string) (string, bool) {
.\gitmap\cmd\vscodeworkspace.go|142|bare bool return|func matchesWorkspaceTag(rootPath, tag string) bool {
.\gitmap\cmd\watch.go|35|bare bool return|func parseWatchFlags(args []string) (int, string, bool, bool) {
.\gitmap\cmd\watch.go|72|bare bool return|func runWatchLoop(records []model.ScanRecord, interval int, noFetch bool) {
.\gitmap\cmd\watch.go|90|bare bool return|func printWatchJSON(records []model.ScanRecord, noFetch bool) {
.\gitmap\cmd\watchformat.go|12|bare bool return|func printWatchDashboard(records []model.ScanRecord, interval int, noFetch bool) {
.\gitmap\cmd\watchops.go|30|bare bool return|func collectAllStatuses(records []model.ScanRecord, noFetch bool) []watchSnapshot {
.\gitmap\cmd\watchops.go|70|bare bool return|func watchStatusLabel(dirty bool) string {
.\gitmap\cmd\watchrender.go|54|raw error return|func encodeWatchJSON(w io.Writer, snapshots []watchSnapshot, summary watchSummary, timestamp string) error {
.\gitmap\cmd\watchrender.go|74|raw error return|func renderWatchReposRaw(snapshots []watchSnapshot) (json.RawMessage, error) {
.\gitmap\cmd\watchrender.go|85|raw error return|func renderWatchSummaryRaw(summary watchSummary) (json.RawMessage, error) {
.\gitmap\cmd\workflow_open_pr.go|17|raw error return|func currentRepoOwnerRepo() (string, string, error) {
.\gitmap\cmd\workflow_open_pr.go|20|fmt.Errorf|return "", "", fmt.Errorf("no origin remote: %w", err)
.\gitmap\cmd\workflow_open_pr.go|28|fmt.Errorf|return "", "", fmt.Errorf("unparseable remote url: %s", u)
.\gitmap\cmd\workflow_open_pr.go|43|swallowed error|o, _, err = currentRepoOwnerRepo()
.\gitmap\cmd\zip.go|65|raw error return|func parseZipFlags(args []string) (archive.CreateOptions, []string, error) {
.\gitmap\cmd\zip.go|95|raw error return|func resolveCompressionMode(best, fast, standard bool) (archive.CompressionMode, error) {
.\gitmap\cmd\zip.go|95|bare bool return|func resolveCompressionMode(best, fast, standard bool) (archive.CompressionMode, error) {
.\gitmap\cmd\zip.go|103|fmt.Errorf|return "", fmt.Errorf(constants.ErrArchiveBadCompression, constants.CmdZip)
.\gitmap\cmd\zip.go|136|raw error return|func resolveAllSources(ctx context.Context, sources []string) ([]archive.ResolvedSource, error) {
.\gitmap\cmd\zipgroupcreate.go|50|swallowed error|_, err = db.CreateZipGroup(name, archiveName)
.\gitmap\cmd\zipgroupcreate.go|127|raw error return|func resolveZipPath(rawPath string) (repoPath, relativePath, fullPath string, isFolder bool, err error) {
.\gitmap\cmd\zipgroupcreate.go|127|bare bool return|func resolveZipPath(rawPath string) (repoPath, relativePath, fullPath string, isFolder bool, err error) {
.\gitmap\cmd\commitin\enums_test.go|197|bare bool return|func equalSlices(a, b []string) bool {
.\gitmap\cmd\commitin\parse.go|146|bare bool return|func isTailKeywordToken(tok string) bool {
.\gitmap\cmd\commitin\parse.go|161|bare bool return|func needsValue(tok string, bools map[string]bool) bool {
.\gitmap\cmd\commitin\parse_flags.go|73|bare bool return|func boolFlagSet() map[string]bool {
.\gitmap\cmd\commitin\parse_helpers.go|56|bare bool return|func classifyKeyword(token string) (string, int, bool, *ParseError) {
.\gitmap\cmd\commitin\checkpoint\checkpoint.go|53|raw error return|func Open(stateDir, inputFingerprint string, runID int64) (*File, error) {
.\gitmap\cmd\commitin\checkpoint\checkpoint.go|81|bare bool return|func (f *File) IsDone(sha string) bool {
.\gitmap\cmd\commitin\checkpoint\checkpoint.go|90|raw error return|func (f *File) MarkDone(sha string) error {
.\gitmap\cmd\commitin\checkpoint\checkpoint.go|102|raw error return|func (f *File) flushLocked() error {
.\gitmap\cmd\commitin\checkpoint\checkpoint_test.go|56|raw error return|func writeFile(p string, b []byte) error {
.\gitmap\cmd\commitin\checkpoint\oswrap.go|8|raw error return|func osWriteFile(p string, b []byte) error {
.\gitmap\cmd\commitin\dedupe\dedupe.go|22|raw error return|func Lookup(db *sql.DB, sourceSha string) (Verdict, error) {
.\gitmap\cmd\commitin\dedupe\dedupe.go|24|fmt.Errorf|return Verdict{}, fmt.Errorf("dedupe: nil db")
.\gitmap\cmd\commitin\dedupe\dedupe.go|27|fmt.Errorf|return Verdict{}, fmt.Errorf("dedupe: empty source sha")
.\gitmap\cmd\commitin\dedupe\dedupe.go|36|fmt.Errorf|return Verdict{}, fmt.Errorf("dedupe: select %s: %w", constants.TableCommitInShaMap, err)
.\gitmap\cmd\commitin\e2e\edge_helpers.go|27|bare bool return|func isLinux() bool { return strings.EqualFold(runtime.GOOS, "linux") }
.\gitmap\cmd\commitin\e2e\repo.go|112|bare bool return|func (r *Repo) headShaOpt() (string, bool) {
.\gitmap\cmd\commitin\finalize\finalize.go|51|bare bool return|func CleanupTemp(tempRunDir string, keepTemp bool) {
.\gitmap\cmd\commitin\funcintel\diff.go|19|bare bool return|func extractByRegex(src string, lineMatch func(line string) (string, bool)) map[string]struct{} {
.\gitmap\cmd\commitin\funcintel\lang_go.go|20|bare bool return|func matchGoFunc(line string) (string, bool) {
.\gitmap\cmd\commitin\funcintel\lang_java.go|17|bare bool return|func matchJava(line string) (string, bool) {
.\gitmap\cmd\commitin\funcintel\lang_javascript.go|20|bare bool return|func matchJsFunc(line string) (string, bool) {
.\gitmap\cmd\commitin\funcintel\lang_php.go|17|bare bool return|func matchPhp(line string) (string, bool) {
.\gitmap\cmd\commitin\funcintel\lang_python.go|17|bare bool return|func matchPy(line string) (string, bool) {
.\gitmap\cmd\commitin\funcintel\lang_rust.go|17|bare bool return|func matchRust(line string) (string, bool) {
.\gitmap\cmd\commitin\funcintel\lang_ts.go|20|bare bool return|func matchTs(line string) (string, bool) {
.\gitmap\cmd\commitin\message\pipeline.go|36|bare bool return|func isEmpty(msg string) bool { return strings.TrimSpace(msg) == "" }
.\gitmap\cmd\commitin\message\strip.go|26|bare bool return|func lineMatches(line string, rules []profile.MessageRule) bool {
.\gitmap\cmd\commitin\message\strip.go|35|bare bool return|func matchOne(line string, r profile.MessageRule) bool {
.\gitmap\cmd\commitin\message\weak.go|24|bare bool return|func matchesWeak(msg string, weakWords []string) bool {
.\gitmap\cmd\commitin\orchestrator\commit.go|45|bare bool return|func persistSource(ctx *runContext, staged workspace.StagedInput, c walk.SourceCommit, stdout io.Writer) (int64, int64, bool) {
.\gitmap\cmd\commitin\orchestrator\commit.go|77|bare bool return|func handleDedupe(ctx *runContext, srcID int64, c walk.SourceCommit, stdout io.Writer) bool {
.\gitmap\cmd\commitin\orchestrator\commit.go|177|raw error return|func recordFail(ctx *runContext, srcID int64, c walk.SourceCommit, msg string, cause error, stdout io.Writer) {
.\gitmap\cmd\commitin\orchestrator\conflict.go|29|bare bool return|func conflictCheck(ctx *runContext, plan replay.Plan, c walk.SourceCommit, stdout io.Writer) (shouldAbortRun, shouldSkipCommit bool) {
.\gitmap\cmd\commitin\orchestrator\exclude.go|30|bare bool return|func isExcluded(rel string, rules []profile.Exclusion) bool {
.\gitmap\cmd\commitin\orchestrator\exclude.go|40|bare bool return|func matchesExclusion(rel string, r profile.Exclusion) bool {
.\gitmap\cmd\commitin\orchestrator\exclude.go|50|bare bool return|func matchesFolder(rel, folder string) bool {
.\gitmap\cmd\commitin\orchestrator\input_cache.go|13|raw error return|func (c *runContext) inputRepoID(staged workspace.StagedInput) (int64, error) {
.\gitmap\cmd\commitin\orchestrator\save_profile.go|69|raw error return|func isExistsError(err error) bool {
.\gitmap\cmd\commitin\orchestrator\save_profile.go|69|bare bool return|func isExistsError(err error) bool {
.\gitmap\cmd\commitin\profile\default.go|19|raw error return|func ClearOtherDefaults(workspaceRoot, sourceRepoPath, keepName string) error {
.\gitmap\cmd\commitin\profile\default.go|26|fmt.Errorf|return fmt.Errorf("read profiles dir: %w", err)
.\gitmap\cmd\commitin\profile\default.go|43|raw error return|func clearOneDefault(workspaceRoot, name, sourceRepoPath string) error {
.\gitmap\cmd\commitin\profile\io.go|22|raw error return|func LoadFromDisk(workspaceRoot, name string) (*Profile, error) {
.\gitmap\cmd\commitin\profile\io.go|44|raw error return|func SaveToDisk(workspaceRoot string, p *Profile, allowOverwrite bool) error {
.\gitmap\cmd\commitin\profile\io.go|44|bare bool return|func SaveToDisk(workspaceRoot string, p *Profile, allowOverwrite bool) error {
.\gitmap\cmd\commitin\profile\io.go|48|fmt.Errorf|return fmt.Errorf("profile %q already exists", p.Name)
.\gitmap\cmd\commitin\profile\io.go|51|fmt.Errorf|return fmt.Errorf("mkdir profiles: %w", err)
.\gitmap\cmd\commitin\profile\io.go|59|fmt.Errorf|return fmt.Errorf("write tmp: %w", err)
.\gitmap\cmd\commitin\profile\io.go|62|fmt.Errorf|return fmt.Errorf("rename: %w", err)
.\gitmap\cmd\commitin\profile\io.go|68|raw error return|func profileExists(path string) error {
.\gitmap\cmd\commitin\profile\io.go|71|fmt.Errorf|return fmt.Errorf("profile %q already exists", filepath.Base(path))
.\gitmap\cmd\commitin\profile\io.go|77|bare bool return|func isExistingFile(path string) bool {
.\gitmap\cmd\commitin\profile\json.go|46|raw error return|func Decode(raw []byte) (*Profile, error) {
.\gitmap\cmd\commitin\profile\json.go|61|raw error return|func Encode(p *Profile) ([]byte, error) {
.\gitmap\cmd\commitin\profile\types.go|66|raw error return|func (e *LoadError) Unwrap() error { return e.Cause }
.\gitmap\cmd\commitin\prompt\prompt.go|28|bare bool return|func New(noPrompt bool) *Asker {
.\gitmap\cmd\commitin\prompt\prompt.go|35|raw error return|func (a *Asker) AskString(field, question, fallback string) (string, error) {
.\gitmap\cmd\commitin\prompt\prompt.go|50|fmt.Errorf|return "", fmt.Errorf("read answer: %w", err)
.\gitmap\cmd\commitin\prompt\prompt.go|61|raw error return|func (a *Asker) AskEnum(field, question string, valid []string, fallback string) (string, error) {
.\gitmap\cmd\commitin\prompt\prompt.go|74|bare bool return|func isMember(v string, set []string) bool {
.\gitmap\cmd\commitin\replay\clobber.go|16|raw error return|func DetectClobbers(p Plan) ([]string, error) {
.\gitmap\cmd\commitin\replay\clobber.go|26|fmt.Errorf|return nil, fmt.Errorf("clobber check %s: %w", rel, err)
.\gitmap\cmd\commitin\replay\clobber.go|38|raw error return|func oneFileClobbers(p Plan, head, rel string) (bool, error) {
.\gitmap\cmd\commitin\replay\clobber.go|38|bare bool return|func oneFileClobbers(p Plan, head, rel string) (bool, error) {
.\gitmap\cmd\commitin\replay\clobber.go|41|fmt.Errorf|return false, fmt.Errorf("source side: %w", err)
.\gitmap\cmd\commitin\replay\clobber.go|53|raw error return|func blobHashAt(dir, sha, rel string) (string, error) {
.\gitmap\cmd\commitin\replay\replay.go|40|raw error return|func ApplyCommit(p Plan, dryRun bool) (Result, error) {
.\gitmap\cmd\commitin\replay\replay.go|45|fmt.Errorf|return Result{}, fmt.Errorf("replay: stage files: %w", err)
.\gitmap\cmd\commitin\replay\replay.go|49|fmt.Errorf|return Result{}, fmt.Errorf("replay: write-tree: %w", err)
.\gitmap\cmd\commitin\replay\replay.go|54|fmt.Errorf|return Result{}, fmt.Errorf("replay: commit-tree: %w", err)
.\gitmap\cmd\commitin\replay\replay.go|57|fmt.Errorf|return Result{}, fmt.Errorf("replay: update-ref: %w", err)
.\gitmap\cmd\commitin\replay\replay.go|65|raw error return|func stageFiles(p Plan) error {
.\gitmap\cmd\commitin\replay\replay.go|68|fmt.Errorf|return fmt.Errorf("file %s: %w", rel, err)
.\gitmap\cmd\commitin\replay\replay.go|77|raw error return|func copyOneFile(p Plan, rel string) error {
.\gitmap\cmd\commitin\replay\replay.go|80|fmt.Errorf|return fmt.Errorf("cat-file: %w", err)
.\gitmap\cmd\commitin\replay\replay.go|84|fmt.Errorf|return fmt.Errorf("hash-object: %w", err)
.\gitmap\cmd\commitin\replay\replay.go|87|fmt.Errorf|return fmt.Errorf("update-index: %w", err)
.\gitmap\cmd\commitin\replay\replay.go|93|raw error return|func writeTree(target string) (string, error) {
.\gitmap\cmd\commitin\replay\replay.go|100|raw error return|func readHead(target string) (string, error) {
.\gitmap\cmd\commitin\replay\replay.go|110|raw error return|func commitTree(p Plan, tree, parent string) (string, error) {
.\gitmap\cmd\commitin\replay\replay.go|124|raw error return|func updateHead(target, newSha string) error {
.\gitmap\cmd\commitin\replay\replay_test.go|88|raw error return|func cannedTextResponse(sub string) (string, error) {
.\gitmap\cmd\commitin\replay\replay_test.go|98|bare bool return|func contains(haystack []string, needle string) bool {
.\gitmap\cmd\commitin\replay\runner.go|29|raw error return|func defaultGitRunner(repoDir, sub string, args ...string) (string, error) {
.\gitmap\cmd\commitin\replay\runner.go|34|fmt.Errorf|return trimmed, fmt.Errorf("git %s: %w (%s)", sub, err, strings.TrimSpace(trimmed))
.\gitmap\cmd\commitin\replay\runner.go|41|raw error return|func defaultGitRunnerBytes(repoDir, sub string, args ...string) ([]byte, error) {
.\gitmap\cmd\commitin\replay\runner.go|48|fmt.Errorf|return out, fmt.Errorf("git %s: %w (%s)", sub, err, strings.TrimSpace(stderr.String()))
.\gitmap\cmd\commitin\replay\runner.go|54|raw error return|func defaultGitRunnerEnv(repoDir string, extraEnv []string, args ...string) (string, error) {
.\gitmap\cmd\commitin\replay\runner.go|61|fmt.Errorf|return trimmed, fmt.Errorf("git %s: %w (%s)", args[0], err, strings.TrimSpace(trimmed))
.\gitmap\cmd\commitin\replay\runner.go|67|raw error return|func defaultHashObjectStdin(repoDir string, data []byte) (string, error) {
.\gitmap\cmd\commitin\replay\runner.go|73|fmt.Errorf|return trimmed, fmt.Errorf("git hash-object: %w (%s)", err, trimmed)
.\gitmap\cmd\commitin\runlog\inputs.go|12|raw error return|func InsertInputRepo(db *sql.DB, runID int64, orderIndex int, originalRef, resolvedPath, kind string) (int64, error) {
.\gitmap\cmd\commitin\runlog\inputs.go|15|fmt.Errorf|return 0, fmt.Errorf("runlog: lookup InputKind %q: %w", kind, err)
.\gitmap\cmd\commitin\runlog\inputs.go|19|fmt.Errorf|return 0, fmt.Errorf("runlog: insert InputRepo: %w", err)
.\gitmap\cmd\commitin\runlog\inputs.go|27|raw error return|func InsertSourceCommit(db *sql.DB, inputRepoID int64, c SourceCommitRow) (int64, error) {
.\gitmap\cmd\commitin\runlog\inputs.go|30|fmt.Errorf|return 0, fmt.Errorf("runlog: begin tx: %w", err)
.\gitmap\cmd\commitin\runlog\inputs.go|42|fmt.Errorf|return 0, fmt.Errorf("runlog: commit tx: %w", err)
.\gitmap\cmd\commitin\runlog\inputs.go|48|raw error return|func insertSourceCommitTx(tx *sql.Tx, inputRepoID int64, c SourceCommitRow) (int64, error) {
.\gitmap\cmd\commitin\runlog\inputs.go|55|fmt.Errorf|return 0, fmt.Errorf("runlog: insert SourceCommit %s: %w", c.Sha, err)
.\gitmap\cmd\commitin\runlog\inputs.go|61|raw error return|func insertSourceFilesTx(tx *sql.Tx, sourceCommitID int64, files []string) error {
.\gitmap\cmd\commitin\runlog\inputs.go|64|fmt.Errorf|return fmt.Errorf("runlog: insert SourceCommitFile %q: %w", rel, err)
.\gitmap\cmd\commitin\runlog\lookup.go|11|raw error return|func lookupEnumID(db *sql.DB, table, idCol, name string) (int64, error) {
.\gitmap\cmd\commitin\runlog\lookup.go|16|fmt.Errorf|return 0, fmt.Errorf("lookup %s.%s where Name=%q: %w", table, idCol, name, err)
.\gitmap\cmd\commitin\runlog\releasebranch.go|27|bare bool return|func ResolveReleaseBranchName(tagName string, isAnnotated, isNoReleaseBranch, isDryRun bool) string {
.\gitmap\cmd\commitin\runlog\results.go|13|raw error return|func RecordRewritten(db *sql.DB, runID, sourceCommitID int64, r RewrittenRow) (int64, error) {
.\gitmap\cmd\commitin\runlog\results.go|16|fmt.Errorf|return 0, fmt.Errorf("runlog: lookup outcome %q: %w", r.Outcome, err)
.\gitmap\cmd\commitin\runlog\results.go|35|raw error return|func RecordSkip(db *sql.DB, runID, sourceCommitID int64, reason string, previousRewrittenID *int64) error {
.\gitmap\cmd\commitin\runlog\results.go|38|fmt.Errorf|return fmt.Errorf("runlog: lookup skip reason %q: %w", reason, err)
.\gitmap\cmd\commitin\runlog\results.go|41|fmt.Errorf|return fmt.Errorf("runlog: insert SkipLog: %w", err)
.\gitmap\cmd\commitin\runlog\results.go|48|raw error return|func insertRewritten(db *sql.DB, runID, sourceCommitID, outcomeID int64, r RewrittenRow) (int64, error) {
.\gitmap\cmd\commitin\runlog\results.go|59|fmt.Errorf|return 0, fmt.Errorf("runlog: insert RewrittenCommit: %w", err)
.\gitmap\cmd\commitin\runlog\results.go|65|raw error return|func insertShaMap(db *sql.DB, sourceSha string, rewrittenID int64) error {
.\gitmap\cmd\commitin\runlog\results.go|67|fmt.Errorf|return fmt.Errorf("runlog: insert ShaMap %s: %w", sourceSha, err)
.\gitmap\cmd\commitin\runlog\runlog.go|15|raw error return|func StartRun(db *sql.DB, sourceRepoPath string, sourceURL *string, wasFreshlyInit bool, profileID *int64, startedAt time.Time) (int64, error) {
.\gitmap\cmd\commitin\runlog\runlog.go|15|bare bool return|func StartRun(db *sql.DB, sourceRepoPath string, sourceURL *string, wasFreshlyInit bool, profileID *int64, startedAt time.Time) (int64, error) {
.\gitmap\cmd\commitin\runlog\runlog.go|18|fmt.Errorf|return 0, fmt.Errorf("runlog: lookup RunStatus: %w", err)
.\gitmap\cmd\commitin\runlog\runlog.go|22|fmt.Errorf|return 0, fmt.Errorf("runlog: insert CommitInRun: %w", err)
.\gitmap\cmd\commitin\runlog\runlog.go|29|raw error return|func FinishRun(db *sql.DB, runID int64, status string, finishedAt time.Time) error {
.\gitmap\cmd\commitin\runlog\runlog.go|32|fmt.Errorf|return fmt.Errorf("runlog: lookup status %q: %w", status, err)
.\gitmap\cmd\commitin\runlog\runlog.go|35|fmt.Errorf|return fmt.Errorf("runlog: finish run %d: %w", runID, err)
.\gitmap\cmd\commitin\runlog\runlog.go|41|bare bool return|func boolToInt(b bool) int {
.\gitmap\cmd\commitin\runlog\tagreplay.go|75|raw error return|func RecordTagReplay(db *sql.DB, runID, rewrittenID int64, f TagReplayFacts) (int64, error) {
.\gitmap\cmd\commitin\runlog\tagreplay.go|77|fmt.Errorf|return 0, fmt.Errorf("runlog: tag %q: %w", f.SourceTagName, ErrLightweightVersionTag)
.\gitmap\cmd\commitin\runlog\tagreplay.go|82|fmt.Errorf|return 0, fmt.Errorf("runlog: lookup tag outcome %q: %w", f.Outcome, err)
.\gitmap\cmd\commitin\runlog\tagreplay.go|92|fmt.Errorf|return 0, fmt.Errorf("runlog: insert CommitInReplayMap: %w", err)
.\gitmap\cmd\commitin\runlog\tagreplay.go|100|raw error return|func LookupTagReplay(db *sql.DB, sourceTagName, sourceTagSha string) (TagReplayLookup, error) {
.\gitmap\cmd\commitin\runlog\tagreplay.go|109|fmt.Errorf|return got, fmt.Errorf("runlog: lookup tag replay %q: %w", sourceTagName, err)
.\gitmap\cmd\commitin\runlog\tagreplay.go|128|bare bool return|func IsAnnotatedSemverVersionTag(tagName string) bool {
.\gitmap\cmd\commitin\runlog\tagreplay.go|142|bare bool return|func ClassifyVersionTag(tagName string, isAnnotated bool) bool {
.\gitmap\cmd\commitin\walk\hydrate.go|17|raw error return|func hydrate(repoDir, sha string, orderIndex int) (SourceCommit, error) {
.\gitmap\cmd\commitin\walk\hydrate.go|34|raw error return|func readCommitMeta(repoDir, sha string) (SourceCommit, error) {
.\gitmap\cmd\commitin\walk\hydrate.go|37|fmt.Errorf|return SourceCommit{}, fmt.Errorf("show %s: %w", sha, err)
.\gitmap\cmd\commitin\walk\hydrate.go|41|fmt.Errorf|return SourceCommit{}, fmt.Errorf("malformed git show output for %s: %q", sha, out)
.\gitmap\cmd\commitin\walk\hydrate.go|48|raw error return|func assembleMeta(parts []string) (SourceCommit, error) {
.\gitmap\cmd\commitin\walk\hydrate.go|51|fmt.Errorf|return SourceCommit{}, fmt.Errorf("parse author date: %w", err)
.\gitmap\cmd\commitin\walk\hydrate.go|55|fmt.Errorf|return SourceCommit{}, fmt.Errorf("parse committer date: %w", err)
.\gitmap\cmd\commitin\walk\hydrate.go|80|raw error return|func readCommitFiles(repoDir, sha string) ([]string, error) {
.\gitmap\cmd\commitin\walk\hydrate.go|83|fmt.Errorf|return nil, fmt.Errorf("show files %s: %w", sha, err)
.\gitmap\cmd\commitin\walk\runner.go|19|raw error return|func defaultGitRunner(repoDir, sub string, args ...string) (string, error) {
.\gitmap\cmd\commitin\walk\runner.go|24|fmt.Errorf|return trimmed, fmt.Errorf("git %s: %w (%s)", sub, err, strings.TrimSpace(trimmed))
.\gitmap\cmd\commitin\walk\runner.go|31|raw error return|func SetGitRunnerForTest(fake func(repoDir, sub string, args ...string) (string, error)) func() {
.\gitmap\cmd\commitin\walk\walk.go|29|raw error return|func WalkFirstParent(repoDir string) ([]SourceCommit, error) {
.\gitmap\cmd\commitin\walk\walk.go|32|fmt.Errorf|return nil, fmt.Errorf("walk: list shas: %w", err)
.\gitmap\cmd\commitin\walk\walk.go|41|fmt.Errorf|return nil, fmt.Errorf("walk: hydrate %s: %w", sha, hyErr)
.\gitmap\cmd\commitin\walk\walk.go|50|raw error return|func listFirstParentShas(repoDir string) ([]string, error) {
.\gitmap\cmd\commitin\walk\walk.go|67|raw error return|func isEmptyRepoError(out string, err error) bool {
.\gitmap\cmd\commitin\walk\walk.go|67|bare bool return|func isEmptyRepoError(out string, err error) bool {
.\gitmap\cmd\commitin\walk\walk_test.go|61|raw error return|func fakeRunner(_, sub string, args ...string) (string, error) {
.\gitmap\cmd\commitin\walk\walk_test.go|73|raw error return|func fakeShow(args []string) (string, error) {
.\gitmap\cmd\commitin\walk\walk_test.go|88|bare bool return|func hasArg(args []string, want string) bool {
.\gitmap\cmd\commitin\workspace\clone.go|28|raw error return|func CloneInputs(p *Paths, runID int64, inputs []ResolvedInput) ([]StagedInput, error) {
.\gitmap\cmd\commitin\workspace\clone.go|45|raw error return|func ensureRunTempDir(p *Paths, runID int64) (string, error) {
.\gitmap\cmd\commitin\workspace\clone.go|48|fmt.Errorf|return "", fmt.Errorf("mkdir temp run dir %s: %w", dir, err)
.\gitmap\cmd\commitin\workspace\clone.go|55|raw error return|func stageOneInput(runDir string, in ResolvedInput) (StagedInput, error) {
.\gitmap\cmd\commitin\workspace\clone.go|64|fmt.Errorf|return StagedInput{}, fmt.Errorf(constants.CommitInErrInputOpen, in.Original, fmt.Errorf("unknown kind %q", in.Kind))
.\gitmap\cmd\commitin\workspace\clone.go|68|raw error return|func stageLocalFolder(in ResolvedInput) (StagedInput, error) {
.\gitmap\cmd\commitin\workspace\clone.go|71|fmt.Errorf|return StagedInput{}, fmt.Errorf(constants.CommitInErrInputOpen, in.Original, err)
.\gitmap\cmd\commitin\workspace\clone.go|74|fmt.Errorf|return StagedInput{}, fmt.Errorf(constants.CommitInErrInputOpen, in.Original, fmt.Errorf("not a directory"))
.\gitmap\cmd\commitin\workspace\clone.go|80|raw error return|func stageRemoteUrl(runDir string, in ResolvedInput) (StagedInput, error) {
.\gitmap\cmd\commitin\workspace\clone.go|83|fmt.Errorf|return StagedInput{}, fmt.Errorf(constants.CommitInErrInputClone, in.Original, err)
.\gitmap\cmd\commitin\workspace\clone.go|90|raw error return|func stageVersionedSibling(runDir string, in ResolvedInput) (StagedInput, error) {
.\gitmap\cmd\commitin\workspace\clone.go|93|fmt.Errorf|return StagedInput{}, fmt.Errorf(constants.CommitInErrInputClone, in.Original, err)
.\gitmap\cmd\commitin\workspace\expand.go|30|raw error return|func ExpandInputs(source string, inputs []string, keyword string, tail int) ([]ResolvedInput, error) {
.\gitmap\cmd\commitin\workspace\expand.go|38|raw error return|func expandExplicit(inputs []string) ([]ResolvedInput, error) {
.\gitmap\cmd\commitin\workspace\expand.go|40|fmt.Errorf|return nil, fmt.Errorf(constants.CommitInErrBadArgs, "no inputs to expand")
.\gitmap\cmd\commitin\workspace\expand.go|71|raw error return|func expandKeyword(source, keyword string, tail int) ([]ResolvedInput, error) {
.\gitmap\cmd\commitin\workspace\expand.go|77|fmt.Errorf|return nil, fmt.Errorf(constants.CommitInErrBadArgs, fmt.Sprintf("keyword %q matched zero siblings of %s", keyword, source))
.\gitmap\cmd\commitin\workspace\expand.go|102|raw error return|func discoverSiblings(source string) ([]ResolvedInput, error) {
.\gitmap\cmd\commitin\workspace\expand.go|105|fmt.Errorf|return nil, fmt.Errorf("absolutize source: %w", err)
.\gitmap\cmd\commitin\workspace\expand.go|111|fmt.Errorf|return nil, fmt.Errorf("read parent %s: %w", parent, readErr)
.\gitmap\cmd\commitin\workspace\expand.go|143|bare bool return|func matchSibling(base, name string) (int, bool) {
.\gitmap\cmd\commitin\workspace\lock.go|25|raw error return|func AcquireLock(p *Paths) (*LockHandle, error) {
.\gitmap\cmd\commitin\workspace\lock.go|27|fmt.Errorf|return nil, fmt.Errorf(constants.CommitInErrLockBusy, p.LockFile)
.\gitmap\cmd\commitin\workspace\lock.go|30|fmt.Errorf|return nil, fmt.Errorf("commit-in: lock write failed: %w", err)
.\gitmap\cmd\commitin\workspace\lock.go|54|bare bool return|func isLockHeldByLive(lockPath string) bool {
.\gitmap\cmd\commitin\workspace\lock.go|76|raw error return|func writeLockPid(lockPath string) error {
.\gitmap\cmd\commitin\workspace\lock.go|88|bare bool return|func isProcessAlive(pid int) bool {
.\gitmap\cmd\commitin\workspace\paths.go|28|raw error return|func EnsureWorkspace(sourceRoot string) (*Paths, error) {
.\gitmap\cmd\commitin\workspace\paths.go|31|fmt.Errorf|return nil, fmt.Errorf("absolutize source: %w", err)
.\gitmap\cmd\commitin\workspace\paths.go|57|raw error return|func makeDirs(p *Paths) error {
.\gitmap\cmd\commitin\workspace\paths.go|60|fmt.Errorf|return fmt.Errorf("mkdir %s: %w", dir, err)
.\gitmap\cmd\commitin\workspace\runner.go|17|raw error return|func defaultGitRunner(sub string, args ...string) error {
.\gitmap\cmd\commitin\workspace\runner.go|22|fmt.Errorf|return fmt.Errorf("git %s: %w (output: %s)", sub, err, strings.TrimSpace(string(out)))
.\gitmap\cmd\commitin\workspace\runner.go|30|raw error return|func SetGitRunnerForTest(fake func(sub string, args ...string) error) func() {
.\gitmap\cmd\commitin\workspace\source.go|41|raw error return|func EnsureSource(rawSource string) (*SourceHandle, error) {
.\gitmap\cmd\commitin\workspace\source.go|47|fmt.Errorf|return nil, fmt.Errorf("absolutize source: %w", err)
.\gitmap\cmd\commitin\workspace\source.go|57|fmt.Errorf|return nil, fmt.Errorf(constants.CommitInErrSourceMkdir, statErr)
.\gitmap\cmd\commitin\workspace\source.go|59|fmt.Errorf|return nil, fmt.Errorf("commit-in: source: %q is not a directory", abs)
.\gitmap\cmd\commitin\workspace\source.go|64|bare bool return|func isGitURL(s string) bool {
.\gitmap\cmd\commitin\workspace\source.go|81|raw error return|func resolveByClone(url string) (*SourceHandle, error) {
.\gitmap\cmd\commitin\workspace\source.go|84|fmt.Errorf|return nil, fmt.Errorf("getwd: %w", err)
.\gitmap\cmd\commitin\workspace\source.go|88|fmt.Errorf|return nil, fmt.Errorf(constants.CommitInErrSourceClone, err)
.\gitmap\cmd\commitin\workspace\source.go|94|raw error return|func resolveExistingDir(abs string) (*SourceHandle, error) {
.\gitmap\cmd\commitin\workspace\source.go|99|fmt.Errorf|return nil, fmt.Errorf(constants.CommitInErrSourceInit, err)
.\gitmap\cmd\commitin\workspace\source.go|105|raw error return|func resolveMissingDir(abs string) (*SourceHandle, error) {
.\gitmap\cmd\commitin\workspace\source.go|107|fmt.Errorf|return nil, fmt.Errorf(constants.CommitInErrSourceMkdir, err)
.\gitmap\cmd\commitin\workspace\source.go|110|fmt.Errorf|return nil, fmt.Errorf(constants.CommitInErrSourceInit, err)
.\gitmap\cmd\commitin\workspace\source.go|117|bare bool return|func hasGitMetadata(dir string) bool {
.\gitmap\cmd\commitin\workspace\source.go|137|raw error return|func runGitClone(url, target string) error {
.\gitmap\cmd\commitin\workspace\source.go|143|raw error return|func runGitInit(dir string) error {
.\gitmap\committransfer\git.go|15|raw error return|func gitOut(dir string, args ...string) (string, error) {
.\gitmap\committransfer\git.go|20|fmt.Errorf|return trimmed, fmt.Errorf("git %s: %w (%s)", strings.Join(args, " "), err, trimmed)
.\gitmap\committransfer\git.go|29|raw error return|func currentRefName(dir string) (string, error) {
.\gitmap\committransfer\git.go|40|raw error return|func mergeBase(dir, a, b string) (string, error) {
.\gitmap\committransfer\git.go|51|raw error return|func revListReverse(dir, base, head string, includeMerges bool) ([]string, error) {
.\gitmap\committransfer\git.go|51|bare bool return|func revListReverse(dir, base, head string, includeMerges bool) ([]string, error) {
.\gitmap\committransfer\git.go|76|raw error return|func readCommit(dir, sha string) (subject, body, author, shortSHA string, when time.Time, err error) {
.\gitmap\committransfer\git.go|85|fmt.Errorf|err = fmt.Errorf("unexpected git show output for %s: %q", sha, out)
.\gitmap\committransfer\git.go|100|raw error return|func checkoutDetached(dir, sha string) error {
.\gitmap\committransfer\git.go|108|raw error return|func checkoutRef(dir, ref string) error {
.\gitmap\committransfer\git.go|116|raw error return|func commitWithEnv(dir, msg, author string, when time.Time) (string, error) {
.\gitmap\committransfer\git.go|121|fmt.Errorf|return "", fmt.Errorf("git commit: %w (%s)", err, strings.TrimSpace(string(out)))
.\gitmap\committransfer\git.go|155|raw error return|func addAll(dir string) error {
.\gitmap\committransfer\git.go|163|bare bool return|func hasStagedChanges(dir string) bool {
.\gitmap\committransfer\git.go|172|raw error return|func pushHEAD(dir string) (string, error) {
.\gitmap\committransfer\git.go|180|raw error return|func recentLogSubjectsAndBodies(dir string, n int) (string, error) {
.\gitmap\committransfer\interleave.go|24|raw error return|func RunBothInterleaved(leftDir, rightDir string, opts Options) error {
.\gitmap\committransfer\interleave.go|27|fmt.Errorf|return fmt.Errorf("interleave plan L→R: %w", err)
.\gitmap\committransfer\interleave.go|31|fmt.Errorf|return fmt.Errorf("interleave plan R→L: %w", err)
.\gitmap\committransfer\interleave.go|69|raw error return|func executeInterleaveStream(stream []interleaveStep, ltr, rtl ReplayPlan, opts Options) error {
.\gitmap\committransfer\interleave.go|96|raw error return|func replayInterleaveSteps(stream []interleaveStep, ltr, rtl ReplayPlan, opts Options) error {
.\gitmap\committransfer\interleave.go|110|fmt.Errorf|return fmt.Errorf("interleave step %d (%s %s): %w",
.\gitmap\committransfer\log.go|98|bare bool return|func Confirm(prefix string) bool {
.\gitmap\committransfer\message.go|103|bare bool return|func startsWithAny(lowerSubject string, prefixes ...string) bool {
.\gitmap\committransfer\message.go|149|bare bool return|func AlreadyReplayed(recentLog, sourceDisplay, shortSHA string) bool {
.\gitmap\committransfer\message.go|179|bare bool return|func SetHasReplayed(set map[string]struct{}, sourceDisplay, shortSHA string) bool {
.\gitmap\committransfer\plan.go|10|raw error return|func BuildPlan(sourceDir, targetDir string, opts Options) (ReplayPlan, error) {
.\gitmap\committransfer\plan.go|13|fmt.Errorf|return ReplayPlan{}, fmt.Errorf("read source HEAD ref: %w", err)
.\gitmap\committransfer\plan.go|21|fmt.Errorf|return ReplayPlan{}, fmt.Errorf("rev-list source: %w", err)
.\gitmap\committransfer\plan.go|47|bare bool return|func countMergeExcluded(sourceDir, base string, includeMerges bool, mainlineCount int) int {
.\gitmap\committransfer\plan.go|65|raw error return|func resolveBase(sourceDir, targetDir, since string) (string, error) {
.\gitmap\committransfer\plan.go|104|raw error return|func hydrateCommit(sourceDir, sha string, replayedSet map[string]struct{}, opts Options) (SourceCommit, error) {
.\gitmap\committransfer\plan.go|107|fmt.Errorf|return SourceCommit{}, fmt.Errorf("read commit %s: %w", sha, err)
.\gitmap\committransfer\plan.go|131|bare bool return|func isDropSkip(cause string) bool {
.\gitmap\committransfer\replay.go|18|raw error return|func Replay(plan ReplayPlan, opts Options) (ReplayResult, error) {
.\gitmap\committransfer\replay.go|35|fmt.Errorf|return res, fmt.Errorf("commit %d/%d (%s): %w",
.\gitmap\committransfer\replay.go|62|raw error return|func replayOne(plan ReplayPlan, commit SourceCommit, opts Options) (string, bool, error) {
.\gitmap\committransfer\replay.go|62|bare bool return|func replayOne(plan ReplayPlan, commit SourceCommit, opts Options) (string, bool, error) {
.\gitmap\committransfer\replay.go|64|fmt.Errorf|return "", false, fmt.Errorf("checkout source %s: %w", commit.ShortSHA, err)
.\gitmap\committransfer\replay.go|67|fmt.Errorf|return "", false, fmt.Errorf("snapshot copy: %w", err)
.\gitmap\committransfer\replay.go|73|fmt.Errorf|return "", false, fmt.Errorf("git add -A target: %w", err)
.\gitmap\committransfer\replay.go|102|raw error return|func snapshotCopy(source, target string, opts Options) error {
.\gitmap\committransfer\replay.go|136|bare bool return|func shouldSkipPath(rel string, opts Options) bool {
.\gitmap\committransfer\replay.go|152|raw error return|func copyOne(src, dst string, info os.FileInfo) error {
.\gitmap\committransfer\replay.go|166|swallowed error|_, err = io.Copy(out, in)
.\gitmap\committransfer\replay.go|173|raw error return|func mirrorPrune(target string, wanted map[string]struct{}, opts Options) error {
.\gitmap\committransfer\run.go|14|raw error return|func RunRight(sourceDir, targetDir string, opts Options) error {
.\gitmap\committransfer\run.go|20|bare bool return|func maybePush(targetDir string, opts Options, newCount int) bool {
.\gitmap\committransfer\runleftboth.go|15|raw error return|func RunLeft(leftDir, rightDir string, opts Options) error {
.\gitmap\committransfer\runleftboth.go|32|raw error return|func RunBoth(leftDir, rightDir string, opts Options) error {
.\gitmap\committransfer\runleftboth.go|35|fmt.Errorf|return fmt.Errorf("left→right pass: %w", err)
.\gitmap\committransfer\runleftboth.go|40|fmt.Errorf|return fmt.Errorf("right→left pass: %w", err)
.\gitmap\committransfer\runleftboth.go|49|raw error return|func runOneDirection(sourceDir, targetDir string, opts Options) error {
.\gitmap\committransfer\runleftboth.go|52|fmt.Errorf|return fmt.Errorf("build plan: %w", err)
.\gitmap\completion\cdfunction.go|14|raw error return|func InstallCDFunction(shell string) error {
.\gitmap\completion\cdfunction.go|17|fmt.Errorf|return fmt.Errorf(constants.ErrCompUnknownShell, shell)
.\gitmap\completion\cdfunction.go|26|raw error return|func installPowerShellCDFunction(snippet string) error {
.\gitmap\completion\cdfunction.go|37|raw error return|func installPowerShellCommandShim() error {
.\gitmap\completion\cdfunction.go|85|raw error return|func appendCDFunctions(snippet string, profilePaths []string) error {
.\gitmap\completion\cdfunction.go|96|raw error return|func appendCDFunction(snippet, profilePath string) error {
.\gitmap\completion\cdfunction.go|98|fmt.Errorf|return fmt.Errorf(constants.ErrCompProfileWrite, profilePath, err)
.\gitmap\completion\cdfunction.go|108|fmt.Errorf|return fmt.Errorf(constants.ErrCompProfileWrite, profilePath, err)
.\gitmap\completion\cdfunction.go|112|swallowed error|_, err = fmt.Fprintf(f, "\n%s\n%s\n", constants.CDFuncMarker, snippet)
.\gitmap\completion\cdfunction.go|114|fmt.Errorf|return fmt.Errorf(constants.ErrCompProfileWrite, profilePath, err)
.\gitmap\completion\cdfunction.go|122|raw error return|func updateExistingCDFunction(text, snippet, profilePath string) error {
.\gitmap\completion\cdfunction.go|131|fmt.Errorf|return fmt.Errorf(constants.ErrCompProfileWrite, profilePath, writeErr)
.\gitmap\completion\cdfunction.go|138|bare bool return|func hasCurrentCDFunction(text string) bool {
.\gitmap\completion\cdfunction.go|143|bare bool return|func hasCDFunctionEnd(text string) bool {
.\gitmap\completion\completion.go|32|raw error return|func Generate(shell string) (string, error) {
.\gitmap\completion\completion.go|41|fmt.Errorf|return "", fmt.Errorf(constants.ErrCompUnknownShell, shell)
.\gitmap\completion\dynamic.go|75|bare bool return|func isRepoPathCmd(cmd string) bool {
.\gitmap\completion\install.go|25|raw error return|func Install(shell string) error {
.\gitmap\completion\install.go|181|raw error return|func writeAndSource(script, scriptPath, profilePath, shell string) error {
.\gitmap\completion\install.go|195|raw error return|func addSourceLines(scriptPath string, profilePaths []string, shell string) error {
.\gitmap\completion\install.go|206|raw error return|func writeScriptFile(path, content string) error {
.\gitmap\completion\install.go|216|raw error return|func addSourceLine(scriptPath, profilePath, shell string) error {
.\gitmap\completion\install.go|219|fmt.Errorf|return fmt.Errorf(constants.ErrCompProfileWrite, profilePath, err)
.\gitmap\completion\install.go|231|fmt.Errorf|return fmt.Errorf(constants.ErrCompProfileWrite, profilePath, err)
.\gitmap\completion\install.go|235|swallowed error|_, err = fmt.Fprintf(f, "\n# gitmap shell completion\n%s\n", sourceLine)
.\gitmap\completion\install.go|237|fmt.Errorf|return fmt.Errorf(constants.ErrCompProfileWrite, profilePath, err)
.\gitmap\completion\internal\gencommands\main.go|88|raw error return|func checkUnmarkedBlocks() error {
.\gitmap\completion\internal\gencommands\main.go|91|fmt.Errorf|return fmt.Errorf("glob constants dir: %w", err)
.\gitmap\completion\internal\gencommands\main.go|99|fmt.Errorf|return fmt.Errorf("scan %s: %w", rel, err)
.\gitmap\completion\internal\gencommands\main.go|109|fmt.Errorf|return fmt.Errorf("found %d Cmd* constant(s) in const block(s) lacking the `// %s` marker:\n  %s\n"+
.\gitmap\completion\internal\gencommands\main.go|119|raw error return|func findUnmarkedCmdBlocks(rel string) ([]string, error) {
.\gitmap\completion\internal\gencommands\main.go|199|raw error return|func collect() ([]string, error) {
.\gitmap\completion\internal\gencommands\main.go|202|fmt.Errorf|return nil, fmt.Errorf("glob constants dir: %w", err)
.\gitmap\completion\internal\gencommands\main.go|206|fmt.Errorf|return nil, fmt.Errorf("no constants files found in %s", constantsDir)
.\gitmap\completion\internal\gencommands\main.go|213|fmt.Errorf|return nil, fmt.Errorf("scan %s: %w", rel, err)
.\gitmap\completion\internal\gencommands\main.go|231|raw error return|func scanFile(rel string, seen map[string]bool) error {
.\gitmap\completion\internal\gencommands\main.go|261|bare bool return|func hasMarker(cg *ast.CommentGroup, needle string) bool {
.\gitmap\completion\internal\gencommands\main.go|314|raw error return|func writeOutput(values []string) error {
.\gitmap\config\config.go|41|raw error return|func LoadFromFile(path string) (model.Config, error) {
.\gitmap\config\config.go|82|raw error return|func handleMissingFile(err error) error {
.\gitmap\config\config.go|91|raw error return|func parseConfig(data []byte, cfg model.Config) (model.Config, error) {
.\gitmap\config\validate.go|70|raw error return|func ValidateRawConfig(data []byte) error {
.\gitmap\config\validate.go|75|fmt.Errorf|return fmt.Errorf("config: invalid JSON: %w", err)
.\gitmap\config\validate.go|83|fmt.Errorf|return fmt.Errorf(
.\gitmap\config\validate.go|94|raw error return|func ValidateConfig(cfg model.Config) error {
.\gitmap\config\validate.go|102|fmt.Errorf|return fmt.Errorf(
.\gitmap\config\validate.go|156|bare bool return|func isAllowedValue(value string, allowed []string) bool {
.\gitmap\config\validate_shape.go|90|raw error return|func ValidateRawShape(data []byte) error {
.\gitmap\config\validate_shape.go|103|fmt.Errorf|return fmt.Errorf(
.\gitmap\config\validate_shape.go|168|raw error return|func ValidateConfigStruct(cfg model.Config) error {
.\gitmap\config\validate_shape.go|178|fmt.Errorf|return fmt.Errorf(
.\gitmap\constants\cmd_constants_parity_test.go|216|bare bool return|func parityCommentHas(cg *ast.CommentGroup, needle string) bool {
.\gitmap\crypto\encrypt.go|13|raw error return|func Encrypt(plaintext []byte, key []byte) (string, error) {
.\gitmap\crypto\encrypt.go|25|swallowed error|if _, err = io.ReadFull(rand.Reader, nonce); err != nil {
.\gitmap\crypto\encrypt.go|34|raw error return|func Decrypt(encodedCiphertext string, key []byte) ([]byte, error) {
.\gitmap\crypto\ssh_client.go|11|raw error return|func ConnectWithPassword(ip, user, password string) (*ssh.Client, error) {
.\gitmap\crypto\ssh_client.go|21|raw error return|func ConnectWithKey(ip, user, keyPath string) (*ssh.Client, error) {
.\gitmap\crypto\ssh_client.go|35|raw error return|func parseKeyFile(keyPath string) (ssh.Signer, error) {
.\gitmap\crypto\ssh_client.go|38|fmt.Errorf|return nil, fmt.Errorf("read private key: %w", err)
.\gitmap\crypto\ssh_client.go|43|fmt.Errorf|return nil, fmt.Errorf("parse private key: %w", err)
.\gitmap\crypto\ssh_client.go|50|raw error return|func RunCommand(client *ssh.Client, cmd, shellType string) (string, error) {
.\gitmap\crypto\ssh_client.go|60|fmt.Errorf|return string(out), fmt.Errorf("command execution failed: %w (output: %s)", err, string(out))
.\gitmap\dashboard\aggregate.go|157|bare bool return|func isMergeCommit(parents string) bool {
.\gitmap\dashboard\collector.go|23|raw error return|func Collect(opts CollectOptions) (model.DashboardData, error) {
.\gitmap\dashboard\collector.go|27|fmt.Errorf|return model.DashboardData{}, fmt.Errorf(constants.ErrDashCollect, err)
.\gitmap\dashboard\collector.go|109|raw error return|func collectCommits(opts CollectOptions) ([]model.CommitInfo, error) {
.\gitmap\dashboard\gitquery.go|13|raw error return|func queryBranches(repoPath string) ([]string, error) {
.\gitmap\dashboard\gitquery.go|24|raw error return|func queryTags(repoPath string) ([]string, error) {
.\gitmap\dashboard\gitquery.go|35|raw error return|func queryLog(repoPath string, limit int, since string, noMerges bool) (string, error) {
.\gitmap\dashboard\gitquery.go|35|bare bool return|func queryLog(repoPath string, limit int, since string, noMerges bool) (string, error) {
.\gitmap\dashboard\gitquery.go|46|bare bool return|func buildLogArgs(limit int, since string, noMerges bool) []string {
.\gitmap\dashboard\gitquery.go|94|raw error return|func runDashGit(dir string, args ...string) (string, error) {
.\gitmap\dashboard\parse.go|26|bare bool return|func parseOneCommit(block string) (model.CommitInfo, bool) {
.\gitmap\dashboard\writer.go|21|raw error return|func WriteJSON(outDir string, data model.DashboardData) (string, error) {
.\gitmap\dashboard\writer.go|40|raw error return|func renderHTMLContent(data model.DashboardData) ([]byte, error) {
.\gitmap\dashboard\writer.go|55|raw error return|func WriteHTML(outDir string, data model.DashboardData) (string, error) {
.\gitmap\dashboard\writer_test.go|13|bare bool return|func sampleDashboardData(recent bool) model.DashboardData {
.\gitmap\db\clusterexecresult.go|37|raw error return|func InsertClusterExecResult(ctx context.Context, db *sql.DB, result ClusterExecResult) (int64, error) {
.\gitmap\db\clusterexecresult.go|62|fmt.Errorf|return 0, fmt.Errorf("failed to insert ClusterExecResult: %w", err)
.\gitmap\db\clusterexecresult.go|67|fmt.Errorf|return 0, fmt.Errorf("failed to get last insert id for ClusterExecResult: %w", err)
.\gitmap\db\clusterexecresult.go|73|raw error return|func UpdateClusterExecResult(ctx context.Context, db *sql.DB, result ClusterExecResult) error {
.\gitmap\db\clusterexecresult.go|101|fmt.Errorf|return fmt.Errorf("failed to update ClusterExecResult %d: %w", result.ClusterExecResultId, err)
.\gitmap\db\clusterexecresult.go|107|raw error return|func SelectClusterExecResultsByRunId(ctx context.Context, db *sql.DB, runId int64) ([]ClusterExecResult, error) {
.\gitmap\db\clusterexecresult.go|118|fmt.Errorf|return nil, fmt.Errorf("failed to query ClusterExecResults for run %d: %w", runId, err)
.\gitmap\db\clusterexecresult.go|141|fmt.Errorf|return nil, fmt.Errorf("failed to scan ClusterExecResult: %w", err)
.\gitmap\db\clusterexecresult.go|147|fmt.Errorf|return nil, fmt.Errorf("error iterating over ClusterExecResults: %w", err)
.\gitmap\db\clusternode.go|24|raw error return|func InsertOrUpdateClusterNode(ctx context.Context, db *sql.DB, node ClusterNode) error {
.\gitmap\db\clusternode.go|45|fmt.Errorf|return fmt.Errorf("failed to upsert ClusterNode: %w", err)
.\gitmap\db\clusternode.go|50|raw error return|func ListClusterNodes(ctx context.Context, db *sql.DB) ([]ClusterNode, error) {
.\gitmap\db\clusternode.go|59|fmt.Errorf|return nil, fmt.Errorf("failed to query ClusterNodes: %w", err)
.\gitmap\db\clusternode.go|71|fmt.Errorf|return nil, fmt.Errorf("failed to scan ClusterNode: %w", err)
.\gitmap\db\clusternode.go|81|raw error return|func GetClusterNode(ctx context.Context, db *sql.DB, id string) (ClusterNode, error) {
.\gitmap\db\clusternode.go|95|fmt.Errorf|return ClusterNode{}, fmt.Errorf("ClusterNode not found: %s", id)
.\gitmap\db\clusternode.go|98|fmt.Errorf|return ClusterNode{}, fmt.Errorf("failed to scan ClusterNode: %w", err)
.\gitmap\db\clusternode.go|103|raw error return|func UpdateClusterNodePassword(ctx context.Context, db *sql.DB, id string, hash *string) error {
.\gitmap\db\clusternode.go|107|fmt.Errorf|return fmt.Errorf("failed to update password hash for node %s: %w", id, err)
.\gitmap\db\clusternode.go|112|raw error return|func DeleteClusterNode(ctx context.Context, db *sql.DB, id string) error {
.\gitmap\db\clusternode.go|116|fmt.Errorf|return fmt.Errorf("failed to delete node %s: %w", id, err)
.\gitmap\db\clusternode.go|121|raw error return|func DeleteClusterRunsBefore(ctx context.Context, db *sql.DB, before time.Time) (int64, error) {
.\gitmap\db\clusternode.go|125|fmt.Errorf|return 0, fmt.Errorf("failed to delete ClusterRuns: %w", err)
.\gitmap\db\clusternode.go|138|raw error return|func GetClusterStats(ctx context.Context, db *sql.DB) (ClusterStats, error) {
.\gitmap\db\clusterrun.go|25|raw error return|func InsertClusterRun(ctx context.Context, db *sql.DB, run ClusterRun) (int64, error) {
.\gitmap\db\clusterrun.go|46|fmt.Errorf|return 0, fmt.Errorf("failed to insert ClusterRun: %w", err)
.\gitmap\db\clusterrun.go|51|fmt.Errorf|return 0, fmt.Errorf("failed to get last insert id: %w", err)
.\gitmap\db\clusterrun.go|57|raw error return|func UpdateClusterRun(ctx context.Context, db *sql.DB, id int64, finishedAt *time.Time, totalNodes, succeededNodes, failedNodes, skippedNodes *int) error {
.\gitmap\db\clusterrun.go|65|fmt.Errorf|return fmt.Errorf("failed to update ClusterRun %d: %w", id, err)
.\gitmap\db\clusterrun.go|71|raw error return|func SelectClusterRun(ctx context.Context, db *sql.DB, runRef string) (ClusterRun, error) {
.\gitmap\db\clusterrun.go|97|fmt.Errorf|return ClusterRun{}, fmt.Errorf("ClusterRun not found for RunRef %s: %w", runRef, err)
.\gitmap\db\clusterrun.go|100|fmt.Errorf|return ClusterRun{}, fmt.Errorf("failed to scan ClusterRun: %w", err)
.\gitmap\db\clusterrun.go|106|raw error return|func ListClusterRuns(ctx context.Context, db *sql.DB, limit int) ([]ClusterRun, error) {
.\gitmap\db\clusterrun.go|120|fmt.Errorf|return nil, fmt.Errorf("failed to query ClusterRuns: %w", err)
.\gitmap\db\clusterrun.go|142|fmt.Errorf|return nil, fmt.Errorf("failed to scan ClusterRun: %w", err)
.\gitmap\db\clusterrun.go|148|fmt.Errorf|return nil, fmt.Errorf("error iterating over ClusterRuns: %w", err)
.\gitmap\db\clusterrun_test.go|84|swallowed error|_, err = db.ExecContext(ctx, `
.\gitmap\db\clusterrun_test.go|122|swallowed error|_, err = db.ExecContext(ctx, "DELETE FROM ClusterRun WHERE ClusterRunId = ?", runId)
.\gitmap\db\enums.go|56|raw error return|func ParseCommandKind(s string) (CommandKindType, error) {
.\gitmap\db\enums.go|83|fmt.Errorf|return 0, fmt.Errorf("invalid CommandKind: %s", s)
.\gitmap\db\enums.go|117|raw error return|func ParseResultStatus(s string) (ResultStatusType, error) {
.\gitmap\db\enums.go|132|fmt.Errorf|return 0, fmt.Errorf("invalid ResultStatus: %s", s)
.\gitmap\db\migrations.go|18|raw error return|func ApplyMigrations(ctx context.Context, conn *sql.DB) error {
.\gitmap\db\migrations.go|21|fmt.Errorf|return fmt.Errorf("failed to read migrations dir: %w", err)
.\gitmap\db\migrations.go|31|fmt.Errorf|return fmt.Errorf("failed to read migration %s: %w", entry.Name(), err)
.\gitmap\db\migrations.go|34|swallowed error|_, err = conn.ExecContext(ctx, string(content))
.\gitmap\db\migrations.go|36|fmt.Errorf|return fmt.Errorf("failed to execute migration %s: %w", entry.Name(), err)
.\gitmap\db\nodepath.go|12|raw error return|func UpsertPathAlias(db *sql.DB, nodeId, alias, absPath string) error    { return nil }
.\gitmap\db\nodepath.go|13|raw error return|func GetPathAlias(db *sql.DB, nodeId, alias string) (string, error)      { return "", nil }
.\gitmap\db\nodepath.go|14|raw error return|func SetDefaultPath(db *sql.DB, nodeId, path string) error               { return nil }
.\gitmap\db\nodepath.go|15|raw error return|func GetDefaultPath(db *sql.DB, nodeId string) (string, error)           { return "", nil }
.\gitmap\db\nodepath.go|16|raw error return|func ListPathAliases(db *sql.DB, nodeId string) ([]NodePathAlias, error) { return nil, nil }
.\gitmap\db\repocgversion.go|15|raw error return|func InsertOrUpdateRepoCGVersion(ctx context.Context, db *sql.DB, version RepoCGVersion) error {
.\gitmap\db\repocgversion.go|32|raw error return|func GetRepoCGVersion(ctx context.Context, db *sql.DB, repoAlias string) (*RepoCGVersion, error) {
.\gitmap\db\sshconnection.go|19|raw error return|func InsertOrUpdateSSHConnection(ctx context.Context, db *sql.DB, conn SSHConnection) error {
.\gitmap\db\sshconnection.go|43|raw error return|func GetSSHConnections(ctx context.Context, db *sql.DB) ([]SSHConnection, error) {
.\gitmap\db\sshconnection.go|62|raw error return|func DeleteSSHConnection(ctx context.Context, db *sql.DB, alias string) error {
.\gitmap\db\zombiezen\adapter.go|38|raw error return|func Open(_ context.Context, _ string) (Conn, error) {
.\gitmap\db\zombiezen\adapter.go|39|fmt.Errorf|return nil, fmt.Errorf("zombiezen sqlite adapter: %w", ErrNotEnabled)
.\gitmap\desktop\desktop.go|35|raw error return|func addOne(repoPath, cli string) error {
.\gitmap\desktop\desktop.go|43|raw error return|func updateSummary(s DesktopSummary, name string, err error) DesktopSummary {
.\gitmap\desktop\remove.go|4|raw error return|func RemoveRepo(repoPath string) error {
.\gitmap\desktop\update_path.go|4|raw error return|func UpdateRepoPath(oldPath, newPath string) error {
.\gitmap\detector\csharpparser.go|105|bare bool return|func isCsprojFile(name string) bool {
.\gitmap\detector\csharpparser.go|179|bare bool return|func isKeyFile(name string) bool {
.\gitmap\detector\detector.go|77|bare bool return|func isInterestingFile(name string) bool {
.\gitmap\detector\detector.go|120|bare bool return|func shouldExcludeDir(name string) bool {
.\gitmap\detector\goparser.go|129|bare bool return|func fileExists(path string) bool {
.\gitmap\detector\parser.go|47|raw error return|func parsePackageJSON(path string) (*packageJSON, error) {
.\gitmap\detector\parser.go|59|bare bool return|func isReactProject(pkg *packageJSON) bool {
.\gitmap\detector\parser.go|73|bare bool return|func hasDepKey(deps map[string]string, key string) bool {
.\gitmap\detector\rules.go|73|bare bool return|func isUnderSlnDir(dir string, slnDirs map[string]bool) bool {
.\gitmap\diff\endpoint.go|30|raw error return|func ResolveEndpoint(raw string) (Endpoint, error) {
.\gitmap\diff\endpoint.go|35|fmt.Errorf|return ep, fmt.Errorf(constants.ErrDiffNotFolderFmt, trimmed)
.\gitmap\diff\endpoint.go|39|fmt.Errorf|return ep, fmt.Errorf("resolve abs path %s: %w", trimmed, err)
.\gitmap\diff\endpoint.go|47|raw error return|func validateFolder(ep Endpoint) (Endpoint, error) {
.\gitmap\diff\endpoint.go|50|fmt.Errorf|return ep, fmt.Errorf(constants.ErrDiffMissingFmt, ep.DisplayName)
.\gitmap\diff\endpoint.go|53|fmt.Errorf|return ep, fmt.Errorf("stat %s: %w", ep.WorkingDir, err)
.\gitmap\diff\endpoint.go|56|fmt.Errorf|return ep, fmt.Errorf(constants.ErrDiffNotFolderFmt, ep.DisplayName)
.\gitmap\diff\endpoint.go|63|bare bool return|func isURLLike(raw string) bool {
.\gitmap\diff\report.go|48|raw error return|func Report(out io.Writer, entries []Entry, opts PrintOptions) error {
.\gitmap\diff\report.go|57|raw error return|func reportJSON(out io.Writer, entries []Entry) error {
.\gitmap\diff\report.go|69|raw error return|func reportText(out io.Writer, entries []Entry, opts PrintOptions) error {
.\gitmap\diff\report.go|91|bare bool return|func isAllZero(s Summary) bool {
.\gitmap\diff\report.go|96|bare bool return|func printSection(out io.Writer, header string, entries []Entry, kind EntryKindType, enabled bool) {
.\gitmap\diff\tree.go|45|raw error return|func DiffTrees(leftDir, rightDir string, opts WalkOptions) ([]Entry, error) {
.\gitmap\diff\tree.go|59|raw error return|func indexTree(root string, opts WalkOptions) (map[string]os.FileInfo, error) {
.\gitmap\diff\tree.go|87|bare bool return|func shouldIgnore(rel string, opts WalkOptions) bool {
.\gitmap\diff\tree.go|175|bare bool return|func sameContent(a, b string) bool {
.\gitmap\diff\tree.go|186|raw error return|func hashFile(path string) (string, error) {
.\gitmap\diff\tree.go|193|swallowed error|if _, err = io.Copy(h, f); err != nil {
.\gitmap\downloaderconfig\downloaderconfig.go|83|raw error return|func LoadFile(path string) (Document, error) {
.\gitmap\downloaderconfig\downloaderconfig.go|91|fmt.Errorf|return Document{}, fmt.Errorf(constants.ErrDownloaderConfigPathRequired+": %w", path, err)
.\gitmap\downloaderconfig\downloaderconfig.go|98|raw error return|func Parse(raw []byte) (Document, error) {
.\gitmap\downloaderconfig\downloaderconfig.go|101|fmt.Errorf|return Document{}, fmt.Errorf(constants.ErrDownloaderConfigInvalidJSON, err)
.\gitmap\downloaderconfig\downloaderconfig.go|121|raw error return|func Validate(doc Document) error {
.\gitmap\downloaderconfig\downloaderconfig.go|124|fmt.Errorf|return fmt.Errorf(constants.ErrDownloaderConfigMissingKey, "DownloaderConfig.PreferredDownloader")
.\gitmap\downloaderconfig\downloaderconfig.go|127|fmt.Errorf|return fmt.Errorf(constants.ErrDownloaderConfigMissingKey, "DownloaderConfig.FallbackDownloader")
.\gitmap\downloaderconfig\downloaderconfig.go|130|fmt.Errorf|return fmt.Errorf(constants.ErrDownloaderConfigBadParallel, dc.ParallelDownloads)
.\gitmap\downloaderconfig\downloaderconfig.go|133|fmt.Errorf|return fmt.Errorf(constants.ErrDownloaderConfigBadSplits, dc.SplitConnections)
.\gitmap\downloaderconfig\downloaderconfig.go|143|fmt.Errorf|return fmt.Errorf(constants.ErrDownloaderConfigMissingKey, k)
.\gitmap\downloaderconfig\downloaderconfig.go|153|raw error return|func Marshal(doc Document) ([]byte, error) {
.\gitmap\errreport\writer.go|32|raw error return|func (c *Collector) WriteIfAny(binaryDir string) (string, error) {
.\gitmap\errreport\writer.go|45|fmt.Errorf|return "", fmt.Errorf("create report dir: %w", err)
.\gitmap\errreport\writer.go|74|raw error return|func writeJSONAtomic(path string, payload fileShape) error {
.\gitmap\errreport\writer.go|78|fmt.Errorf|return fmt.Errorf("marshal report: %w", err)
.\gitmap\errreport\writer.go|81|fmt.Errorf|return fmt.Errorf("write temp report: %w", err)
.\gitmap\errreport\writer.go|86|fmt.Errorf|return fmt.Errorf("rename report: %w", err)
.\gitmap\fixtureversion\bump.go|61|bare bool return|func BumpStampInBody(body string, req BumpRequest) (string, bool) {
.\gitmap\fixtureversion\bump.go|128|raw error return|func MaybeAutoBumpFile(path string, req BumpRequest) (bool, error) {
.\gitmap\fixtureversion\bump.go|128|bare bool return|func MaybeAutoBumpFile(path string, req BumpRequest) (bool, error) {
.\gitmap\fixtureversion\bump.go|134|fmt.Errorf|return false, fmt.Errorf("autobump: read %s: %w", path, err)
.\gitmap\fixtureversion\bump.go|138|fmt.Errorf|return false, fmt.Errorf("autobump: no stamp marker in %s", path)
.\gitmap\fixtureversion\bump.go|141|fmt.Errorf|return false, fmt.Errorf("autobump: write %s: %w", path, err)
.\gitmap\fixtureversion\bump.go|149|bare bool return|func isAutoBumpEnabled() bool {
.\gitmap\fixtureversion\fixtureversion.go|78|bare bool return|func ParseMarker(body string) (Stamp, bool) {
.\gitmap\fixtureversion\fixtureversion.go|94|bare bool return|func parseFields(payload string) (Stamp, bool) {
.\gitmap\fixtureversion\hash.go|61|bare bool return|func HashMatches(body, recordedShortHash string) bool {
.\gitmap\fixtureversion\validate.go|37|raw error return|func Validate(stamp Stamp, want Expectation) error {
.\gitmap\fixtureversion\validate.go|39|fmt.Errorf|return fmt.Errorf("fixture is unstamped: add %q as the first line",
.\gitmap\fixtureversion\validate.go|43|fmt.Errorf|return fmt.Errorf(
.\gitmap\fixtureversion\validate.go|49|fmt.Errorf|return fmt.Errorf(
.\gitmap\fixtureversion\validate.go|63|raw error return|func ValidateBody(body string, stamp Stamp, want Expectation) error {
.\gitmap\fixtureversion\validate.go|72|fmt.Errorf|return fmt.Errorf(
.\gitmap\fixtureversion\validate.go|132|bare bool return|func tryAutobumpAndReport(t *testing.T, body string, stamp Stamp, sourcePath string, want Expectation) bool {
.\gitmap\formatter\clonescript.go|12|raw error return|func WriteCloneScript(w io.Writer, records []model.ScanRecord) error {
.\gitmap\formatter\csv.go|17|raw error return|func WriteCSV(w io.Writer, records []model.ScanRecord) error {
.\gitmap\formatter\csv.go|39|raw error return|func writeCSVRows(cw *csv.Writer, records []model.ScanRecord) error {
.\gitmap\formatter\csv.go|56|raw error return|func writeCSVRow(cw *csv.Writer, r model.ScanRecord) error {
.\gitmap\formatter\csv.go|68|raw error return|func ParseCSV(reader io.Reader) ([]model.ScanRecord, error) {
.\gitmap\formatter\csvcrlf_contract_test.go|75|bare bool return|func hasBareLF(s string) bool {
.\gitmap\formatter\desktopscript.go|15|raw error return|func WriteDesktopScript(w io.Writer, records []model.ScanRecord) error {
.\gitmap\formatter\directclone.go|11|raw error return|func WriteDirectCloneScript(w io.Writer, records []model.ScanRecord) error {
.\gitmap\formatter\directclone.go|16|raw error return|func WriteDirectCloneSSHScript(w io.Writer, records []model.ScanRecord) error {
.\gitmap\formatter\directclone.go|21|raw error return|func writeDirectCloneScriptTemplate(w io.Writer, records []model.ScanRecord, templateName string, useSSH bool) error {
.\gitmap\formatter\directclone.go|21|bare bool return|func writeDirectCloneScriptTemplate(w io.Writer, records []model.ScanRecord, templateName string, useSSH bool) error {
.\gitmap\formatter\directclone.go|39|bare bool return|func buildDirectCloneEntries(records []model.ScanRecord, useSSH bool) []RepoEntry {
.\gitmap\formatter\directclone.go|59|bare bool return|func pickDirectCloneURL(r model.ScanRecord, useSSH bool) string {
.\gitmap\formatter\json.go|16|raw error return|func WriteJSON(w io.Writer, records []model.ScanRecord) error {
.\gitmap\formatter\json.go|31|raw error return|func WriteJSONCompact(w io.Writer, records []model.ScanRecord) error {
.\gitmap\formatter\json.go|66|raw error return|func ParseJSON(reader io.Reader) ([]model.ScanRecord, error) {
.\gitmap\formatter\structure.go|15|raw error return|func WriteStructure(w io.Writer, records []model.ScanRecord) error {
.\gitmap\formatter\structure.go|99|raw error return|func renderTree(w io.Writer, node *treeNode, prefix string) error {
.\gitmap\formatter\structure.go|123|raw error return|func renderNode(w io.Writer, node *treeNode, prefix, connector string) error {
.\gitmap\formatter\template.go|32|raw error return|func loadTemplate(name string) (*template.Template, error) {
.\gitmap\formatter\terminal.go|21|raw error return|func Terminal(w io.Writer, records []model.ScanRecord, outputDir string, quiet bool) error {
.\gitmap\formatter\terminal.go|21|bare bool return|func Terminal(w io.Writer, records []model.ScanRecord, outputDir string, quiet bool) error {
.\gitmap\formatter\validate.go|99|bare bool return|func hasURL(rec model.ScanRecord) bool {
.\gitmap\fsutil\exists.go|31|bare bool return|func FileExists(path string) bool {
.\gitmap\fsutil\exists.go|50|bare bool return|func FileOrDirExists(path string) bool {
.\gitmap\fsutil\exists.go|64|bare bool return|func DirExists(path string) bool {
.\gitmap\fsutil\path_normalize.go|23|raw error return|func CanonicalPath(path string) (string, error) {
.\gitmap\fsutil\path_normalize.go|33|bare bool return|func EqualPaths(pathA, pathB string) bool {
.\gitmap\fsutil\path_normalize.go|40|bare bool return|func IsSubdirectory(parent, child string) bool {
.\gitmap\fsutil\safe_fs.go|11|raw error return|func SafeRemoveAll(path string) error {
.\gitmap\fsutil\safe_fs.go|24|raw error return|func SafeRename(src, dst string) error {
.\gitmap\fsutil\safe_fs.go|30|fmt.Errorf|return fmt.Errorf("rename fallback failed: %w", errCopy)
.\gitmap\fsutil\safe_fs.go|36|raw error return|func CopyDirectory(src, dst string) error {
.\gitmap\fsutil\safe_fs.go|53|raw error return|func copyFile(src, dst string, mode os.FileMode) error {
.\gitmap\fsutil\safe_fs.go|66|swallowed error|_, err = io.Copy(out, in)
.\gitmap\ghtoken\ghtoken.go|44|raw error return|func Resolve() (string, SourceType, error) {
.\gitmap\ghtoken\ghtoken.go|61|bare bool return|func tokenFromGhCLI() (string, bool) {
.\gitmap\gitutil\checkout.go|20|raw error return|func CheckoutBranch(repoPath, branch string) (string, error) {
.\gitmap\gitutil\gitutil.go|27|raw error return|func RemoteURL(repoPath string) (string, error) {
.\gitmap\gitutil\gitutil.go|40|raw error return|func RepoRoot(startPath string) (string, error) {
.\gitmap\gitutil\gitutil.go|59|raw error return|func CurrentBranch(repoPath string) (string, error) {
.\gitmap\gitutil\gitutil.go|125|bare bool return|func detectFromLocalHEAD(repoPath string) (string, bool) {
.\gitmap\gitutil\gitutil.go|145|bare bool return|func detectFromLocalRemoteRef(repoPath string) (string, bool) {
.\gitmap\gitutil\gitutil.go|169|bare bool return|func detectFromLiveRemote(repoPath string) (string, bool) {
.\gitmap\gitutil\gitutil.go|183|bare bool return|func parseLsRemoteSymref(output string) (string, bool) {
.\gitmap\gitutil\gitutil.go|210|bare bool return|func isDetachedHEAD(repoPath string) bool {
.\gitmap\gitutil\gitutil.go|246|bare bool return|func parsePortcelainStatus(repoPath string) (dirty bool, untracked, modified, staged int) {
.\gitmap\gitutil\gitutil.go|298|raw error return|func runGit(dir string, args ...string) (string, error) {
.\gitmap\gitutil\latestbranch.go|23|bare bool return|func IsInsideWorkTree() bool {
.\gitmap\gitutil\latestbranch.go|31|raw error return|func FetchAllPrune() error {
.\gitmap\gitutil\latestbranch.go|39|raw error return|func ListRemoteBranches() ([]string, error) {
.\gitmap\gitutil\latestbranch.go|95|bare bool return|func matchesPattern(name, pattern string) bool {
.\gitmap\gitutil\latestbranchresolve.go|14|raw error return|func ReadBranchTips(refs []string) ([]RemoteBranchInfo, error) {
.\gitmap\gitutil\latestbranchresolve.go|24|fmt.Errorf|return nil, fmt.Errorf(constants.ErrLatestBranchNoCommits)
.\gitmap\gitutil\latestbranchresolve.go|31|bare bool return|func readSingleTip(ref string) (RemoteBranchInfo, bool) {
.\gitmap\gitutil\latestbranchresolve.go|43|bare bool return|func parseTipLine(line, ref string) (RemoteBranchInfo, bool) {
.\gitmap\gitutil\network.go|12|raw error return|func CheckOnline() error {
.\gitmap\gitutil\network.go|19|fmt.Errorf|return fmt.Errorf(constants.ErrOffline)
.\gitmap\gitutil\network.go|28|bare bool return|func IsOnline() bool {
.\gitmap\glyphs\autodetect_windows.go|20|bare bool return|func legacyWindowsHost() bool {
.\gitmap\glyphs\glyphs.go|46|bare bool return|func IsValidLabel(label string) bool {
.\gitmap\goldenguard\determinism.go|87|raw error return|func collectWriterRuns(writer WriterFn) ([][]byte, error) {
.\gitmap\goldenguard\determinism.go|92|fmt.Errorf|return nil, fmt.Errorf("run %d/%d: %w", i+1, determinismRunCount, err)
.\gitmap\goldenguard\determinism.go|142|bare bool return|func AllowUpdateAfterDeterminism(t *testing.T, trigger bool, label string, writer WriterFn) bool {
.\gitmap\goldenguard\determinism_test.go|100|bare bool return|func containsString(haystack, needle string) bool {
.\gitmap\goldenguard\goldenguard.go|64|bare bool return|func AllowUpdate(t *testing.T, trigger bool) bool {
.\gitmap\goldenguard\goldenguard.go|73|bare bool return|func allowUpdate(t fatalReporter, trigger bool) bool {
.\gitmap\helptext\coverage_test.go|52|raw error return|func parsePrimaryCmdIDs() ([]cmdID, error) {
.\gitmap\helptext\coverage_test.go|120|bare bool return|func isAliasName(name string) bool {
.\gitmap\helptext\coverage_test.go|125|bare bool return|func isExempt(name string, exempt map[string]struct{}) bool {
.\gitmap\helptext\examples_golden_test.go|44|bare bool return|func hasExamplesSection(md string) bool {
.\gitmap\helptext\examples_golden_test.go|54|bare bool return|func isExemptHelpFile(name string) bool {
.\gitmap\helptext\print.go|65|raw error return|func ReadRaw(command string) ([]byte, error) {
.\gitmap\helptext\stamp.go|38|raw error return|func ValidateStamp(command string, body string, want fixtureversion.Expectation) error {
.\gitmap\helptext\stamp.go|45|fmt.Errorf|return fmt.Errorf("helptext %q has a fixture-stamp comment but it failed to parse; "+
.\gitmap\helptext\stamp.go|57|bare bool return|func extractHelpMarker(body string) (string, bool) {
.\gitmap\jsonenv\jsonenv.go|43|raw error return|func WriteOK(w io.Writer, command string, data interface{}) error {
.\gitmap\jsonenv\jsonenv.go|50|raw error return|func WriteErr(w io.Writer, command string, errMsg string, data interface{}) error {
.\gitmap\jsonenv\jsonenv.go|56|raw error return|func write(w io.Writer, env Envelope) error {
.\gitmap\localdirs\migrate.go|125|bare bool return|func dirExists(path string) bool {
.\gitmap\localdirs\migrate.go|132|bare bool return|func fileExists(path string) bool {
.\gitmap\lockcheck\lockcheck_unix.go|13|raw error return|func FindLockingProcesses(dirPath string) ([]LockingProcess, error) {
.\gitmap\lockcheck\lockcheck_unix.go|16|fmt.Errorf|return nil, fmt.Errorf("lsof not found")
.\gitmap\lockcheck\lockcheck_unix.go|50|raw error return|func KillProcess(pid int) error {
.\gitmap\lockcheck\lockcheck_windows.go|15|raw error return|func FindLockingProcesses(dirPath string) ([]LockingProcess, error) {
.\gitmap\lockcheck\lockcheck_windows.go|29|raw error return|func findViaHandle(dirPath string) ([]LockingProcess, error) {
.\gitmap\lockcheck\lockcheck_windows.go|35|fmt.Errorf|return nil, fmt.Errorf("handle.exe not found")
.\gitmap\lockcheck\lockcheck_windows.go|87|raw error return|func findViaWMI(dirPath string) ([]LockingProcess, error) {
.\gitmap\lockcheck\lockcheck_windows.go|131|raw error return|func KillProcess(pid int) error {
.\gitmap\lockfile\lockfile.go|46|raw error return|func Acquire(name string) (Releaser, error) {
.\gitmap\lockfile\lockfile.go|60|raw error return|func ForceAcquire(name string) (Releaser, error) {
.\gitmap\lockfile\lockfile.go|65|fmt.Errorf|return func() {}, fmt.Errorf("lockfile: write %s: %w", path, err)
.\gitmap\lockfile\lockfile.go|90|raw error return|func tryClaim(path string) error {
.\gitmap\lockfile\lockfile.go|107|raw error return|func recoverOrFail(path string) error {
.\gitmap\lockfile\lockfile.go|116|fmt.Errorf|return fmt.Errorf("%w (pid=%d, file=%s)", ErrAlreadyHeld, pid, path)
.\gitmap\lockfile\lockfile.go|119|fmt.Errorf|return fmt.Errorf("%w (pid=%d, file=%s)", ErrAlreadyHeld, pid, path)
.\gitmap\lockfile\lockfile.go|127|bare bool return|func fileExists(path string) bool {
.\gitmap\lockfile\lockfile.go|134|raw error return|func writePIDFile(path string) error {
.\gitmap\lockfile\lockfile.go|141|raw error return|func readPID(path string) (int, error) {
.\gitmap\lockfile\lockfile.go|152|bare bool return|func processRunning(pid int) bool {
.\gitmap\lockfile\lockfile_test.go|37|swallowed error|_, err = Acquire(name)
.\gitmap\logging\jsonlog.go|50|bare bool return|func NewLogger(w io.Writer, command string, enabled bool) *Logger {
.\gitmap\macro\execute.go|15|raw error return|func Execute(ctx context.Context, m *Macro, opts ExecOptions) error {
.\gitmap\macro\execute.go|43|raw error return|func executeStep(ctx context.Context, step MacroStep, idx, total int, opts ExecOptions) error {
.\gitmap\macro\record.go|17|raw error return|func RecordInteractive(name string) error {
.\gitmap\macro\record.go|59|fmt.Errorf|return fmt.Errorf("could not save macro: %w", err)
.\gitmap\macro\storage.go|14|raw error return|func getMacroDir() (string, error) {
.\gitmap\macro\storage.go|27|raw error return|func SaveMacro(m *Macro) error {
.\gitmap\macro\storage.go|43|raw error return|func LoadMacro(name string) (*Macro, error) {
.\gitmap\macro\storage.go|51|fmt.Errorf|return nil, fmt.Errorf("macro %q not found: %w", name, err)
.\gitmap\macro\storage.go|61|raw error return|func ListMacros() ([]Macro, error) {
.\gitmap\macro\storage.go|84|raw error return|func DeleteMacro(name string) error {
.\gitmap\mapper\sort.go|50|bare bool return|func lessRecord(a, b model.ScanRecord) bool {
.\gitmap\mapper\transport.go|55|bare bool return|func isSCPStyle(url string) bool {
.\gitmap\movemerge\conflict.go|50|raw error return|func (r *Resolver) Resolve(rel string, l, rgt FileMeta) (ChoiceType, error) {
.\gitmap\movemerge\conflict.go|62|bare bool return|func (r *Resolver) resolveSticky() (ChoiceType, bool) {
.\gitmap\movemerge\conflict.go|71|bare bool return|func (r *Resolver) resolveByPolicy(l, rgt FileMeta) (ChoiceType, bool) {
.\gitmap\movemerge\conflict.go|90|raw error return|func (r *Resolver) resolveInteractive(rel string, l, rgt FileMeta) (ChoiceType, error) {
.\gitmap\movemerge\conflict.go|101|fmt.Errorf|return ChoiceQuit, fmt.Errorf("conflict prompt: stdin closed")
.\gitmap\movemerge\copy.go|12|raw error return|func CopyFile(src, dst string, info os.FileInfo) error {
.\gitmap\movemerge\copy.go|14|fmt.Errorf|return fmt.Errorf("mkdir %s: %w", filepath.Dir(dst), err)
.\gitmap\movemerge\copy.go|24|raw error return|func copySymlink(src, dst string) error {
.\gitmap\movemerge\copy.go|27|fmt.Errorf|return fmt.Errorf("readlink %s: %w", src, err)
.\gitmap\movemerge\copy.go|35|raw error return|func copyRegular(src, dst string, mode os.FileMode) error {
.\gitmap\movemerge\copy.go|38|fmt.Errorf|return fmt.Errorf("open %s: %w", src, err)
.\gitmap\movemerge\copy.go|43|fmt.Errorf|return fmt.Errorf("create %s: %w", dst, err)
.\gitmap\movemerge\copy.go|46|swallowed error|if _, err = io.Copy(out, in); err != nil {
.\gitmap\movemerge\copy.go|47|fmt.Errorf|return fmt.Errorf("copy %s -> %s: %w", src, dst, err)
.\gitmap\movemerge\copy.go|54|raw error return|func CopyTree(src, dst string, opts Options) (int, error) {
.\gitmap\movemerge\diff.go|29|raw error return|func DiffTrees(leftDir, rightDir string, opts Options) ([]DiffEntry, error) {
.\gitmap\movemerge\diff.go|52|raw error return|func classifyOne(rel string, li, ri map[string]FileMeta, leftDir, rightDir string) (DiffEntry, error) {
.\gitmap\movemerge\diff.go|71|raw error return|func classifyBoth(entry DiffEntry, leftDir, rightDir string) (DiffEntry, error) {
.\gitmap\movemerge\endpoint.go|60|raw error return|func IsFolderExisting(path string) (bool, error) {
.\gitmap\movemerge\endpoint.go|60|bare bool return|func IsFolderExisting(path string) (bool, error) {
.\gitmap\movemerge\endpoint.go|66|fmt.Errorf|return false, fmt.Errorf("stat %s: %w", path, err)
.\gitmap\movemerge\endpoint.go|73|bare bool return|func IsGitRepo(path string) bool {
.\gitmap\movemerge\finalize.go|11|raw error return|func finalizeURLSides(left, right Endpoint, dir DirectionType, opts Options) error {
.\gitmap\movemerge\finalize.go|35|bare bool return|func IsWritingRight(dir DirectionType) bool {
.\gitmap\movemerge\finalize.go|40|bare bool return|func IsWritingLeft(dir DirectionType) bool {
.\gitmap\movemerge\finalize.go|50|raw error return|func commitAndPushOne(ep Endpoint, otherDisp string, opts Options) error {
.\gitmap\movemerge\git.go|13|raw error return|func runGit(dir string, args ...string) (string, error) {
.\gitmap\movemerge\git.go|22|raw error return|func GetOriginURL(dir string) (string, error) {
.\gitmap\movemerge\git.go|27|raw error return|func CloneURL(url, branch, dir string) error {
.\gitmap\movemerge\git.go|37|fmt.Errorf|return fmt.Errorf("git clone %s: %w", url, err)
.\gitmap\movemerge\git.go|44|raw error return|func PullFFOnly(dir string) error {
.\gitmap\movemerge\git.go|47|fmt.Errorf|return fmt.Errorf("git pull --ff-only in %s: %w (%s)", dir, err, out)
.\gitmap\movemerge\git.go|55|raw error return|func AddCommitPush(dir, msg string, push bool) (string, error) {
.\gitmap\movemerge\git.go|55|bare bool return|func AddCommitPush(dir, msg string, push bool) (string, error) {
.\gitmap\movemerge\git.go|57|fmt.Errorf|return "", fmt.Errorf("git add -A in %s: %w", dir, err)
.\gitmap\movemerge\git.go|68|fmt.Errorf|return sha, fmt.Errorf("git push in %s: %w", dir, err)
.\gitmap\movemerge\guard.go|12|raw error return|func GuardEndpoints(left, right Endpoint) error {
.\gitmap\movemerge\guard.go|16|fmt.Errorf|return fmt.Errorf(constants.ErrMMSameFolderFmt, lAbs)
.\gitmap\movemerge\guard.go|19|fmt.Errorf|return fmt.Errorf(constants.ErrMMNestedFmt, lAbs, rAbs)
.\gitmap\movemerge\guard.go|26|bare bool return|func isStrictAncestor(parent, child string) bool {
.\gitmap\movemerge\integration_test.go|140|bare bool return|func IsMapsEqual(a, b map[string]string) bool {
.\gitmap\movemerge\merge.go|13|raw error return|func RunMerge(left, right Endpoint, dir DirectionType, opts Options) error {
.\gitmap\movemerge\merge.go|57|raw error return|func applyEntry(e DiffEntry, l, r Endpoint, dir DirectionType, res *Resolver, opts Options) error {
.\gitmap\movemerge\merge.go|72|raw error return|func applyMissing(e DiffEntry, l, r Endpoint, dir DirectionType, opts Options, isFromLeft bool) error {
.\gitmap\movemerge\merge.go|72|bare bool return|func applyMissing(e DiffEntry, l, r Endpoint, dir DirectionType, opts Options, isFromLeft bool) error {
.\gitmap\movemerge\merge.go|84|raw error return|func applyConflict(e DiffEntry, l, r Endpoint, dir DirectionType, res *Resolver, opts Options) error {
.\gitmap\movemerge\merge.go|90|fmt.Errorf|return fmt.Errorf("%s", constants.ErrMMQuit)
.\gitmap\movemerge\merge.go|102|raw error return|func writeChoice(c ChoiceType, e DiffEntry, l, r Endpoint, dir DirectionType, opts Options) error {
.\gitmap\movemerge\merge.go|117|raw error return|func copyOne(srcDir, dstDir, rel string, info os.FileInfo, opts Options) error {
.\gitmap\movemerge\move.go|13|raw error return|func RunMove(left, right Endpoint, opts Options) error {
.\gitmap\movemerge\move.go|35|raw error return|func ensureRightExists(right Endpoint, opts Options) error {
.\gitmap\movemerge\move.go|45|fmt.Errorf|return fmt.Errorf("mkdir %s: %w", right.WorkingDir, err)
.\gitmap\movemerge\move.go|51|fmt.Errorf|return fmt.Errorf("git init %s: %w", right.WorkingDir, err)
.\gitmap\movemerge\move.go|58|raw error return|func copyOrDryRun(src, dst string, opts Options) (int, error) {
.\gitmap\movemerge\move.go|75|raw error return|func deleteLeftFolder(left Endpoint, opts Options) error {
.\gitmap\movemerge\move.go|83|fmt.Errorf|return fmt.Errorf("delete LEFT %s: %w", left.WorkingDir, err)
.\gitmap\movemerge\resolve.go|15|raw error return|func ResolveEndpoint(raw string, isLeft bool, opts Options) (Endpoint, error) {
.\gitmap\movemerge\resolve.go|15|bare bool return|func ResolveEndpoint(raw string, isLeft bool, opts Options) (Endpoint, error) {
.\gitmap\movemerge\resolve.go|26|raw error return|func resolveFolderEndpoint(ep Endpoint, isLeft bool, opts Options) (Endpoint, error) {
.\gitmap\movemerge\resolve.go|26|bare bool return|func resolveFolderEndpoint(ep Endpoint, isLeft bool, opts Options) (Endpoint, error) {
.\gitmap\movemerge\resolve.go|29|fmt.Errorf|return ep, fmt.Errorf("abs %s: %w", ep.DisplayName, err)
.\gitmap\movemerge\resolve.go|38|fmt.Errorf|return ep, fmt.Errorf(constants.ErrMMSrcMissingFmt, ep.DisplayName)
.\gitmap\movemerge\resolve.go|55|raw error return|func resolveURLEndpoint(ep Endpoint, opts Options) (Endpoint, error) {
.\gitmap\movemerge\resolve.go|58|fmt.Errorf|return ep, fmt.Errorf("getwd: %w", err)
.\gitmap\movemerge\resolve.go|79|raw error return|func reuseExistingURLFolder(ep Endpoint, dir string, opts Options) (Endpoint, error) {
.\gitmap\movemerge\resolve.go|82|fmt.Errorf|return ep, fmt.Errorf("read origin in %s: %w", dir, err)
.\gitmap\movemerge\resolve.go|91|fmt.Errorf|return ep, fmt.Errorf(constants.ErrMMOriginFmt, dir, origin, ep.URL)
.\gitmap\movemerge\resolve.go|94|raw error return|func handleMatchingOrigin(ep Endpoint, dir string) (Endpoint, error) {
.\gitmap\movemerge\resolve.go|103|raw error return|func handleForceFolder(ep Endpoint, dir string) (Endpoint, error) {
.\gitmap\movemerge\resolve.go|105|fmt.Errorf|return ep, fmt.Errorf("force-folder remove %s: %w", dir, rmErr)
.\gitmap\movemerge\resolve.go|116|bare bool return|func IsOriginMatching(a, b string) bool {
.\gitmap\movemerge\walk.go|21|raw error return|func IndexTree(root string, opts Options) (map[string]FileMeta, error) {
.\gitmap\movemerge\walk.go|50|bare bool return|func IsSkipWalk(rel string, opts Options) bool {
.\gitmap\movemerge\walk.go|81|raw error return|func HashFile(path string) (string, error) {
.\gitmap\movemerge\walk.go|88|swallowed error|if _, err = io.Copy(h, f); err != nil {
.\gitmap\probe\clone.go|17|raw error return|func tryShallowClone(url string, depth int) (string, error) {
.\gitmap\probe\clone.go|23|fmt.Errorf|return "", fmt.Errorf("mkdtemp: %w", err)
.\gitmap\probe\clone.go|35|fmt.Errorf|return "", fmt.Errorf(constants.ErrProbeCloneFail, summarize(out, err))
.\gitmap\probe\clone.go|41|fmt.Errorf|return "", fmt.Errorf("git tag: %w", err)
.\gitmap\probe\clone.go|55|raw error return|func summarize(out []byte, err error) string {
.\gitmap\probe\probe.go|96|bare bool return|func tryLsRemote(url string) (string, bool) {
.\gitmap\release\assets.go|30|bare bool return|func DetectGoProject() bool {
.\gitmap\release\assets.go|37|raw error return|func ReadModuleName() (string, error) {
.\gitmap\release\assets.go|57|fmt.Errorf|return "", fmt.Errorf("no module directive found in go.mod")
.\gitmap\release\assets.go|179|raw error return|func EnsureStagingDir() (string, error) {
.\gitmap\release\assets.go|183|fmt.Errorf|return "", fmt.Errorf("create staging dir: %w", err)
.\gitmap\release\assetsbuild.go|82|bare bool return|func fileExists(path string) bool {
.\gitmap\release\assetstargets.go|25|raw error return|func ResolveTargets(flagTargets string, configTargets []model.ReleaseTarget) ([]BuildTarget, error) {
.\gitmap\release\assetstargets.go|50|raw error return|func ParseTargets(input string) ([]BuildTarget, error) {
.\gitmap\release\assetstargets.go|71|raw error return|func parseOneTarget(s string) (BuildTarget, error) {
.\gitmap\release\assetstargets.go|74|fmt.Errorf|return BuildTarget{}, fmt.Errorf("invalid target format %q — expected os/arch", s)
.\gitmap\release\assetsupload.go|16|raw error return|func UploadAsset(owner, repo string, releaseID int, filePath, token string) error {
.\gitmap\release\assetsupload.go|22|fmt.Errorf|return fmt.Errorf("open asset: %w", err)
.\gitmap\release\assetsupload.go|28|fmt.Errorf|return fmt.Errorf("stat asset: %w", err)
.\gitmap\release\assetsupload.go|37|fmt.Errorf|return fmt.Errorf("upload asset: %w", err)
.\gitmap\release\autocommitgit.go|62|raw error return|func stageFiles(files []string) error {
.\gitmap\release\autocommitgit.go|69|raw error return|func stageAll() error {
.\gitmap\release\autocommitgit.go|74|raw error return|func commitStaged(msg string) error {
.\gitmap\release\autocommitgit.go|79|raw error return|func pushCurrentBranch() error {
.\gitmap\release\autocommitgit.go|97|raw error return|func syncBranchAndRetryPush(branch, pushOutput string) error {
.\gitmap\release\autocommitgit.go|117|fmt.Errorf|return fmt.Errorf(
.\gitmap\release\autocommitgit.go|129|fmt.Errorf|return fmt.Errorf(
.\gitmap\release\autocommitgit.go|142|raw error return|func runGitCmdCombined(args ...string) (string, error) {
.\gitmap\release\autocommitgit.go|149|bare bool return|func isNonFastForwardPushError(output string) bool {
.\gitmap\release\autocommitgit.go|157|raw error return|func formatGitCommandError(output string, err error) error {
.\gitmap\release\autocommitgit.go|160|fmt.Errorf|return fmt.Errorf("%s", trimmed)
.\gitmap\release\changelog.go|35|raw error return|func ReadChangelog() ([]ChangelogEntry, error) {
.\gitmap\release\changelog.go|48|fmt.Errorf|return nil, fmt.Errorf("no version sections found in %s", constants.ChangelogFile)
.\gitmap\release\changelog.go|55|bare bool return|func FindChangelogEntry(entries []ChangelogEntry, version string) (ChangelogEntry, bool) {
.\gitmap\release\changeloggen.go|12|raw error return|func GenerateChangelog(fromTag, toRef string) ([]string, error) {
.\gitmap\release\changeloggen.go|23|fmt.Errorf|return nil, fmt.Errorf(constants.ErrChangelogGenCommits, fromTag, toRef, err)
.\gitmap\release\changeloggen.go|62|raw error return|func ListTags() ([]string, error) {
.\gitmap\release\changeloggen.go|69|fmt.Errorf|return nil, fmt.Errorf(constants.ErrChangelogGenTags, err)
.\gitmap\release\changeloggen.go|76|raw error return|func ResolveTagRange(fromTag, toTag string) (string, string, error) {
.\gitmap\release\changeloggen.go|83|fmt.Errorf|return "", "", fmt.Errorf(constants.ErrChangelogGenTagNotFound, from)
.\gitmap\release\changeloggen.go|92|fmt.Errorf|return "", "", fmt.Errorf(constants.ErrChangelogGenTagNotFound, to)
.\gitmap\release\changeloggen.go|98|raw error return|func resolveDefaultTagRange() (string, string, error) {
.\gitmap\release\changeloggen.go|101|fmt.Errorf|return "", "", fmt.Errorf(constants.ErrChangelogGenNoTags)
.\gitmap\release\changelogparse.go|14|raw error return|func parseChangelogStream(r io.Reader) ([]ChangelogEntry, error) {
.\gitmap\release\changelogparse.go|45|bare bool return|func isVersionHeading(line string) bool {
.\gitmap\release\changelogparse.go|50|bare bool return|func startNewSection(entries []ChangelogEntry, current ChangelogEntry, inSection bool, raw string) ([]ChangelogEntry, ChangelogEntry, bool) {
.\gitmap\release\changelogparse.go|93|bare bool return|func parseBulletLine(raw string) (int, string, string, bool) {
.\gitmap\release\changelogparse.go|125|bare bool return|func extractBulletMarker(body string) (string, string, bool) {
.\gitmap\release\changelogparse.go|137|bare bool return|func extractOrderedMarker(body string) (string, string, bool) {
.\gitmap\release\changelogparse.go|150|bare bool return|func isOrderedMarker(marker string) bool {
.\gitmap\release\checksums.go|18|raw error return|func GenerateChecksums(assets []string) (string, error) {
.\gitmap\release\checksums.go|28|fmt.Errorf|return "", fmt.Errorf("create checksums file: %w", err)
.\gitmap\release\checksums.go|51|raw error return|func hashFile(path string) (string, error) {
.\gitmap\release\compress.go|20|raw error return|func CompressAssets(assets []string) ([]string, error) {
.\gitmap\release\compress.go|60|raw error return|func compressSingle(path string) (string, error) {
.\gitmap\release\compress.go|69|bare bool return|func isWindowsBinary(path string) bool {
.\gitmap\release\compress.go|74|raw error return|func createZip(srcPath string) (string, error) {
.\gitmap\release\compress.go|78|fmt.Errorf|return "", fmt.Errorf("create zip: %w", err)
.\gitmap\release\compress.go|99|raw error return|func addFileToZip(w *zip.Writer, srcPath string) error {
.\gitmap\release\compress.go|102|fmt.Errorf|return fmt.Errorf("open source: %w", err)
.\gitmap\release\compress.go|108|fmt.Errorf|return fmt.Errorf("stat source: %w", err)
.\gitmap\release\compress.go|113|fmt.Errorf|return fmt.Errorf("zip header: %w", err)
.\gitmap\release\compress.go|121|fmt.Errorf|return fmt.Errorf("create entry: %w", err)
.\gitmap\release\compress.go|124|swallowed error|_, err = io.Copy(writer, src)
.\gitmap\release\compresstar.go|14|raw error return|func createTarGz(srcPath string) (string, error) {
.\gitmap\release\compresstar.go|18|fmt.Errorf|return "", fmt.Errorf("create tar.gz: %w", err)
.\gitmap\release\compresstar.go|43|raw error return|func addFileToTar(tw *tar.Writer, srcPath string) error {
.\gitmap\release\compresstar.go|46|fmt.Errorf|return fmt.Errorf("open source: %w", err)
.\gitmap\release\compresstar.go|52|fmt.Errorf|return fmt.Errorf("stat source: %w", err)
.\gitmap\release\compresstar.go|57|fmt.Errorf|return fmt.Errorf("tar header: %w", err)
.\gitmap\release\compresstar.go|64|fmt.Errorf|return fmt.Errorf("write header: %w", err)
.\gitmap\release\compresstar.go|67|swallowed error|_, err = io.Copy(tw, src)
.\gitmap\release\deflate.go|25|raw error return|func (m *maxDeflateWriter) Write(p []byte) (int, error) {
.\gitmap\release\deflate.go|29|raw error return|func (m *maxDeflateWriter) Close() error {
.\gitmap\release\githubapi.go|19|raw error return|func CreateGitHubRelease(owner, repo, tag, name, body, token string, draft bool) (*GitHubRelease, error) {
.\gitmap\release\githubapi.go|19|bare bool return|func CreateGitHubRelease(owner, repo, tag, name, body, token string, draft bool) (*GitHubRelease, error) {
.\gitmap\release\githubapi.go|31|fmt.Errorf|return nil, fmt.Errorf("marshal release payload: %w", err)
.\gitmap\release\githubapi.go|39|fmt.Errorf|return nil, fmt.Errorf("create release: %w", err)
.\gitmap\release\githubapi.go|46|fmt.Errorf|return nil, fmt.Errorf("GitHub API error %d: %s", resp.StatusCode, string(respBody))
.\gitmap\release\gitops.go|15|raw error return|func CreateBranch(branchName, sourceRef string) error {
.\gitmap\release\gitops.go|29|raw error return|func CreateTag(tag, message string) error {
.\gitmap\release\gitops.go|38|raw error return|func PushBranchAndTag(branchName, tag string) error {
.\gitmap\release\gitops.go|45|fmt.Errorf|return fmt.Errorf("push branch: %w", err)
.\gitmap\release\gitops.go|54|fmt.Errorf|return fmt.Errorf("push tag: %w", err)
.\gitmap\release\gitops.go|61|raw error return|func CheckoutBranch(branch string) error {
.\gitmap\release\gitops.go|66|raw error return|func FetchBranch(branch string) error {
.\gitmap\release\gitops.go|71|raw error return|func ResolveSourceRef(commit, branch string) (string, string, error) {
.\gitmap\release\gitops.go|83|raw error return|func resolveFromCommit(commit string) (string, string, error) {
.\gitmap\release\gitops.go|85|fmt.Errorf|return "", "", fmt.Errorf("commit %s not found", commit)
.\gitmap\release\gitops.go|95|raw error return|func resolveFromBranch(branch string) (string, string, error) {
.\gitmap\release\gitops.go|98|fmt.Errorf|return "", "", fmt.Errorf("branch %s not found: %w", branch, err)
.\gitmap\release\gitops.go|109|raw error return|func resolveFromHead() (string, string, error) {
.\gitmap\release\gitops.go|132|raw error return|func runGitCmd(args ...string) error {
.\gitmap\release\gitopsquery.go|12|bare bool return|func TagExistsLocally(tag string) bool {
.\gitmap\release\gitopsquery.go|23|bare bool return|func TagExistsRemote(tag string) bool {
.\gitmap\release\gitopsquery.go|35|bare bool return|func BranchExists(branch string) bool {
.\gitmap\release\gitopsquery.go|46|raw error return|func CurrentCommitSHA() (string, error) {
.\gitmap\release\gitopsquery.go|57|raw error return|func CurrentBranchName() (string, error) {
.\gitmap\release\gitopsquery.go|69|bare bool return|func CommitExists(sha string) bool {
.\gitmap\release\gitopsquery.go|80|raw error return|func latestFromGitTags() (Version, error) {
.\gitmap\release\gitopsquery.go|84|fmt.Errorf|return Version{}, fmt.Errorf("no git tags found and no .gitmap/release/latest.json exists")
.\gitmap\release\gitopsquery.go|91|raw error return|func findHighestVersion(output string) (Version, error) {
.\gitmap\release\gitopsquery.go|109|fmt.Errorf|return Version{}, fmt.Errorf("no version tags found. Create an initial release first")
.\gitmap\release\gitopsquery.go|113|bare bool return|func updateHighest(current, candidate Version, hasCurrent bool) (Version, bool) { //nolint:unparam // bool clarifies caller intent
.\gitmap\release\gitopsquery.go|125|bare bool return|func parseStableTag(line string) (Version, bool) {
.\gitmap\release\gitopstags.go|51|bare bool return|func parseTagLine(line string) (TagEntry, bool) {
.\gitmap\release\gitstderrfilter.go|31|raw error return|func (w *filteredStderrWriter) Write(p []byte) (int, error) {
.\gitmap\release\gitstderrfilter.go|52|raw error return|func (w *filteredStderrWriter) Flush() error {
.\gitmap\release\gitstderrfilter.go|70|bare bool return|func (w *filteredStderrWriter) shouldDropLine(line []byte) bool {
.\gitmap\release\httphelpers.go|53|raw error return|func doGitHubRequest(req *http.Request) (*http.Response, error) {
.\gitmap\release\httphelpers.go|57|raw error return|func readDirNames(dir string) ([]string, error) {
.\gitmap\release\metadata.go|48|bare bool return|func ReleaseExists(version Version) bool {
.\gitmap\release\metadata.go|63|raw error return|func WriteReleaseMeta(meta ReleaseMeta) error {
.\gitmap\release\metadata.go|66|fmt.Errorf|return fmt.Errorf("create release dir: %w", err)
.\gitmap\release\metadata.go|71|fmt.Errorf|return fmt.Errorf("parse tag for path: %w", err)
.\gitmap\release\metadata.go|78|raw error return|func WriteLatest(v Version) error {
.\gitmap\release\metadata.go|93|bare bool return|func latestIsHigher(candidate Version) bool {
.\gitmap\release\metadata.go|110|raw error return|func ReadLatest() (LatestMeta, error) {
.\gitmap\release\metadata.go|123|raw error return|func ReadVersionFile() (string, error) {
.\gitmap\release\metadata.go|141|raw error return|func ReadReleaseMeta(path string) (ReleaseMeta, error) {
.\gitmap\release\metadata.go|175|raw error return|func ListReleaseMetaFiles() ([]ReleaseMeta, error) {
.\gitmap\release\metadata.go|206|raw error return|func writeJSON(path string, data interface{}) error {
.\gitmap\release\releaseinstallhint.go|23|bare bool return|func ShouldPrintInstallHint(remoteURL string) bool {
.\gitmap\release\releaseinstallhint.go|55|bare bool return|func isVersionedGitmapRepo(repoName string) bool {
.\gitmap\release\releaseinstallhint.go|64|bare bool return|func isNumericString(value string) bool {
.\gitmap\release\remoteorigin.go|13|raw error return|func ParseRemoteOrigin() (string, string, error) {
.\gitmap\release\remoteorigin.go|16|fmt.Errorf|return "", "", fmt.Errorf("no remote origin URL found")
.\gitmap\release\remoteorigin.go|34|raw error return|func ParseGitURLExported(url string) (string, string, error) {
.\gitmap\release\remoteorigin.go|39|raw error return|func parseGitURL(url string) (string, string, error) {
.\gitmap\release\remoteorigin.go|50|fmt.Errorf|return "", "", fmt.Errorf("unrecognized remote URL format: %s", url)
.\gitmap\release\remoteorigin.go|54|raw error return|func parseHTTPSURL(url string) (string, string, error) {
.\gitmap\release\remoteorigin.go|59|fmt.Errorf|return "", "", fmt.Errorf("invalid HTTPS remote: %s", url)
.\gitmap\release\remoteorigin.go|69|raw error return|func parseSSHURL(url string) (string, string, error) {
.\gitmap\release\remoteorigin.go|74|fmt.Errorf|return "", "", fmt.Errorf("invalid SSH remote: %s", url)
.\gitmap\release\remoteorigin.go|81|fmt.Errorf|return "", "", fmt.Errorf("invalid SSH remote path: %s", url)
.\gitmap\release\remoteorigin.go|88|raw error return|func gitOutput(args ...string) (string, error) {
.\gitmap\release\retry.go|12|raw error return|func withRetry(label string, maxAttempts int, fn func() error) error {
.\gitmap\release\retry.go|32|fmt.Errorf|return fmt.Errorf("%s after %d attempts: %w", label, maxAttempts, lastErr)
.\gitmap\release\selfrelease.go|13|raw error return|func ExecuteSelf(opts Options) error {
.\gitmap\release\selfrelease.go|21|fmt.Errorf|return fmt.Errorf("could not determine current directory: %w", err)
.\gitmap\release\selfrelease.go|32|fmt.Errorf|return fmt.Errorf("could not switch to source repo: %w", err)
.\gitmap\release\selfrelease.go|46|bare bool return|func IsInsideGitRepo() bool {
.\gitmap\release\selfrelease_resolve.go|18|raw error return|func resolveSourceRepo() (string, error) {
.\gitmap\release\selfrelease_resolve.go|63|raw error return|func promptForSourceRepo() (string, error) {
.\gitmap\release\selfrelease_resolve.go|65|fmt.Errorf|return "", fmt.Errorf("%s", constants.ErrSelfReleaseNoRepo)
.\gitmap\release\selfrelease_resolve.go|73|fmt.Errorf|return "", fmt.Errorf("%s", constants.ErrSelfReleaseNoRepo)
.\gitmap\release\selfrelease_resolve.go|78|fmt.Errorf|return "", fmt.Errorf("%s", constants.ErrSelfReleaseNoRepo)
.\gitmap\release\selfrelease_resolve.go|93|bare bool return|func canPromptForPath() bool {
.\gitmap\release\selfrelease_resolve.go|120|bare bool return|func isGitmapSourceRepo(root string) bool {
.\gitmap\release\semver.go|24|raw error return|func Parse(input string) (Version, error) {
.\gitmap\release\semver.go|28|fmt.Errorf|return Version{}, fmt.Errorf("empty version string")
.\gitmap\release\semver.go|59|raw error return|func parseCoreSegments(core string) (major, minor, patch int, err error) {
.\gitmap\release\semver.go|62|fmt.Errorf|return 0, 0, 0, fmt.Errorf("too many version segments")
.\gitmap\release\semver.go|67|fmt.Errorf|return 0, 0, 0, fmt.Errorf("invalid major version: %s", parts[0])
.\gitmap\release\semver.go|83|raw error return|func parseSegment(parts []string, idx int, name string) (int, error) {
.\gitmap\release\semver.go|89|fmt.Errorf|return 0, fmt.Errorf("invalid %s version: %s", name, parts[idx])
.\gitmap\release\semver.go|115|bare bool return|func (v Version) IsPreRelease() bool {
.\gitmap\release\semver.go|120|bare bool return|func (v Version) GreaterThan(other Version) bool {
.\gitmap\release\semver.go|145|bare bool return|func preReleaseGreater(a, b string) bool {
.\gitmap\release\semver.go|154|raw error return|func Bump(v Version, level string) (Version, error) {
.\gitmap\release\semver.go|163|fmt.Errorf|return Version{}, fmt.Errorf("invalid bump level: %s (use major, minor, or patch)", level)
.\gitmap\release\temprelease.go|19|raw error return|func ListRecentCommits(count int) ([]TempReleaseCommit, error) {
.\gitmap\release\temprelease.go|27|fmt.Errorf|return nil, fmt.Errorf("failed to list recent commits: %w", err)
.\gitmap\release\temprelease.go|73|raw error return|func CreateBranchFromSHA(branchName, sha string) error {
.\gitmap\release\temprelease.go|81|raw error return|func PushBranches(branches []string) error {
.\gitmap\release\temprelease.go|88|raw error return|func DeleteLocalBranch(branch string) error {
.\gitmap\release\temprelease.go|95|raw error return|func DeleteRemoteBranches(branches []string) error {
.\gitmap\release\temprelease.go|102|raw error return|func ListTempReleaseBranches() ([]string, error) {
.\gitmap\release\workflow.go|52|raw error return|func Execute(opts Options) error {
.\gitmap\release\workflow.go|92|raw error return|func tryDelegateFromBranch(v Version, opts Options) (bool, error) {
.\gitmap\release\workflow.go|92|bare bool return|func tryDelegateFromBranch(v Version, opts Options) (bool, error) {
.\gitmap\release\workflow.go|118|raw error return|func tryDelegateFromCurrentBranch(opts Options) (bool, error) {
.\gitmap\release\workflow.go|118|bare bool return|func tryDelegateFromCurrentBranch(opts Options) (bool, error) {
.\gitmap\release\workflow.go|144|raw error return|func tryDelegateIfEmpty(opts Options) (bool, error) {
.\gitmap\release\workflow.go|144|bare bool return|func tryDelegateIfEmpty(opts Options) (bool, error) {
.\gitmap\release\workflow.go|153|raw error return|func resolveVersion(opts Options) (Version, error) {
.\gitmap\release\workflow.go|164|raw error return|func resolveExplicitVersion(ver string) (Version, error) {
.\gitmap\release\workflow.go|175|raw error return|func resolveBumpVersion(bump string) (Version, error) {
.\gitmap\release\workflow.go|186|raw error return|func resolveFileVersion() (Version, error) {
.\gitmap\release\workflow.go|198|raw error return|func performRelease(v Version, sourceRef, sourceName string, opts Options) error {
.\gitmap\release\workflow.go|248|raw error return|func writeMetadataIfRequired(v Version, branchName, tag, sourceName string, opts Options) error {
.\gitmap\release\workflow.go|257|raw error return|func executeSteps(v Version, branchName, tag, sourceRef, sourceName string, opts Options) error {
.\gitmap\release\workflow.go|260|fmt.Errorf|return fmt.Errorf("create branch: %w", err)
.\gitmap\release\workflow.go|266|fmt.Errorf|return fmt.Errorf("create tag: %w", err)
.\gitmap\release\workflowbranch.go|13|raw error return|func ExecuteFromBranch(branchName, assetsPath, notes string, isDraft, dryRun, noCommit, yes bool) error {
.\gitmap\release\workflowbranch.go|13|bare bool return|func ExecuteFromBranch(branchName, assetsPath, notes string, isDraft, dryRun, noCommit, yes bool) error {
.\gitmap\release\workflowbranch.go|36|raw error return|func extractVersionFromBranch(branchName string) (Version, error) {
.\gitmap\release\workflowbranch.go|39|fmt.Errorf|return Version{}, fmt.Errorf(constants.ErrReleaseInvalidVersion, branchName)
.\gitmap\release\workflowbranch.go|48|raw error return|func validateExistingBranch(branchName string, v Version) error {
.\gitmap\release\workflowbranch.go|53|fmt.Errorf|return fmt.Errorf(constants.ErrReleaseBranchNotFound, branchName)
.\gitmap\release\workflowbranch.go|57|raw error return|func completeBranchRelease(v Version, branchName, assetsPath, notes string, isDraft, noCommit, yes bool) error {
.\gitmap\release\workflowbranch.go|57|bare bool return|func completeBranchRelease(v Version, branchName, assetsPath, notes string, isDraft, noCommit, yes bool) error {
.\gitmap\release\workflowbranch.go|65|fmt.Errorf|return fmt.Errorf("checkout branch: %w", err)
.\gitmap\release\workflowbranch.go|73|fmt.Errorf|return fmt.Errorf("create tag: %w", err)
.\gitmap\release\workflowbranch.go|102|raw error return|func ExecutePending(assetsPath, notes string, isDraft, dryRun, noCommit, yes bool) error {
.\gitmap\release\workflowbranch.go|102|bare bool return|func ExecutePending(assetsPath, notes string, isDraft, dryRun, noCommit, yes bool) error {
.\gitmap\release\workflowbranch.go|105|fmt.Errorf|return fmt.Errorf("could not list release branches: %w", err)
.\gitmap\release\workflowbranch.go|133|raw error return|func releasePendingBranches(pending []string, assetsPath, notes string, isDraft, dryRun, noCommit, yes bool) error {
.\gitmap\release\workflowbranch.go|133|bare bool return|func releasePendingBranches(pending []string, assetsPath, notes string, isDraft, dryRun, noCommit, yes bool) error {
.\gitmap\release\workflowbranch.go|146|raw error return|func listReleaseBranches() ([]string, error) {
.\gitmap\release\workflowdocs.go|50|raw error return|func collectDocsSiteItems(distDir string) ([]string, error) {
.\gitmap\release\workflowdocs.go|55|fmt.Errorf|return fmt.Errorf("walk error at %s: %w", path, err)
.\gitmap\release\workflowdocs.go|71|raw error return|func createDocsSiteZip(archivePath, distDir string, items []string) error {
.\gitmap\release\workflowdocs.go|74|fmt.Errorf|return fmt.Errorf("create archive %s: %w", archivePath, err)
.\gitmap\release\workflowdocs.go|84|fmt.Errorf|return fmt.Errorf("relative path for %s: %w", itemPath, relErr)
.\gitmap\release\workflowdocs.go|91|fmt.Errorf|return fmt.Errorf("add %s to zip: %w", itemPath, err)
.\gitmap\release\workflowdryrun.go|11|raw error return|func printDryRun(v Version, branchName, tag, sourceName string, opts Options) error {
.\gitmap\release\workflowdryrun.go|71|bare bool return|func printDryRunAssets(assetsPath string, compress, checksums bool) {
.\gitmap\release\workflowdryrun.go|119|raw error return|func returnToBranch(branch string) error {
.\gitmap\release\workflowdryrun.go|126|fmt.Errorf|return fmt.Errorf("switch back to %s: %w", branch, err)
.\gitmap\release\workflowfinalize.go|22|raw error return|func pushAndFinalize(v Version, branchName, tag, _ string, opts Options) error {
.\gitmap\release\workflowfinalize.go|27|fmt.Errorf|return fmt.Errorf(constants.ErrReleasePushFailed, err)
.\gitmap\release\workflowfinalize.go|80|raw error return|func writeMetadata(v Version, branchName, tag, sourceName string, assets []string, opts Options) error {
.\gitmap\release\workflowfinalize.go|95|fmt.Errorf|return fmt.Errorf(constants.ErrReleaseMetaWrite, metaPath, err)
.\gitmap\release\workflowfinalize.go|169|raw error return|func updateLatestIfStable(v Version) error {
.\gitmap\release\workflowpending.go|35|bare bool return|func isMetaPending(meta ReleaseMeta, branchSet map[string]bool) bool {
.\gitmap\release\workflowpending.go|55|raw error return|func releasePendingFromMetadata(pending []ReleaseMeta, assetsPath, notes string, isDraft, dryRun bool) error {
.\gitmap\release\workflowpending.go|55|bare bool return|func releasePendingFromMetadata(pending []ReleaseMeta, assetsPath, notes string, isDraft, dryRun bool) error {
.\gitmap\release\workflowpending.go|68|raw error return|func releaseFromMetadata(meta ReleaseMeta, assetsPath, notes string, isDraft, dryRun bool) error {
.\gitmap\release\workflowpending.go|68|bare bool return|func releaseFromMetadata(meta ReleaseMeta, assetsPath, notes string, isDraft, dryRun bool) error {
.\gitmap\release\workflowpending.go|71|fmt.Errorf|return fmt.Errorf("invalid version in metadata: %s", meta.Tag)
.\gitmap\release\workflowpending.go|100|fmt.Errorf|return fmt.Errorf("create branch from metadata: %w", err)
.\gitmap\release\workflowpending.go|107|fmt.Errorf|return fmt.Errorf("create tag from metadata: %w", err)
.\gitmap\release\workflowpending.go|117|bare bool return|func isPendingBranch(branch string) bool {
.\gitmap\release\workflowpending.go|129|bare bool return|func tagIsMissing(tag string) bool {
.\gitmap\release\workflowreleasescript.go|65|raw error return|func writeReleaseScriptSnapshot(s releaseScriptSnapshot, stagingDir string) (string, error) {
.\gitmap\release\workflowreleasescript.go|68|fmt.Errorf|return "", fmt.Errorf("read embedded %s: %w", s.embeddedName, err)
.\gitmap\release\workflowreleasescript.go|75|fmt.Errorf|return "", fmt.Errorf("write snapshot %s: %w", outPath, err)
.\gitmap\release\workflowvalidate.go|15|raw error return|func resolveBump(level string) (Version, error) {
.\gitmap\release\workflowvalidate.go|36|raw error return|func resolveLatestVersion() (Version, error) {
.\gitmap\release\workflowvalidate.go|55|raw error return|func ResolveLatestVersion() (Version, error) {
.\gitmap\release\workflowvalidate.go|58|fmt.Errorf|var parseErr error = fmt.Errorf("initial")
.\gitmap\release\workflowvalidate.go|82|raw error return|func resolveFromFile() (Version, error) {
.\gitmap\release\workflowvalidate.go|85|fmt.Errorf|return Version{}, fmt.Errorf(constants.ErrReleaseVersionRequired)
.\gitmap\release\workflowvalidate.go|95|raw error return|func checkDuplicate(v Version) error {
.\gitmap\release\workflowvalidate.go|105|fmt.Errorf|return fmt.Errorf(constants.ErrReleaseAlreadyExists, v.String(), v.String())
.\gitmap\release\workflowvalidate.go|109|fmt.Errorf|return fmt.Errorf(constants.ErrReleaseTagExists, v.String())
.\gitmap\release\workflowvalidate.go|117|raw error return|func handleOrphanedMeta(v Version) error {
.\gitmap\release\workflowvalidate.go|123|fmt.Errorf|return fmt.Errorf(constants.ErrReleaseAlreadyExists, v.String(), v.String())
.\gitmap\release\workflowvalidate.go|128|fmt.Errorf|return fmt.Errorf(constants.ErrReleaseAborted)
.\gitmap\release\workflowvalidate.go|136|fmt.Errorf|return fmt.Errorf(constants.ErrReleaseOrphanedRemove, path, err)
.\gitmap\release\ziparchive.go|44|raw error return|func buildOneZipGroup(db *store.DB, name, stagingDir string) (string, error) {
.\gitmap\release\ziparchive.go|47|fmt.Errorf|return "", fmt.Errorf(constants.ErrZGGroupNotDB, name)
.\gitmap\release\ziparchive.go|58|fmt.Errorf|return "", fmt.Errorf("empty group")
.\gitmap\release\zipio.go|17|raw error return|func createMaxCompressZip(archivePath string, items []model.ZipGroupItem) error {
.\gitmap\release\zipio.go|20|fmt.Errorf|return fmt.Errorf("create zip: %w", err)
.\gitmap\release\zipio.go|82|raw error return|func sha1File(path string) (string, error) {
.\gitmap\release\zipio.go|91|swallowed error|_, err = io.Copy(h, f)
.\gitmap\release\zipio.go|100|raw error return|func addSingleFileToZip(w *zip.Writer, srcPath, entryName string) error {
.\gitmap\release\zipio.go|103|fmt.Errorf|return fmt.Errorf("open %s: %w", srcPath, err)
.\gitmap\release\zipio.go|109|fmt.Errorf|return fmt.Errorf("stat %s: %w", srcPath, err)
.\gitmap\release\zipio.go|114|fmt.Errorf|return fmt.Errorf("header %s: %w", srcPath, err)
.\gitmap\release\zipio.go|122|fmt.Errorf|return fmt.Errorf("create entry %s: %w", entryName, err)
.\gitmap\release\zipio.go|125|swallowed error|_, err = io.Copy(writer, src)
.\gitmap\release\zipio.go|131|raw error return|func addFolderToZip(w *zip.Writer, folderPath string) error {
.\gitmap\render\preflag.go|60|bare bool return|func Decide(mode PrettyModeType, isTTY, isMarkdown bool) bool {
.\gitmap\render\preflag.go|86|bare bool return|func StdoutIsTerminal() bool {
.\gitmap\render\prettypost.go|45|bare bool return|func renderHeadingLine(line string) (string, bool) {
.\gitmap\render\pretty_emit.go|84|bare bool return|func processQuoteChar(b *strings.Builder, inQuote bool) bool {
.\gitmap\render\pretty_parse.go|147|bare bool return|func isFence(line string) bool {
.\gitmap\render\pretty_parse.go|151|bare bool return|func isHeading(line string) bool {
.\gitmap\render\pretty_parse.go|167|bare bool return|func isItalic(line string) bool {
.\gitmap\render\pretty_parse.go|195|bare bool return|func isListItem(line string) bool {
.\gitmap\render\pretty_parse.go|219|bare bool return|func isIndentedCode(line string) bool {
.\gitmap\render\pretty_parse.go|226|bare bool return|func isInterleavedBlank(lines []string, i int) bool {
.\gitmap\render\repotermblock.go|77|raw error return|func RenderRepoTermBlock(w io.Writer, b RepoTermBlock) error {
.\gitmap\render\repotermblock.go|91|raw error return|func RenderRepoTermBlocks(w io.Writer, blocks []RepoTermBlock) error {
.\gitmap\result\result.go|18|raw error return|func NewFailure[T any](err error) Result[T] {
.\gitmap\scanner\scanner.go|138|raw error return|func ScanDir(root string, excludeDirs []string) ([]RepoInfo, error) {
.\gitmap\scanner\scanner.go|146|raw error return|func ScanDirWithWorkers(root string, excludeDirs []string, workers int) ([]RepoInfo, error) {
.\gitmap\scanner\scanner.go|156|raw error return|func ScanDirWithOptions(root string, opts ScanOptions) ([]RepoInfo, error) {
.\gitmap\scanner\scanner.go|249|bare bool return|func (st *scanState) snapshot(final bool) ScanProgress {
.\gitmap\scanner\scanner.go|261|raw error return|func walkParallel(root string, exclude map[string]bool, workers, maxDepth int, progress func(ScanProgress), onDirError func(string, error)) ([]RepoInfo, error) {
.\gitmap\scanner\scanner.go|354|bare bool return|func (st *scanState) isDepthAllowed(depth int) bool {
.\gitmap\scanner\scanner.go|374|bare bool return|func (st *scanState) hasGitMarker(dir string, entries []os.DirEntry) bool {
.\gitmap\scanner\scanner.go|394|bare bool return|func isGitdirFile(path string) bool {
.\gitmap\scanner\scanner.go|451|raw error return|func (st *scanState) recordErr(err error) {
.\gitmap\scanner\scanner.go|464|raw error return|func (st *scanState) recordDirErr(path string, err error) {
.\gitmap\scripts\embed.go|23|raw error return|func ReadFile(name string) ([]byte, error) {
.\gitmap\setup\pathsnippet.go|18|raw error return|func RenderPathSnippet(shell, dir, manager string) (string, error) {
.\gitmap\setup\pathsnippet.go|20|fmt.Errorf|return "", fmt.Errorf(constants.ErrPathSnippetDirRequired)
.\gitmap\setup\pathsnippet.go|34|raw error return|func snippetTemplate(shell string) (string, error) {
.\gitmap\setup\pathsnippet.go|45|fmt.Errorf|return "", fmt.Errorf(constants.ErrPathSnippetUnknownShell, shell)
.\gitmap\setup\pathsnippetwriter.go|42|raw error return|func WritePathSnippet(shell, dir, manager, profile string) (PathSnippetWriteResult, error) {
.\gitmap\setup\pathsnippetwriter.go|55|raw error return|func resolveSnippetTarget(shell, dir, manager, profile string) (string, string, error) {
.\gitmap\setup\pathsnippetwriter.go|67|raw error return|func resolveProfilePath(shell, profile string) (string, error) {
.\gitmap\setup\pathsnippetwriter.go|75|fmt.Errorf|return "", fmt.Errorf("create profile dir %s: %w", filepath.Dir(profile), err)
.\gitmap\setup\pathsnippetwriter.go|80|raw error return|func rewriteProfileFile(profile, existing, open, close, body string) (PathSnippetWriteResult, error) {
.\gitmap\setup\pathsnippetwriter.go|87|fmt.Errorf|return PathSnippetWriteResult{}, fmt.Errorf("rewrite profile %s: %w", profile, wrErr)
.\gitmap\setup\pathsnippetwriter.go|93|raw error return|func appendSnippet(profile, body string) (PathSnippetWriteResult, error) {
.\gitmap\setup\pathsnippetwriter.go|96|fmt.Errorf|return PathSnippetWriteResult{}, fmt.Errorf("open profile %s: %w", profile, err)
.\gitmap\setup\pathsnippetwriter.go|99|swallowed error|if _, err = fmt.Fprintf(f, "\n%s\n", body); err != nil {
.\gitmap\setup\pathsnippetwriter.go|100|fmt.Errorf|return PathSnippetWriteResult{}, fmt.Errorf("append snippet: %w", err)
.\gitmap\setup\pathsnippetwriter.go|124|bare bool return|func scanSnippetLines(content, open, close, body string) (string, bool) {
.\gitmap\setup\pathsnippetwriter.go|149|raw error return|func defaultProfilePath(shell string) (string, error) {
.\gitmap\setup\pathsnippetwriter.go|152|fmt.Errorf|return "", fmt.Errorf("resolve home dir: %w", err)
.\gitmap\setup\pathsnippetwriter.go|161|raw error return|func profileRelPath(shell string) (string, error) {
.\gitmap\setup\pathsnippetwriter.go|174|fmt.Errorf|return "", fmt.Errorf("unknown shell %q", shell)
.\gitmap\setup\setup.go|53|raw error return|func LoadConfig(path string) (GitSetupConfig, error) {
.\gitmap\stablejson\stablejson.go|73|raw error return|func WriteArray(w io.Writer, items [][]Field) error {
.\gitmap\stablejson\stablejson.go|100|raw error return|func WriteArrayIndent(w io.Writer, items [][]Field, indent string) error {
.\gitmap\stablejson\stablejson.go|129|raw error return|func WriteObject(w io.Writer, fields []Field) error {
.\gitmap\stablejson\stablejson.go|142|raw error return|func WriteObjectIndent(w io.Writer, fields []Field, indent string) error {
.\gitmap\stablejson\stablejson.go|155|swallowed error|_, err = w.Write(buf.Bytes())
.\gitmap\stablejson\stablejson.go|174|swallowed error|_, err = w.Write(buf.Bytes())
.\gitmap\stablejson\stablejson.go|192|raw error return|func WriteJSONLines(w io.Writer, items [][]Field) error {
.\gitmap\stablejson\writers.go|19|raw error return|func writeArrayPretty(w io.Writer, buf *bytes.Buffer, items [][]Field, indent string) error {
.\gitmap\stablejson\writers.go|42|raw error return|func writeArrayMinified(w io.Writer, buf *bytes.Buffer, items [][]Field) error {
.\gitmap\stablejson\writers.go|64|raw error return|func writeCompactObject(buf *bytes.Buffer, fields []Field) error {
.\gitmap\stablejson\writers.go|85|raw error return|func writeObject(buf *bytes.Buffer, fields []Field, indent string) error {
.\gitmap\stablejson\writers.go|109|raw error return|func writeKeyValue(buf *bytes.Buffer, f Field, colonSpace string) error {
.\gitmap\stablejson\writers.go|112|fmt.Errorf|return fmt.Errorf("stablejson: encode key %q: %w", f.Key, err)
.\gitmap\stablejson\writers.go|119|fmt.Errorf|return fmt.Errorf("stablejson: encode value for key %q: %w", f.Key, err)
.\gitmap\startup\add.go|110|raw error return|func Add(opts AddOptions) (AddResult, error) {
.\gitmap\startup\add.go|124|fmt.Errorf|return AddResult{}, fmt.Errorf("create autostart dir %s: %w", dir, err)
.\gitmap\startup\add.go|165|raw error return|func writeManaged(full, clean string, opts AddOptions) (AddResult, error) {
.\gitmap\startup\add.go|200|bare bool return|func classifyTarget(full string) (bool, bool) {
.\gitmap\startup\addrender.go|65|raw error return|func atomicWrite(target string, body []byte) error {
.\gitmap\startup\addrender.go|68|fmt.Errorf|return fmt.Errorf("write temp %s: %w", tmp, err)
.\gitmap\startup\addrender.go|72|fmt.Errorf|return fmt.Errorf("rename %s -> %s: %w", tmp, target, err)
.\gitmap\startup\desktop.go|65|bare bool return|func looksLikeOursDesktop(filename string) bool {
.\gitmap\startup\desktop.go|77|bare bool return|func readManagedDesktop(dir, filename string) (Entry, bool) {
.\gitmap\startup\desktop.go|103|bare bool return|func parseDesktopFields(sc *bufio.Scanner) (bool, string) {
.\gitmap\startup\plist.go|58|bare bool return|func looksLikeOursPlist(filename string) bool {
.\gitmap\startup\plist.go|71|bare bool return|func readManagedPlist(dir, filename string) (Entry, bool) {
.\gitmap\startup\plist.go|96|bare bool return|func parsePlistFields(r io.Reader) (bool, string) {
.\gitmap\startup\plist_test.go|23|bare bool return|func writePlist(t *testing.T, dir, name string, managed bool, argv ...string) string {
.\gitmap\startup\plist_test.go|37|bare bool return|func plistBody(name string, managed bool, argv []string) string {
.\gitmap\startup\remove.go|74|raw error return|func Remove(name string) (RemoveResult, error) {
.\gitmap\startup\remove.go|82|raw error return|func RemoveWithOptions(name string, opts RemoveOptions) (RemoveResult, error) {
.\gitmap\startup\remove.go|119|bare bool return|func isValidName(name string) bool {
.\gitmap\startup\remove.go|138|raw error return|func removeIfManaged(full string, opts RemoveOptions) (RemoveResult, error) {
.\gitmap\startup\remove.go|153|fmt.Errorf|return RemoveResult{}, fmt.Errorf("delete %s: %w", full, err)
.\gitmap\startup\remove.go|167|bare bool return|func isManagedFile(path string) bool {
.\gitmap\startup\startup.go|66|raw error return|func AutostartDir() (string, error) {
.\gitmap\startup\startup.go|73|fmt.Errorf|return "", fmt.Errorf(constants.ErrStartupUnsupportedOS)
.\gitmap\startup\startup.go|95|raw error return|func darwinLaunchAgentsDir() (string, error) {
.\gitmap\startup\startup.go|110|raw error return|func List() ([]Entry, error) {
.\gitmap\startup\startup.go|127|fmt.Errorf|return nil, fmt.Errorf(constants.ErrStartupReadDir, dir, err)
.\gitmap\startup\startup_test.go|39|bare bool return|func writeDesktop(t *testing.T, dir, name string, managed bool, exec string) string {
.\gitmap\startup\winbackend.go|56|raw error return|func ParseBackend(s string) (BackendType, error) {
.\gitmap\startup\winbackend.go|67|fmt.Errorf|return BackendUnspecified, fmt.Errorf(constants.ErrStartupAddBadBackend, s)
.\gitmap\startup\winbackend.go|109|raw error return|func addWindows(clean string, opts AddOptions) (AddResult, error) {
.\gitmap\startup\winbackend.go|123|fmt.Errorf|return AddResult{}, fmt.Errorf(constants.ErrStartupAddBadBackend, backend.String())
.\gitmap\startup\winbackend.go|126|fmt.Errorf|return AddResult{}, fmt.Errorf(constants.ErrStartupAddBadBackend, backend.String())
.\gitmap\startup\winbackend.go|140|raw error return|func removeWindows(clean string, opts RemoveOptions) (RemoveResult, error) {
.\gitmap\startup\winbackend.go|176|raw error return|func listWindows() ([]Entry, error) {
.\gitmap\startup\winregistry_hklm_windows.go|36|raw error return|func addWindowsRegistryHKLM(clean string, opts AddOptions) (AddResult, error) {
.\gitmap\startup\winregistry_hklm_windows.go|50|raw error return|func removeWindowsRegistryHKLM(clean string, opts RemoveOptions) (RemoveResult, error) {
.\gitmap\startup\winregistry_hklm_windows.go|85|raw error return|func listWindowsRegistryHKLM() ([]Entry, error) {
.\gitmap\startup\winregistry_hklm_windows.go|98|raw error return|func requireWindowsAdminForHKLM() error {
.\gitmap\startup\winregistry_hklm_windows.go|104|fmt.Errorf|return fmt.Errorf(constants.ErrStartupHKLMNotAdmin)
.\gitmap\startup\winregistry_hklm_windows.go|113|bare bool return|func isProcessElevated() bool {
.\gitmap\startup\winregistry_other.go|25|raw error return|func addWindowsRegistry(_ string, _ AddOptions) (AddResult, error) {
.\gitmap\startup\winregistry_other.go|26|fmt.Errorf|return AddResult{}, fmt.Errorf(constants.ErrStartupUnsupportedOS)
.\gitmap\startup\winregistry_other.go|30|raw error return|func removeWindowsRegistry(_ string, _ RemoveOptions) (RemoveResult, error) {
.\gitmap\startup\winregistry_other.go|31|fmt.Errorf|return RemoveResult{}, fmt.Errorf(constants.ErrStartupUnsupportedOS)
.\gitmap\startup\winregistry_other.go|37|raw error return|func listWindowsRegistry() ([]Entry, error) {
.\gitmap\startup\winregistry_other.go|44|raw error return|func addWindowsRegistryHKLM(_ string, _ AddOptions) (AddResult, error) {
.\gitmap\startup\winregistry_other.go|45|fmt.Errorf|return AddResult{}, fmt.Errorf(constants.ErrStartupUnsupportedOS)
.\gitmap\startup\winregistry_other.go|49|raw error return|func removeWindowsRegistryHKLM(_ string, _ RemoveOptions) (RemoveResult, error) {
.\gitmap\startup\winregistry_other.go|50|fmt.Errorf|return RemoveResult{}, fmt.Errorf(constants.ErrStartupUnsupportedOS)
.\gitmap\startup\winregistry_other.go|57|raw error return|func listWindowsRegistryHKLM() ([]Entry, error) {
.\gitmap\startup\winregistry_other.go|64|bare bool return|func trackingSubkeyExists(_, _ string) bool {
.\gitmap\startup\winregistry_other.go|71|raw error return|func writeTrackingSubkey(_, _, _, _, _ string) error {
.\gitmap\startup\winregistry_other.go|72|fmt.Errorf|return fmt.Errorf(constants.ErrStartupUnsupportedOS)
.\gitmap\startup\winregistry_other.go|76|raw error return|func deleteTrackingSubkey(_, _ string) error {
.\gitmap\startup\winregistry_other.go|77|fmt.Errorf|return fmt.Errorf(constants.ErrStartupUnsupportedOS)
.\gitmap\startup\winregistry_remove_windows.go|33|raw error return|func removeWindowsRegistry(clean string, opts RemoveOptions) (RemoveResult, error) {
.\gitmap\startup\winregistry_remove_windows.go|81|raw error return|func deleteRunValueAt(root registry.Key, valueName string) error {
.\gitmap\startup\winregistry_remove_windows.go|86|fmt.Errorf|return fmt.Errorf(constants.ErrStartupRegistryOpen, constants.RegRunKeyPath, err)
.\gitmap\startup\winregistry_remove_windows.go|92|fmt.Errorf|return fmt.Errorf(constants.ErrStartupRegistryWrite, valueName, err)
.\gitmap\startup\winregistry_remove_windows.go|100|raw error return|func deleteTrackingSubkey(parent, name string) error {
.\gitmap\startup\winregistry_remove_windows.go|108|raw error return|func deleteTrackingSubkeyAt(root registry.Key, parent, name string) error {
.\gitmap\startup\winregistry_remove_windows.go|113|fmt.Errorf|return fmt.Errorf(constants.ErrStartupRegistryWrite, full, err)
.\gitmap\startup\winregistry_remove_windows.go|127|raw error return|func listWindowsRegistry() ([]Entry, error) {
.\gitmap\startup\winregistry_remove_windows.go|137|raw error return|func listWindowsRegistryAt(root registry.Key, hive string) ([]Entry, error) {
.\gitmap\startup\winregistry_remove_windows.go|144|fmt.Errorf|return nil, fmt.Errorf(constants.ErrStartupRegistryOpen, constants.RegRunKeyPath, err)
.\gitmap\startup\winregistry_remove_windows.go|151|fmt.Errorf|return nil, fmt.Errorf(constants.ErrStartupRegistryRead, constants.RegRunKeyPath, err)
.\gitmap\startup\winregistry_windows.go|62|raw error return|func addWindowsRegistry(clean string, opts AddOptions) (AddResult, error) {
.\gitmap\startup\winregistry_windows.go|110|raw error return|func classifyRunValue(valueName, clean string) (bool, bool, error) {
.\gitmap\startup\winregistry_windows.go|110|bare bool return|func classifyRunValue(valueName, clean string) (bool, bool, error) {
.\gitmap\startup\winregistry_windows.go|120|raw error return|func classifyRunValueAt(root registry.Key, valueName, clean string) (bool, bool, error) {
.\gitmap\startup\winregistry_windows.go|120|bare bool return|func classifyRunValueAt(root registry.Key, valueName, clean string) (bool, bool, error) {
.\gitmap\startup\winregistry_windows.go|126|fmt.Errorf|return false, false, fmt.Errorf(constants.ErrStartupRegistryOpen, constants.RegRunKeyPath, err)
.\gitmap\startup\winregistry_windows.go|130|swallowed error|_, _, err = k.GetStringValue(valueName)
.\gitmap\startup\winregistry_windows.go|135|fmt.Errorf|return false, false, fmt.Errorf(constants.ErrStartupRegistryRead, valueName, err)
.\gitmap\startup\winregistry_windows.go|146|bare bool return|func trackingSubkeyExists(parent, name string) bool {
.\gitmap\startup\winregistry_windows.go|154|bare bool return|func trackingSubkeyExistsAt(root registry.Key, parent, name string) bool {
.\gitmap\startup\winregistry_windows.go|169|raw error return|func writeRunValue(valueName, exec string) error {
.\gitmap\startup\winregistry_windows.go|177|raw error return|func writeRunValueAt(root registry.Key, valueName, exec string) error {
.\gitmap\startup\winregistry_windows.go|182|fmt.Errorf|return fmt.Errorf(constants.ErrStartupRegistryOpen, constants.RegRunKeyPath, err)
.\gitmap\startup\winregistry_windows.go|188|fmt.Errorf|return fmt.Errorf(constants.ErrStartupRegistryWrite, valueName, err)
.\gitmap\startup\winregistry_windows.go|196|raw error return|func writeTrackingSubkey(parent, name, exec, source, workingDir string) error {
.\gitmap\startup\winregistry_windows.go|208|raw error return|func writeTrackingSubkeyAt(root registry.Key, parent, name, exec, source, workingDir string) error {
.\gitmap\startup\winregistry_windows.go|213|fmt.Errorf|return fmt.Errorf(constants.ErrStartupRegistryOpen, full, err)
.\gitmap\startup\winregistry_windows.go|219|fmt.Errorf|return fmt.Errorf(constants.ErrStartupRegistryWrite, constants.RegTrackKeyExec, err)
.\gitmap\startup\winregistry_windows.go|224|fmt.Errorf|return fmt.Errorf(constants.ErrStartupRegistryWrite, constants.RegTrackKeyCreatedAt, err)
.\gitmap\startup\winregistry_windows.go|228|fmt.Errorf|return fmt.Errorf(constants.ErrStartupRegistryWrite, constants.RegTrackKeySource, err)
.\gitmap\startup\winregistry_windows.go|235|fmt.Errorf|return fmt.Errorf(constants.ErrStartupRegistryWrite, constants.RegTrackKeyWorkingDir, err)
.\gitmap\startup\winshortcut.go|27|raw error return|func addWindowsStartupFolder(clean string, opts AddOptions) (AddResult, error) {
.\gitmap\startup\winshortcut.go|30|fmt.Errorf|return AddResult{}, fmt.Errorf(constants.ErrStartupUnsupportedOS)
.\gitmap\startup\winshortcut.go|39|fmt.Errorf|return AddResult{}, fmt.Errorf("create startup folder %s: %w", dir, err)
.\gitmap\startup\winshortcut.go|50|raw error return|func writeStartupShortcut(full, clean string, opts AddOptions) (AddResult, error) {
.\gitmap\startup\winshortcut.go|63|fmt.Errorf|return AddResult{}, fmt.Errorf(constants.ErrStartupShortcutCreate, full, err)
.\gitmap\startup\winshortcut.go|81|raw error return|func removeWindowsStartupFolder(clean string, opts RemoveOptions) (RemoveResult, error) {
.\gitmap\startup\winshortcut.go|84|fmt.Errorf|return RemoveResult{}, fmt.Errorf(constants.ErrStartupUnsupportedOS)
.\gitmap\startup\winshortcut.go|106|fmt.Errorf|return RemoveResult{}, fmt.Errorf("delete %s: %w", full, err)
.\gitmap\startup\winshortcut.go|119|raw error return|func listWindowsStartupFolder() ([]Entry, error) {
.\gitmap\startup\winshortcut.go|136|fmt.Errorf|return nil, fmt.Errorf(constants.ErrStartupReadDir, dir, err)
.\gitmap\startup\winshortcut.go|172|bare bool return|func looksLikeOursLnk(filename string) bool {
.\gitmap\startup\winshortcut_helpers.go|20|raw error return|func startupFolderDir() (string, error) {
.\gitmap\startup\winshortcut_helpers.go|24|fmt.Errorf|return "", fmt.Errorf("APPDATA env var is empty")
.\gitmap\startup\winshortcut_helpers.go|33|bare bool return|func fileExists(p string) bool {
.\gitmap\startup\winshortcut_linkinfo.go|57|raw error return|func buildLinkInfo(target string) ([]byte, error) {
.\gitmap\startup\winshortcut_linkinfo.go|60|fmt.Errorf|return nil, fmt.Errorf("shortcut target contains NUL byte")
.\gitmap\startup\winshortcut_linkinfo.go|92|raw error return|func computeLinkInfoOffsets(volumeID, pathBytes, suffixBytes []byte) (linkInfoOffsets, error) {
.\gitmap\startup\winshortcut_linkinfo.go|96|fmt.Errorf|return linkInfoOffsets{}, fmt.Errorf("volumeID size: %w", err)
.\gitmap\startup\winshortcut_linkinfo.go|101|fmt.Errorf|return linkInfoOffsets{}, fmt.Errorf("target path size: %w", err)
.\gitmap\startup\winshortcut_linkinfo.go|106|fmt.Errorf|return linkInfoOffsets{}, fmt.Errorf("suffix size: %w", err)
.\gitmap\startup\winshortcut_linkinfo.go|146|raw error return|func safeUint32(n int) (uint32, error) {
.\gitmap\startup\winshortcut_linkinfo.go|149|fmt.Errorf|return 0, fmt.Errorf("value %d out of uint32 range", n)
.\gitmap\startup\winshortcut_writer.go|66|raw error return|func writeShortcutFile(lnkPath, target string) error {
.\gitmap\startup\winshortcut_writer.go|73|fmt.Errorf|return fmt.Errorf("write shortcut tmp %s: %w", tmp, err)
.\gitmap\startup\winshortcut_writer.go|77|fmt.Errorf|return fmt.Errorf("rename shortcut %s: %w", lnkPath, err)
.\gitmap\startup\winshortcut_writer.go|87|raw error return|func buildShortcutBytes(target string) ([]byte, error) {
.\gitmap\startup\winshortcut_writer.go|89|fmt.Errorf|return nil, fmt.Errorf("shortcut target is empty")
.\gitmap\startup\winshortcut_writer.go|108|raw error return|func writeShellLinkHeader(buf *bytes.Buffer) error {
.\gitmap\startup\winshortcut_writer.go|122|fmt.Errorf|return fmt.Errorf("write shell link header: %w", err)
.\gitmap\store\alias.go|27|raw error return|func (db *DB) CreateAlias(alias string, repoID int64) (model.Alias, error) {
.\gitmap\store\alias.go|30|fmt.Errorf|return model.Alias{}, fmt.Errorf(constants.ErrAliasCreate, err)
.\gitmap\store\alias.go|37|raw error return|func (db *DB) UpdateAlias(alias string, repoID int64) error {
.\gitmap\store\alias.go|40|fmt.Errorf|return fmt.Errorf(constants.ErrAliasCreate, err)
.\gitmap\store\alias.go|47|raw error return|func (db *DB) FindAliasByName(alias string) (model.Alias, error) {
.\gitmap\store\alias.go|54|raw error return|func (db *DB) FindAliasByRepoID(repoID int64) (model.Alias, error) {
.\gitmap\store\alias.go|61|raw error return|func (db *DB) ListAliases() ([]model.Alias, error) {
.\gitmap\store\alias.go|64|fmt.Errorf|return nil, fmt.Errorf(constants.ErrAliasQuery, err)
.\gitmap\store\alias.go|72|raw error return|func (db *DB) ResolveAlias(alias string) (AliasWithRepo, error) {
.\gitmap\store\alias.go|79|fmt.Errorf|return AliasWithRepo{}, fmt.Errorf(constants.ErrAliasNotFound, alias)
.\gitmap\store\alias.go|86|raw error return|func (db *DB) ListAliasesWithRepo() ([]AliasWithRepo, error) {
.\gitmap\store\alias.go|89|fmt.Errorf|return nil, fmt.Errorf(constants.ErrAliasQuery, err)
.\gitmap\store\alias.go|110|raw error return|func (db *DB) DeleteAlias(alias string) error {
.\gitmap\store\alias.go|113|fmt.Errorf|return fmt.Errorf(constants.ErrAliasDelete, err)
.\gitmap\store\alias.go|120|raw error return|func (db *DB) ListUnaliasedRepos() ([]UnaliasedRepo, error) {
.\gitmap\store\alias.go|123|fmt.Errorf|return nil, fmt.Errorf(constants.ErrAliasQuery, err)
.\gitmap\store\alias.go|144|bare bool return|func (db *DB) AliasExists(alias string) bool {
.\gitmap\store\alias.go|151|raw error return|func scanOneAlias(row *sql.Row) (model.Alias, error) {
.\gitmap\store\alias.go|163|raw error return|func scanAliasRows(rows *sql.Rows) ([]model.Alias, error) { //nolint:unparam // error kept for interface consistency
.\gitmap\store\amendment.go|27|raw error return|func (db *DB) InsertAmendment(branch, fromCommit, toCommit string, total int, prevName, prevEmail, newName, newEmail, mode string, forcePushed bool) error {
.\gitmap\store\amendment.go|27|bare bool return|func (db *DB) InsertAmendment(branch, fromCommit, toCommit string, total int, prevName, prevEmail, newName, newEmail, mode string, forcePushed bool) error {
.\gitmap\store\amendment.go|35|fmt.Errorf|return fmt.Errorf(constants.ErrDBUpsert, err)
.\gitmap\store\amendment.go|42|raw error return|func (db *DB) ListAmendments() ([]AmendmentRow, error) {
.\gitmap\store\amendment.go|45|fmt.Errorf|return nil, fmt.Errorf(constants.ErrDBQuery, err)
.\gitmap\store\amendment.go|53|raw error return|func (db *DB) ListAmendmentsByBranch(branch string) ([]AmendmentRow, error) {
.\gitmap\store\amendment.go|56|fmt.Errorf|return nil, fmt.Errorf(constants.ErrDBQuery, err)
.\gitmap\store\amendment.go|86|bare bool return|func boolToIntAmend(b bool) int {
.\gitmap\store\archive_history.go|33|raw error return|func (db *DB) StartArchiveHistory(cmd string, inputs []string, mode string) (int64, error) {
.\gitmap\store\archive_history.go|82|raw error return|func (db *DB) RecentArchiveHistory(limit int) ([]ArchiveHistoryRow, error) {
.\gitmap\store\archive_history.go|110|raw error return|func scanArchiveHistory(rows *sql.Rows) (ArchiveHistoryRow, error) {
.\gitmap\store\bookmark.go|11|raw error return|func (db *DB) InsertBookmark(r model.BookmarkRecord) error {
.\gitmap\store\bookmark.go|15|fmt.Errorf|return fmt.Errorf(constants.ErrBookmarkQuery, err)
.\gitmap\store\bookmark.go|22|raw error return|func (db *DB) ListBookmarks() ([]model.BookmarkRecord, error) {
.\gitmap\store\bookmark.go|25|fmt.Errorf|return nil, fmt.Errorf(constants.ErrBookmarkQuery, err)
.\gitmap\store\bookmark.go|33|raw error return|func (db *DB) FindBookmarkByName(name string) (model.BookmarkRecord, error) {
.\gitmap\store\bookmark.go|39|fmt.Errorf|return r, fmt.Errorf(constants.ErrBookmarkQuery, err)
.\gitmap\store\bookmark.go|46|raw error return|func (db *DB) DeleteBookmark(name string) error {
.\gitmap\store\bookmark.go|49|fmt.Errorf|return fmt.Errorf(constants.ErrBookmarkQuery, err)
.\gitmap\store\bookmark.go|66|fmt.Errorf|return nil, fmt.Errorf(constants.ErrBookmarkQuery, err)
.\gitmap\store\cddefault.go|30|raw error return|func SaveCDDefaults(outputDir string, defaults map[string]string) error {
.\gitmap\store\chromeprofile.go|66|raw error return|func (db *DB) EnsureChromeProfileTables() error {
.\gitmap\store\chromeprofile.go|69|fmt.Errorf|return fmt.Errorf("ensure chrome-profile tables: %w", err)
.\gitmap\store\chromeprofile.go|77|raw error return|func (db *DB) UpsertChromeProfile(name, sourcePath string, isOffline bool) (int64, error) {
.\gitmap\store\chromeprofile.go|77|bare bool return|func (db *DB) UpsertChromeProfile(name, sourcePath string, isOffline bool) (int64, error) {
.\gitmap\store\chromeprofile.go|86|fmt.Errorf|return 0, fmt.Errorf("upsert chrome-profile: %w", err)
.\gitmap\store\chromeprofile.go|90|fmt.Errorf|return 0, fmt.Errorf("read chrome-profile id: %w", err)
.\gitmap\store\chromeprofile.go|96|raw error return|func (db *DB) InsertChromeProfileExport(profileID int64, format, filePath string, byteSize int) error {
.\gitmap\store\chromeprofile.go|101|fmt.Errorf|return fmt.Errorf("insert chrome-profile-export: %w", err)
.\gitmap\store\chromeprofile.go|107|raw error return|func (db *DB) ListChromeProfilesDB() ([]ChromeProfileRow, error) {
.\gitmap\store\chromeprofile.go|113|fmt.Errorf|return nil, fmt.Errorf("list chrome-profiles: %w", err)
.\gitmap\store\chromeprofile.go|120|fmt.Errorf|return nil, fmt.Errorf("scan chrome-profile row: %w", err)
.\gitmap\store\chromeprofile_delete.go|21|raw error return|func (db *DB) DeleteChromeProfile(name string) ([]string, error) {
.\gitmap\store\chromeprofile_delete.go|30|fmt.Errorf|return nil, fmt.Errorf("delete chrome-profile exports: %w", err)
.\gitmap\store\chromeprofile_delete.go|33|fmt.Errorf|return nil, fmt.Errorf("delete chrome-profile: %w", err)
.\gitmap\store\chromeprofile_delete.go|39|bare bool return|func (db *DB) ChromeProfileExists(name string) bool {
.\gitmap\store\chromeprofile_delete.go|49|raw error return|func (db *DB) collectChromeArtifactPaths(name string) ([]string, error) {
.\gitmap\store\chromeprofile_delete.go|52|fmt.Errorf|return nil, fmt.Errorf("query chrome-profile artifacts: %w", err)
.\gitmap\store\chromeprofile_delete.go|59|fmt.Errorf|return nil, fmt.Errorf("scan artifact: %w", err)
.\gitmap\store\cloneinteractiveselection.go|34|raw error return|func (db *DB) SaveClonePickSelection(plan clonepick.Plan) (int64, error) {
.\gitmap\store\cloneinteractiveselection.go|38|fmt.Errorf|return 0, fmt.Errorf(constants.ErrClonePickDBInsert, err)
.\gitmap\store\cloneinteractiveselection_load.go|20|raw error return|func (db *DB) LoadClonePickByID(id int64) (clonepick.Plan, int64, error) {
.\gitmap\store\cloneinteractiveselection_load.go|30|raw error return|func (db *DB) LoadClonePickByName(name string) (clonepick.Plan, int64, error) {
.\gitmap\store\cloneinteractiveselection_load.go|41|raw error return|func (db *DB) TouchClonePickCreatedAt(id int64) error {
.\gitmap\store\cloneinteractiveselection_load.go|44|fmt.Errorf|return fmt.Errorf("clone-pick: touch CreatedAt: %w", err)
.\gitmap\store\cloneinteractiveselection_load.go|59|raw error return|func scanClonePickFields(row *sql.Row, p *clonepick.Plan, d *clonePickRowData) error {
.\gitmap\store\cloneinteractiveselection_load.go|77|raw error return|func scanClonePickRow(row *sql.Row) (clonepick.Plan, int64, error) {
.\gitmap\store\clone_recent.go|24|raw error return|func (db *DB) MarkCloned(absPath string) error {
.\gitmap\store\clone_recent.go|26|fmt.Errorf|return fmt.Errorf(constants.ErrDBUpsert, err)
.\gitmap\store\clone_recent.go|34|raw error return|func (db *DB) MostRecentClone() (RecentClone, bool, error) {
.\gitmap\store\clone_recent.go|34|bare bool return|func (db *DB) MostRecentClone() (RecentClone, bool, error) {
.\gitmap\store\clone_recent.go|42|fmt.Errorf|return RecentClone{}, false, fmt.Errorf(constants.ErrDBQuery, err)
.\gitmap\store\csharpmetadata.go|12|raw error return|func (db *DB) UpsertCsharpMetadata(m model.CsharpProjectMetadata) error {
.\gitmap\store\csharpmetadata.go|21|raw error return|func (db *DB) UpsertCsharpProjectFile(f model.CsharpProjectFile) error {
.\gitmap\store\csharpmetadata.go|30|raw error return|func (db *DB) UpsertCsharpKeyFile(f model.CsharpKeyFile) error {
.\gitmap\store\csharpmetadata.go|38|raw error return|func (db *DB) SelectCsharpMetadata(detectedProjectID int64) (*model.CsharpProjectMetadata, error) {
.\gitmap\store\csharpmetadata.go|51|raw error return|func (db *DB) SelectCsharpProjectFiles(metadataID int64) ([]model.CsharpProjectFile, error) {
.\gitmap\store\csharpmetadata.go|54|fmt.Errorf|return nil, fmt.Errorf(constants.ErrProjectQuery, err)
.\gitmap\store\csharpmetadata.go|62|raw error return|func (db *DB) SelectCsharpKeyFiles(metadataID int64) ([]model.CsharpKeyFile, error) {
.\gitmap\store\csharpmetadata.go|65|fmt.Errorf|return nil, fmt.Errorf(constants.ErrProjectQuery, err)
.\gitmap\store\csharpmetadata.go|73|raw error return|func (db *DB) DeleteStaleCsharpFiles(metadataID int64, keepIDs []int64) error {
.\gitmap\store\csharpmetadata.go|86|raw error return|func (db *DB) DeleteStaleCsharpKeyFiles(metadataID int64, keepIDs []int64) error {
.\gitmap\store\downloader_seed.go|77|bare bool return|func isSeedBannerSuppressed() bool {
.\gitmap\store\downloader_settings.go|18|bare bool return|func (db *DB) GetDownloaderConfig() (downloaderconfig.Document, bool) {
.\gitmap\store\downloader_settings.go|38|raw error return|func (db *DB) SetDownloaderConfig(doc downloaderconfig.Document) error {
.\gitmap\store\downloader_settings.go|54|raw error return|func (db *DB) SetDownloaderSeedHash(hash string) error {
.\gitmap\store\export.go|11|raw error return|func (db *DB) ExportAll() (model.DatabaseExport, error) {
.\gitmap\store\export.go|48|raw error return|func (db *DB) exportGroups() ([]model.GroupExport, error) {
.\gitmap\store\export.go|68|raw error return|func (db *DB) buildGroupExport(g model.Group) (model.GroupExport, error) {
.\gitmap\store\find_next.go|14|raw error return|func (db *DB) FindNext(scanFolderID int64) ([]model.FindNextRow, error) {
.\gitmap\store\find_next.go|17|fmt.Errorf|return nil, fmt.Errorf(constants.ErrFindNextQuery, err)
.\gitmap\store\find_next.go|25|raw error return|func queryFindNext(conn *sql.DB, scanFolderID int64) (*sql.Rows, error) {
.\gitmap\store\find_next.go|34|raw error return|func scanFindNextRows(rows *sql.Rows) ([]model.FindNextRow, error) {
.\gitmap\store\find_next.go|39|fmt.Errorf|return nil, fmt.Errorf(constants.ErrFindNextScanRow, err)
.\gitmap\store\find_next.go|48|raw error return|func scanOneFindNextRow(rows *sql.Rows) (model.FindNextRow, error) {
.\gitmap\store\gometadata.go|12|raw error return|func (db *DB) UpsertGoMetadata(m model.GoProjectMetadata) error {
.\gitmap\store\gometadata.go|21|raw error return|func (db *DB) UpsertGoRunnable(r model.GoRunnableFile) error {
.\gitmap\store\gometadata.go|29|raw error return|func (db *DB) SelectGoMetadata(detectedProjectID int64) (*model.GoProjectMetadata, error) {
.\gitmap\store\gometadata.go|42|raw error return|func (db *DB) SelectGoRunnables(goMetadataID int64) ([]model.GoRunnableFile, error) {
.\gitmap\store\gometadata.go|45|fmt.Errorf|return nil, fmt.Errorf(constants.ErrProjectQuery, err)
.\gitmap\store\gometadata.go|53|raw error return|func (db *DB) DeleteStaleGoRunnables(goMetadataID int64, keepIDs []int64) error {
.\gitmap\store\group.go|11|raw error return|func (db *DB) CreateGroup(name, description, color string) (model.Group, error) {
.\gitmap\store\group.go|14|fmt.Errorf|return model.Group{}, fmt.Errorf(constants.ErrDBGroupCreate, err)
.\gitmap\store\group.go|21|raw error return|func (db *DB) ListGroups() ([]model.Group, error) {
.\gitmap\store\group.go|24|fmt.Errorf|return nil, fmt.Errorf(constants.ErrDBGroupQuery, err)
.\gitmap\store\group.go|32|raw error return|func (db *DB) findGroupByName(name string) (model.Group, error) {
.\gitmap\store\group.go|37|fmt.Errorf|return model.Group{}, fmt.Errorf(constants.ErrDBGroupNone, name)
.\gitmap\store\group.go|44|raw error return|func (db *DB) AddRepoToGroup(groupName string, repoID int64) error {
.\gitmap\store\group.go|50|swallowed error|_, err = ExecWrapper(db.conn, constants.SQLInsertGroupRepo, group.ID, repoID).Destruct()
.\gitmap\store\group.go|52|fmt.Errorf|return fmt.Errorf(constants.ErrDBGroupAdd, err)
.\gitmap\store\group.go|59|raw error return|func (db *DB) RemoveRepoFromGroup(groupName string, repoID int64) error {
.\gitmap\store\group.go|65|swallowed error|_, err = ExecWrapper(db.conn, constants.SQLDeleteGroupRepo, group.ID, repoID).Destruct()
.\gitmap\store\group.go|67|fmt.Errorf|return fmt.Errorf(constants.ErrDBGroupRemove, err)
.\gitmap\store\group.go|74|raw error return|func (db *DB) ShowGroup(name string) ([]model.ScanRecord, error) {
.\gitmap\store\group.go|82|fmt.Errorf|return nil, fmt.Errorf(constants.ErrDBQuery, err)
.\gitmap\store\group.go|90|raw error return|func (db *DB) DeleteGroup(name string) error {
.\gitmap\store\group.go|93|fmt.Errorf|return fmt.Errorf(constants.ErrDBGroupDelete, err)
.\gitmap\store\group.go|100|raw error return|func (db *DB) CountGroupRepos(name string) (int, error) {
.\gitmap\store\group.go|109|fmt.Errorf|return 0, fmt.Errorf(constants.ErrDBGroupQuery, err)
.\gitmap\store\group.go|135|raw error return|func checkDeleted(result interface{ RowsAffected() (int64, error) }, name string) error {
.\gitmap\store\group.go|138|fmt.Errorf|return fmt.Errorf(constants.ErrDBGroupDelete, err)
.\gitmap\store\group.go|142|fmt.Errorf|return fmt.Errorf(constants.ErrDBGroupNone, name)
.\gitmap\store\history.go|11|raw error return|func (db *DB) InsertHistory(r model.CommandHistoryRecord) (int64, error) {
.\gitmap\store\history.go|16|fmt.Errorf|return 0, fmt.Errorf(constants.ErrHistoryQuery, err)
.\gitmap\store\history.go|23|raw error return|func (db *DB) UpdateHistory(r model.CommandHistoryRecord) error {
.\gitmap\store\history.go|27|fmt.Errorf|return fmt.Errorf(constants.ErrHistoryQuery, err)
.\gitmap\store\history.go|34|raw error return|func (db *DB) ListHistory() ([]model.CommandHistoryRecord, error) {
.\gitmap\store\history.go|37|fmt.Errorf|return nil, fmt.Errorf(constants.ErrHistoryQuery, err)
.\gitmap\store\history.go|45|raw error return|func (db *DB) ListHistoryByCommand(command string) ([]model.CommandHistoryRecord, error) {
.\gitmap\store\history.go|48|fmt.Errorf|return nil, fmt.Errorf(constants.ErrHistoryQuery, err)
.\gitmap\store\history.go|56|raw error return|func (db *DB) ClearHistory() error {
.\gitmap\store\history.go|81|raw error return|func scanOneHistory(row interface{ Scan(dest ...any) error }) (model.CommandHistoryRecord, error) {
.\gitmap\store\import.go|11|raw error return|func (db *DB) ImportAll(data model.DatabaseExport) error {
.\gitmap\store\import.go|13|fmt.Errorf|return fmt.Errorf("repos: %w", err)
.\gitmap\store\import.go|17|fmt.Errorf|return fmt.Errorf("groups: %w", err)
.\gitmap\store\import.go|21|fmt.Errorf|return fmt.Errorf("releases: %w", err)
.\gitmap\store\import.go|25|fmt.Errorf|return fmt.Errorf("history: %w", err)
.\gitmap\store\import.go|29|fmt.Errorf|return fmt.Errorf("bookmarks: %w", err)
.\gitmap\store\import.go|36|raw error return|func (db *DB) importRepos(repos []model.ScanRecord) error {
.\gitmap\store\import.go|51|raw error return|func (db *DB) importGroups(groups []model.GroupExport) error {
.\gitmap\store\import.go|62|raw error return|func (db *DB) importOneGroup(ge model.GroupExport) error {
.\gitmap\store\import.go|77|raw error return|func (db *DB) linkGroupRepos(groupID int64, slugs []string) error {
.\gitmap\store\import.go|84|swallowed error|_, err = ExecWrapper(db.conn, constants.SQLInsertGroupRepo, groupID, repos[0].ID).Destruct()
.\gitmap\store\import.go|94|raw error return|func (db *DB) importReleases(releases []model.ReleaseRecord) error {
.\gitmap\store\import.go|105|raw error return|func (db *DB) importHistory(records []model.CommandHistoryRecord) error {
.\gitmap\store\import.go|120|raw error return|func (db *DB) importBookmarks(bookmarks []model.BookmarkRecord) error {
.\gitmap\store\inject_idempotency.go|25|raw error return|func (db *DB) GetInjectTimestamps(absPath string) (InjectTimestamps, error) {
.\gitmap\store\inject_idempotency.go|34|fmt.Errorf|return InjectTimestamps{}, fmt.Errorf(constants.ErrDBQuery, err)
.\gitmap\store\inject_idempotency.go|43|raw error return|func (db *DB) MarkInjected(absPath string, kind constants.InjectKindType) error {
.\gitmap\store\inject_idempotency.go|46|fmt.Errorf|return fmt.Errorf("inject_idempotency: unknown InjectKind %d", kind)
.\gitmap\store\inject_idempotency.go|51|fmt.Errorf|return fmt.Errorf(constants.ErrDBUpsert, err)
.\gitmap\store\installedtool.go|28|raw error return|func (db *DB) SaveInstalledTool(tool, version, manager string) error {
.\gitmap\store\installedtool.go|43|raw error return|func (db *DB) GetInstalledTool(name string) (InstalledTool, error) {
.\gitmap\store\installedtool.go|56|raw error return|func (db *DB) ListInstalledTools() ([]InstalledTool, error) {
.\gitmap\store\installedtool.go|84|raw error return|func (db *DB) RemoveInstalledTool(name string) error {
.\gitmap\store\installedtool.go|91|bare bool return|func (db *DB) IsToolInstalled(name string) bool {
.\gitmap\store\location.go|29|raw error return|func OpenDefault() (*DB, error) {
.\gitmap\store\location.go|40|raw error return|func OpenDefaultProfile(profileName string) (*DB, error) {
.\gitmap\store\lock.go|15|raw error return|func acquireLock(dbDir string) error {
.\gitmap\store\lock.go|32|bare bool return|func lockExists(lockPath string) bool {
.\gitmap\store\lock.go|39|raw error return|func handleExistingLock(lockPath string) error {
.\gitmap\store\lock.go|48|fmt.Errorf|return fmt.Errorf(constants.ErrLockHeld, pid, lockPath)
.\gitmap\store\lock.go|57|raw error return|func readLockPID(lockPath string) (int, error) {
.\gitmap\store\lock.go|72|raw error return|func writeLock(lockPath string) error {
.\gitmap\store\lock.go|80|bare bool return|func processRunning(pid int) bool {
.\gitmap\store\makeallvisibility.go|26|raw error return|func (db *DB) InsertMakeAllVisibilityRun(r model.MakeAllVisibilityRunRecord) (int64, error) {
.\gitmap\store\makeallvisibility.go|32|fmt.Errorf|return 0, fmt.Errorf(constants.ErrMakeAllRunInsertFmt, err, err.Error())
.\gitmap\store\makeallvisibility.go|42|raw error return|func (db *DB) InsertMakeAllVisibilityPendingResults(runID int64, rows []model.MakeAllVisibilityResultRecord) ([]int64, error) {
.\gitmap\store\makeallvisibility.go|45|fmt.Errorf|return nil, fmt.Errorf(constants.ErrMakeAllResultInsertFmt, err, err.Error())
.\gitmap\store\makeallvisibility.go|56|fmt.Errorf|return nil, fmt.Errorf(constants.ErrMakeAllResultInsertFmt, commitErr, commitErr.Error())
.\gitmap\store\makeallvisibility.go|65|raw error return|func insertPendingResultsInTx(tx txExecer, runID int64, rows []model.MakeAllVisibilityResultRecord) ([]int64, error) {
.\gitmap\store\makeallvisibility.go|72|fmt.Errorf|return nil, fmt.Errorf(constants.ErrMakeAllResultInsertFmt, err, err.Error())
.\gitmap\store\makeallvisibility.go|76|fmt.Errorf|return nil, fmt.Errorf(constants.ErrMakeAllResultInsertFmt, idErr, idErr.Error())
.\gitmap\store\makeallvisibility.go|86|raw error return|func (db *DB) MarkMakeAllVisibilityResultsExcluded(ids []int64, finishedAt string) error {
.\gitmap\store\makeallvisibility.go|92|fmt.Errorf|return fmt.Errorf(constants.ErrMakeAllResultExcludeFmt, err, err.Error())
.\gitmap\store\makeallvisibility.go|98|fmt.Errorf|return fmt.Errorf(constants.ErrMakeAllResultExcludeFmt, execErr, execErr.Error())
.\gitmap\store\makeallvisibility.go|107|raw error return|func (db *DB) UpdateMakeAllVisibilityResult(r model.MakeAllVisibilityResultRecord) error {
.\gitmap\store\makeallvisibility.go|112|fmt.Errorf|return fmt.Errorf(constants.ErrMakeAllResultUpdateFmt, err, err.Error())
.\gitmap\store\makeallvisibility.go|120|raw error return|func (db *DB) FinalizeMakeAllVisibilityRun(r model.MakeAllVisibilityRunRecord) error {
.\gitmap\store\makeallvisibility.go|125|fmt.Errorf|return fmt.Errorf(constants.ErrMakeAllRunFinalizeFmt, err, err.Error())
.\gitmap\store\makeallvisibility_history.go|16|raw error return|func (db *DB) SelectRecentMakeAllVisibilityRuns(limit int) ([]model.MakeAllVisibilityRunRecord, error) {
.\gitmap\store\makeallvisibility_history.go|19|fmt.Errorf|return nil, fmt.Errorf(constants.ErrHistorySelectFmt, err, err.Error())
.\gitmap\store\makeallvisibility_history.go|27|raw error return|func scanRecentRuns(rows *sql.Rows) ([]model.MakeAllVisibilityRunRecord, error) {
.\gitmap\store\makeallvisibility_history.go|34|fmt.Errorf|return nil, fmt.Errorf(constants.ErrHistorySelectFmt, err, err.Error())
.\gitmap\store\makeallvisibility_history.go|39|fmt.Errorf|return nil, fmt.Errorf(constants.ErrHistorySelectFmt, err, err.Error())
.\gitmap\store\makeallvisibility_history_filtered.go|58|raw error return|func (db *DB) SelectRecentMakeAllVisibilityRunsFiltered(f RecentRunsFilter) ([]model.MakeAllVisibilityRunRecord, error) {
.\gitmap\store\makeallvisibility_history_filtered.go|62|fmt.Errorf|return nil, fmt.Errorf(constants.ErrHistorySelectFmt, err, err.Error())
.\gitmap\store\makeallvisibility_undo.go|20|raw error return|func (db *DB) SelectLatestUndoableMakeAllVisibilityRun() (model.MakeAllVisibilityRunRecord, error) {
.\gitmap\store\makeallvisibility_undo.go|30|fmt.Errorf|return model.MakeAllVisibilityRunRecord{}, fmt.Errorf(constants.ErrUndoSelectRunFmt, err, err.Error())
.\gitmap\store\makeallvisibility_undo.go|39|raw error return|func (db *DB) SelectUndoableResultsForRun(runID int64) ([]model.MakeAllVisibilityResultRecord, error) {
.\gitmap\store\makeallvisibility_undo.go|42|fmt.Errorf|return nil, fmt.Errorf(constants.ErrUndoSelectResultsFmt, err, err.Error())
.\gitmap\store\makeallvisibility_undo.go|51|raw error return|func scanUndoableResults(rows *sql.Rows) ([]model.MakeAllVisibilityResultRecord, error) {
.\gitmap\store\makeallvisibility_undo.go|56|fmt.Errorf|return nil, fmt.Errorf(constants.ErrUndoSelectResultsFmt, err, err.Error())
.\gitmap\store\makeallvisibility_undo.go|61|fmt.Errorf|return nil, fmt.Errorf(constants.ErrUndoSelectResultsFmt, err, err.Error())
.\gitmap\store\makeallvisibility_undo.go|70|raw error return|func (db *DB) SelectMakeAllVisibilityRunByID(id int64) (model.MakeAllVisibilityRunRecord, error) {
.\gitmap\store\makeallvisibility_undo.go|76|raw error return|func (db *DB) SelectLatestMakeAllVisibilityRunByKind(kind string) (model.MakeAllVisibilityRunRecord, error) {
.\gitmap\store\makeallvisibility_undo.go|83|raw error return|func scanRunRow(row *sql.Row) (model.MakeAllVisibilityRunRecord, error) {
.\gitmap\store\makeallvisibility_undo.go|91|fmt.Errorf|return model.MakeAllVisibilityRunRecord{}, fmt.Errorf(constants.ErrUndoSelectRunFmt, err, err.Error())
.\gitmap\store\migrateids.go|35|bare bool return|func (db *DB) hasLegacyTextID(table string) bool {
.\gitmap\store\migrateids.go|100|raw error return|func (db *DB) rebuildReposTable() error {
.\gitmap\store\migrateids.go|117|fmt.Errorf|return fmt.Errorf("disable foreign keys: %w", err)
.\gitmap\store\migrateids.go|121|fmt.Errorf|return fmt.Errorf("rename Repos to Repos_legacy: %w", err)
.\gitmap\store\migrateids.go|125|fmt.Errorf|return fmt.Errorf("create new Repos table: %w", err)
.\gitmap\store\migrateids.go|131|fmt.Errorf|return fmt.Errorf("copy data from Repos_legacy: %w", err)
.\gitmap\store\migrateids.go|135|fmt.Errorf|return fmt.Errorf("drop Repos_legacy: %w", err)
.\gitmap\store\migrateids.go|139|fmt.Errorf|return fmt.Errorf("re-enable foreign keys: %w", err)
.\gitmap\store\migrate_commitin.go|71|raw error return|func (db *DB) migrateCommitIn() error {
.\gitmap\store\migrate_commitin.go|74|fmt.Errorf|return fmt.Errorf("commit-in migration failed: %w (statement: %s)", err, stmt)
.\gitmap\store\migrate_commitin_replaymap_helpers_test.go|55|bare bool return|func mustInsertReplay(t *testing.T, db *DB, runID, rewID int64, tagName string, isVersion bool) {
.\gitmap\store\migrate_commitin_test.go|119|bare bool return|func equalSorted(a, b []string) bool {
.\gitmap\store\migrate_schemaversion.go|68|bare bool return|func (db *DB) isSchemaUpToDate() bool {
.\gitmap\store\migrate_v15phase2.go|21|raw error return|func (db *DB) migrateV15Phase2() error {
.\gitmap\store\migrate_v15phase2.go|63|fmt.Errorf|return fmt.Errorf("phase 1.2 %s: %w", spec.OldTable, err)
.\gitmap\store\migrate_v15phase2.go|75|fmt.Errorf|return fmt.Errorf("rebuild GroupRepo FK: %w", err)
.\gitmap\store\migrate_v15phase2.go|84|raw error return|func (db *DB) rebuildGroupRepoFK() error {
.\gitmap\store\migrate_v15phase2.go|106|fmt.Errorf|return fmt.Errorf("groupRepo rebuild step (%s): %w", firstWords(s, 4), err)
.\gitmap\store\migrate_v15phase3.go|19|raw error return|func (db *DB) migrateV15Phase3() error {
.\gitmap\store\migrate_v15phase3.go|79|fmt.Errorf|return fmt.Errorf("phase 1.3 %s: %w", spec.OldTable, err)
.\gitmap\store\migrate_v15phase4.go|29|raw error return|func (db *DB) migrateV15Phase4() error {
.\gitmap\store\migrate_v15phase4.go|34|fmt.Errorf|return fmt.Errorf("phase 1.4 %s: %w", spec.OldTable, err)
.\gitmap\store\migrate_v15phase5.go|23|raw error return|func (db *DB) migrateV15Phase5() error {
.\gitmap\store\migrate_v15phase5.go|49|fmt.Errorf|return fmt.Errorf("phase 1.5 Release: %w", err)
.\gitmap\store\migrate_v15phase6.go|27|raw error return|func (db *DB) migrateV15Phase6() error {
.\gitmap\store\migrate_v15phase6.go|40|fmt.Errorf|return fmt.Errorf("phase 1.6 Release drop: %w", err)
.\gitmap\store\migrate_v15rebuild.go|36|raw error return|func (db *DB) runV15Rebuild(spec v15RebuildSpec) error {
.\gitmap\store\migrate_v15rebuild.go|69|fmt.Errorf|return fmt.Errorf("count %s: %w", spec.OldTable, err)
.\gitmap\store\migrate_v15rebuild.go|78|fmt.Errorf|return fmt.Errorf("count %s: %w", spec.NewTable, err)
.\gitmap\store\migrate_v15rebuild.go|86|fmt.Errorf|return fmt.Errorf("v15 %s→%s row-count mismatch: old=%d new=%d",
.\gitmap\store\migrate_v15rebuild.go|101|bare bool return|func (db *DB) hasCanonicalV15Shape(spec v15RebuildSpec) bool {
.\gitmap\store\migrate_v15rebuild.go|115|raw error return|func (db *DB) execV15Rebuild(spec v15RebuildSpec) error {
.\gitmap\store\migrate_v15rebuild.go|117|fmt.Errorf|return fmt.Errorf("disable foreign keys: %w", err)
.\gitmap\store\migrate_v15rebuild.go|125|fmt.Errorf|return fmt.Errorf("create %s: %w", spec.NewTable, err)
.\gitmap\store\migrate_v15rebuild.go|134|fmt.Errorf|return fmt.Errorf("copy %s→%s: %w", spec.OldTable, spec.NewTable, err)
.\gitmap\store\migrate_v15rebuild.go|138|fmt.Errorf|return fmt.Errorf("drop %s: %w", spec.OldTable, err)
.\gitmap\store\migrate_v15repo.go|28|raw error return|func (db *DB) migrateV15Repo() error {
.\gitmap\store\migrate_v15repo.go|45|fmt.Errorf|return fmt.Errorf("count Repos: %w", err)
.\gitmap\store\migrate_v15repo.go|54|fmt.Errorf|return fmt.Errorf("count Repo: %w", err)
.\gitmap\store\migrate_v15repo.go|62|fmt.Errorf|return fmt.Errorf(constants.ErrV15RepoCountMismatch, oldCount, newCount)
.\gitmap\store\migrate_v15repo.go|74|raw error return|func (db *DB) execV15RepoRebuild() error {
.\gitmap\store\migrate_v15repo.go|76|fmt.Errorf|return fmt.Errorf("disable foreign keys: %w", err)
.\gitmap\store\migrate_v15repo.go|84|fmt.Errorf|return fmt.Errorf("create Repo table: %w", err)
.\gitmap\store\migrate_v15repo.go|88|fmt.Errorf|return fmt.Errorf("create AbsPath index: %w", err)
.\gitmap\store\migrate_v15repo.go|99|fmt.Errorf|return fmt.Errorf("copy Repos -> Repo: %w", err)
.\gitmap\store\migrate_v15repo.go|103|fmt.Errorf|return fmt.Errorf("drop legacy Repos: %w", err)
.\gitmap\store\migrate_v15repo.go|114|raw error return|func (db *DB) countRows(table string) (int, error) {
.\gitmap\store\migrations.go|31|bare bool return|func (db *DB) columnExists(table, column string) bool {
.\gitmap\store\migrations.go|61|bare bool return|func (db *DB) tableExists(table string) bool {
.\gitmap\store\migrations.go|72|raw error return|func logMigrationFailure(table, column, action string, err error, stmt string) {
.\gitmap\store\migrations.go|83|raw error return|func isBenignAlterError(err error) bool {
.\gitmap\store\migrations.go|83|bare bool return|func isBenignAlterError(err error) bool {
.\gitmap\store\owner_repo_list_cache.go|21|bare bool return|func (db *DB) LookupOwnerRepoListCache(provider, owner string) (string, time.Time, bool) {
.\gitmap\store\owner_repo_list_cache.go|41|raw error return|func (db *DB) UpsertOwnerRepoListCache(provider, owner, namesJSON string, fetchedAt time.Time) error {
.\gitmap\store\owner_repo_list_cache.go|54|raw error return|func (db *DB) PurgeOwnerRepoListCache() error {
.\gitmap\store\owner_repo_list_cache.go|62|raw error return|func (db *DB) ensureOwnerRepoListCacheTable() error {
.\gitmap\store\owner_repo_name_index.go|18|raw error return|func (db *DB) UpsertOwnerRepoNameIndex(provider, owner string, names []string, fetchedAt time.Time) error {
.\gitmap\store\owner_repo_name_index.go|55|bare bool return|func (db *DB) LookupHighestVersion(provider, owner, base string) (string, int, bool) {
.\gitmap\store\owner_repo_name_index.go|70|raw error return|func (db *DB) EnsureOwnerRepoNameIndex() error {
.\gitmap\store\pendingtask.go|13|raw error return|func (db *DB) InsertPendingTask(taskTypeID int64, targetPath, workDir, sourceCmd, cmdArgs string) (int64, error) {
.\gitmap\store\pendingtask.go|17|fmt.Errorf|return 0, fmt.Errorf(constants.ErrPendingTaskInsert, err)
.\gitmap\store\pendingtask.go|56|raw error return|func (db *DB) ListPendingTasks() ([]model.PendingTaskRecord, error) {
.\gitmap\store\pendingtask.go|59|fmt.Errorf|return nil, fmt.Errorf(constants.ErrPendingTaskQuery, err)
.\gitmap\store\pendingtask.go|67|raw error return|func (db *DB) FindPendingTaskByID(id int64) (model.PendingTaskRecord, error) {
.\gitmap\store\pendingtask.go|76|fmt.Errorf|return r, fmt.Errorf(constants.ErrPendingTaskQuery, err)
.\gitmap\store\pendingtask.go|83|raw error return|func (db *DB) CompleteTask(taskID int64) error {
.\gitmap\store\pendingtask.go|86|fmt.Errorf|return fmt.Errorf(constants.ErrPendingTaskComplete, err)
.\gitmap\store\pendingtask.go|93|fmt.Errorf|return fmt.Errorf(constants.ErrPendingTaskComplete, err)
.\gitmap\store\pendingtask.go|96|swallowed error|_, err = tx.Exec(constants.SQLInsertCompletedTask,
.\gitmap\store\pendingtask.go|102|fmt.Errorf|return fmt.Errorf(constants.ErrPendingTaskComplete, err)
.\gitmap\store\pendingtask.go|105|swallowed error|_, err = tx.Exec(constants.SQLDeletePendingTask, taskID)
.\gitmap\store\pendingtask.go|109|fmt.Errorf|return fmt.Errorf(constants.ErrPendingTaskComplete, err)
.\gitmap\store\pendingtask.go|114|fmt.Errorf|return fmt.Errorf(constants.ErrPendingTaskComplete, err)
.\gitmap\store\pendingtask.go|121|raw error return|func (db *DB) FailTask(taskID int64, reason string) error {
.\gitmap\store\pendingtask.go|124|fmt.Errorf|return fmt.Errorf(constants.ErrPendingTaskFail, err)
.\gitmap\store\pendingtask.go|129|fmt.Errorf|return fmt.Errorf(constants.ErrPendingTaskNotFound, taskID)
.\gitmap\store\pendingtask.go|136|raw error return|func (db *DB) ListCompletedTasks() ([]model.CompletedTaskRecord, error) {
.\gitmap\store\pendingtask.go|139|fmt.Errorf|return nil, fmt.Errorf(constants.ErrPendingTaskQuery, err)
.\gitmap\store\pendingtask.go|151|raw error return|func (db *DB) DeletePendingTask(id int64) error {
.\gitmap\store\pendingtask.go|154|fmt.Errorf|return fmt.Errorf(constants.ErrPendingTaskComplete, err)
.\gitmap\store\pendingtask.go|158|fmt.Errorf|return fmt.Errorf(constants.ErrPendingTaskNotFound, id)
.\gitmap\store\pendingtask.go|165|raw error return|func findPendingTaskInTx(tx *sql.Tx, id int64) (model.PendingTaskRecord, error) {
.\gitmap\store\pendingtaskscan.go|25|fmt.Errorf|return nil, fmt.Errorf(constants.ErrPendingTaskQuery, err)
.\gitmap\store\pendingtaskscan.go|48|fmt.Errorf|return nil, fmt.Errorf(constants.ErrPendingTaskQuery, err)
.\gitmap\store\profile.go|31|raw error return|func SaveProfileConfig(outputDir string, cfg model.ProfileConfig) error {
.\gitmap\store\project.go|13|raw error return|func (db *DB) UpsertDetectedProject(p model.DetectedProject) error {
.\gitmap\store\project.go|22|raw error return|func (db *DB) SelectDetectedProjectID(repoID, projectTypeID int64, relativePath string) (int64, error) {
.\gitmap\store\project.go|31|raw error return|func (db *DB) SelectProjectsByTypeKey(key string) ([]model.DetectedProject, error) {
.\gitmap\store\project.go|34|fmt.Errorf|return nil, fmt.Errorf(constants.ErrProjectQuery, err)
.\gitmap\store\project.go|42|raw error return|func (db *DB) CountProjectsByTypeKey(key string) (int, error) {
.\gitmap\store\project.go|50|raw error return|func (db *DB) DeleteStaleProjects(repoID int64, keepIDs []int64) (int64, error) {
.\gitmap\store\projecttype.go|9|raw error return|func (db *DB) SeedProjectTypes() error {
.\gitmap\store\release.go|13|raw error return|func (db *DB) UpsertRelease(r model.ReleaseRecord) error {
.\gitmap\store\release.go|15|fmt.Errorf|return fmt.Errorf(constants.ErrReleaseNoRepo, "<unset>")
.\gitmap\store\release.go|30|swallowed error|_, err = ExecWrapper(db.conn, constants.SQLUpsertRelease,
.\gitmap\store\release.go|35|fmt.Errorf|return fmt.Errorf(constants.ErrDBReleaseUpsert, err)
.\gitmap\store\release.go|42|raw error return|func (db *DB) ListReleases() ([]model.ReleaseRecord, error) {
.\gitmap\store\release.go|45|fmt.Errorf|return nil, fmt.Errorf(constants.ErrDBReleaseQuery, err)
.\gitmap\store\release.go|53|raw error return|func (db *DB) FindReleaseByTag(tag string) (model.ReleaseRecord, error) {
.\gitmap\store\release.go|60|raw error return|func (db *DB) clearLatest(repoID int64) error {
.\gitmap\store\release.go|63|fmt.Errorf|return fmt.Errorf(constants.ErrDBReleaseUpsert, err)
.\gitmap\store\release.go|89|raw error return|func scanOneReleaseRow(row interface{ Scan(dest ...any) error }) (model.ReleaseRecord, error) {
.\gitmap\store\release.go|107|raw error return|func scanOneRelease(row interface{ Scan(dest ...any) error }) (model.ReleaseRecord, error) {
.\gitmap\store\release.go|121|bare bool return|func boolToInt(b bool) int {
.\gitmap\store\release.go|132|raw error return|func (db *DB) ResolveCurrentRepoID(absPath string) (int64, error) {
.\gitmap\store\release.go|138|fmt.Errorf|return 0, fmt.Errorf(constants.ErrReleaseNoRepo, absPath)
.\gitmap\store\releaseacrossrepos.go|31|raw error return|func (db *DB) ListReleasesAcrossRepos() ([]ReleaseAcrossRepos, error) {
.\gitmap\store\releaseacrossrepos.go|41|fmt.Errorf|return nil, fmt.Errorf(constants.ErrDBReleaseQuery, err)
.\gitmap\store\releaseacrossrepos.go|66|raw error return|func scanOneAcrossRepoRow(row interface{ Scan(dest ...any) error }) (ReleaseAcrossRepos, error) {
.\gitmap\store\releaseintegrity.go|8|raw error return|func (db *DB) ReleaseRepoIntegrity() (orphaned, reposNoRel int, err error) {
.\gitmap\store\repo.go|11|raw error return|func (db *DB) UpsertRepos(records []model.ScanRecord) error {
.\gitmap\store\repo.go|14|fmt.Errorf|return fmt.Errorf(constants.ErrDBUpsert, err)
.\gitmap\store\repo.go|22|raw error return|func (db *DB) upsertOne(r model.ScanRecord) error {
.\gitmap\store\repo.go|34|raw error return|func (db *DB) DeleteByPath(absPath string) (int64, error) {
.\gitmap\store\repo.go|45|raw error return|func (db *DB) DeleteBySlug(slug string) (int64, error) {
.\gitmap\store\repo.go|55|raw error return|func (db *DB) ListRepos() ([]model.ScanRecord, error) {
.\gitmap\store\repo.go|58|fmt.Errorf|return nil, fmt.Errorf(constants.ErrDBQuery, err)
.\gitmap\store\repo.go|66|raw error return|func (db *DB) FindBySlug(slug string) ([]model.ScanRecord, error) {
.\gitmap\store\repo.go|69|fmt.Errorf|return nil, fmt.Errorf(constants.ErrDBQuery, err)
.\gitmap\store\repo.go|77|raw error return|func (db *DB) FindByPath(absPath string) ([]model.ScanRecord, error) {
.\gitmap\store\repo.go|80|fmt.Errorf|return nil, fmt.Errorf(constants.ErrDBQuery, err)
.\gitmap\store\repo.go|106|raw error return|func scanOneRow(row interface{ Scan(dest ...any) error }) (model.ScanRecord, error) {
.\gitmap\store\repo_identified_transport.go|35|raw error return|func (db *DB) LookupRepoIdentifiedTransport(url string) (string, error) {
.\gitmap\store\repo_identified_transport.go|60|raw error return|func (db *DB) SetRepoIdentifiedTransport(url, transport string) (int64, error) {
.\gitmap\store\scan_folder.go|16|raw error return|func (db *DB) EnsureScanFolder(absPath, label, notes string) (model.ScanFolder, error) {
.\gitmap\store\scan_folder.go|18|fmt.Errorf|return model.ScanFolder{}, fmt.Errorf(constants.ErrSFEnsure, absPath, err)
.\gitmap\store\scan_folder.go|25|raw error return|func (db *DB) ListScanFolders() ([]model.ScanFolder, error) {
.\gitmap\store\scan_folder.go|28|fmt.Errorf|return nil, fmt.Errorf(constants.ErrSFList, err)
.\gitmap\store\scan_folder.go|37|raw error return|func (db *DB) CountReposInScanFolder(scanFolderID int64) (int, error) {
.\gitmap\store\scan_folder.go|41|fmt.Errorf|return 0, fmt.Errorf(constants.ErrSFList, err)
.\gitmap\store\scan_folder.go|50|raw error return|func (db *DB) RemoveScanFolderByPath(absPath string) (model.ScanFolder, int, error) {
.\gitmap\store\scan_folder.go|60|raw error return|func (db *DB) RemoveScanFolderByID(id int64) (model.ScanFolder, int, error) {
.\gitmap\store\scan_folder.go|70|raw error return|func (db *DB) removeScanFolderRow(folder model.ScanFolder) (model.ScanFolder, int, error) {
.\gitmap\store\scan_folder.go|77|fmt.Errorf|return folder, 0, fmt.Errorf(constants.ErrSFDetachRepos, err)
.\gitmap\store\scan_folder.go|81|fmt.Errorf|return folder, 0, fmt.Errorf(constants.ErrSFRemove, err)
.\gitmap\store\scan_folder.go|88|raw error return|func (db *DB) findScanFolderByPath(absPath string) (model.ScanFolder, error) {
.\gitmap\store\scan_folder.go|92|fmt.Errorf|return model.ScanFolder{}, fmt.Errorf(constants.ErrSFFindByPath, absPath)
.\gitmap\store\scan_folder.go|95|fmt.Errorf|return model.ScanFolder{}, fmt.Errorf(constants.ErrSFList, err)
.\gitmap\store\scan_folder.go|102|raw error return|func (db *DB) findScanFolderByID(id int64) (model.ScanFolder, error) {
.\gitmap\store\scan_folder.go|106|fmt.Errorf|return model.ScanFolder{}, fmt.Errorf(constants.ErrSFFindByID, id)
.\gitmap\store\scan_folder.go|109|fmt.Errorf|return model.ScanFolder{}, fmt.Errorf(constants.ErrSFList, err)
.\gitmap\store\scan_folder.go|116|raw error return|func scanOneScanFolder(row interface{ Scan(dest ...any) error }) (model.ScanFolder, error) {
.\gitmap\store\scan_folder.go|132|fmt.Errorf|return nil, fmt.Errorf(constants.ErrSFList, err)
.\gitmap\store\settings.go|21|raw error return|func (db *DB) SetSetting(key, value string) error {
.\gitmap\store\settings.go|24|fmt.Errorf|return fmt.Errorf(constants.ErrDBSettingUpsert, err)
.\gitmap\store\settings.go|31|raw error return|func (db *DB) DeleteSetting(key string) error {
.\gitmap\store\settings.go|34|fmt.Errorf|return fmt.Errorf(constants.ErrDBSettingUpsert, err)
.\gitmap\store\sshkey.go|13|raw error return|func (db *DB) InsertSSHKey(name, privatePath, publicKey, fingerprint, email string) (model.SSHKey, error) {
.\gitmap\store\sshkey.go|16|fmt.Errorf|return model.SSHKey{}, fmt.Errorf(constants.ErrSSHCreate, err)
.\gitmap\store\sshkey.go|23|raw error return|func (db *DB) UpdateSSHKey(name, privatePath, publicKey, fingerprint, email string) error {
.\gitmap\store\sshkey.go|26|fmt.Errorf|return fmt.Errorf(constants.ErrSSHCreate, err)
.\gitmap\store\sshkey.go|33|raw error return|func (db *DB) FindSSHKeyByName(name string) (model.SSHKey, error) {
.\gitmap\store\sshkey.go|40|raw error return|func (db *DB) ListSSHKeys() ([]model.SSHKey, error) {
.\gitmap\store\sshkey.go|43|fmt.Errorf|return nil, fmt.Errorf(constants.ErrSSHQuery, err)
.\gitmap\store\sshkey.go|51|raw error return|func (db *DB) DeleteSSHKey(name string) error {
.\gitmap\store\sshkey.go|54|fmt.Errorf|return fmt.Errorf(constants.ErrSSHDelete, err)
.\gitmap\store\sshkey.go|61|bare bool return|func (db *DB) SSHKeyExists(name string) bool {
.\gitmap\store\sshkey.go|68|raw error return|func (db *DB) SSHKeyNames() ([]string, error) {
.\gitmap\store\sshkey.go|83|raw error return|func scanOneSSHKey(row *sql.Row) (model.SSHKey, error) {
.\gitmap\store\sshkey.go|95|raw error return|func scanSSHKeyRows(rows *sql.Rows) ([]model.SSHKey, error) { //nolint:unparam // error kept for interface consistency
.\gitmap\store\stats.go|11|raw error return|func (db *DB) QueryCommandStats() ([]model.CommandStats, error) {
.\gitmap\store\stats.go|14|fmt.Errorf|return nil, fmt.Errorf(constants.ErrStatsQuery, err)
.\gitmap\store\stats.go|22|raw error return|func (db *DB) QueryCommandStatsFor(command string) ([]model.CommandStats, error) {
.\gitmap\store\stats.go|25|fmt.Errorf|return nil, fmt.Errorf(constants.ErrStatsQuery, err)
.\gitmap\store\stats.go|33|raw error return|func (db *DB) QueryOverallStats() (model.OverallStats, error) {
.\gitmap\store\stats.go|40|fmt.Errorf|return s, fmt.Errorf(constants.ErrStatsQuery, err)
.\gitmap\store\stats.go|59|fmt.Errorf|return nil, fmt.Errorf(constants.ErrStatsQuery, err)
.\gitmap\store\store.go|23|raw error return|func Open(outputDir string) (*DB, error) {
.\gitmap\store\store.go|31|raw error return|func OpenProfile(outputDir, profileName string) (*DB, error) {
.\gitmap\store\store.go|41|raw error return|func OpenAt(dbPath string) (*DB, error) {
.\gitmap\store\store.go|46|raw error return|func openDBAt(dbPath string) (*DB, error) {
.\gitmap\store\store.go|49|fmt.Errorf|return nil, fmt.Errorf(constants.ErrDBCreateDir, dbDir, err)
.\gitmap\store\store.go|60|fmt.Errorf|return nil, fmt.Errorf(constants.ErrDBOpen, dbPath, err)
.\gitmap\store\store.go|85|raw error return|func (db *DB) Migrate() error {
.\gitmap\store\store.go|104|fmt.Errorf|return fmt.Errorf(constants.ErrV15RepoMigration, err)
.\gitmap\store\store.go|113|fmt.Errorf|return fmt.Errorf(constants.ErrV15Phase2Migration, err)
.\gitmap\store\store.go|121|fmt.Errorf|return fmt.Errorf(constants.ErrV15Phase3Migration, err)
.\gitmap\store\store.go|130|fmt.Errorf|return fmt.Errorf(constants.ErrV15Phase4Migration, err)
.\gitmap\store\store.go|134|fmt.Errorf|return fmt.Errorf(constants.ErrV15Phase5Migration, err)
.\gitmap\store\store.go|138|fmt.Errorf|return fmt.Errorf(constants.ErrV15Phase6Migration, err)
.\gitmap\store\store.go|198|fmt.Errorf|return fmt.Errorf(constants.ErrDBMigrate, err)
.\gitmap\store\store.go|384|raw error return|func (db *DB) Reset() error {
.\gitmap\store\store.go|441|fmt.Errorf|return fmt.Errorf(constants.ErrDBMigrate, err)
.\gitmap\store\store.go|449|raw error return|func (db *DB) Close() error {
.\gitmap\store\store.go|461|raw error return|func ensureDir(dir string) error {
.\gitmap\store\store.go|471|raw error return|func enableFK(conn *sql.DB) error {
.\gitmap\store\store.go|479|fmt.Errorf|return fmt.Errorf("apply pragma %q: %w", pragma, err)
.\gitmap\store\tasktype.go|11|raw error return|func (db *DB) SeedTaskTypes() error {
.\gitmap\store\tasktype.go|14|fmt.Errorf|return fmt.Errorf(constants.ErrPendingTaskInsert, err)
.\gitmap\store\tasktype.go|21|raw error return|func (db *DB) GetTaskTypeID(name string) (int64, error) {
.\gitmap\store\tasktype.go|28|fmt.Errorf|return 0, fmt.Errorf(constants.ErrTaskTypeNotFound, name)
.\gitmap\store\template.go|19|raw error return|func (db *DB) InsertTemplate(kind, template string) error {
.\gitmap\store\template.go|22|fmt.Errorf|return fmt.Errorf(constants.ErrSEODBInsert, err)
.\gitmap\store\template.go|29|raw error return|func (db *DB) ListTemplatesByKind(kind string) ([]CommitTemplate, error) {
.\gitmap\store\template.go|32|fmt.Errorf|return nil, fmt.Errorf(constants.ErrDBQuery, err)
.\gitmap\store\template.go|40|raw error return|func (db *DB) CountTemplates() (int, error) {
.\gitmap\store\template.go|66|raw error return|func scanOneTemplate(row interface{ Scan(dest ...any) error }) (CommitTemplate, error) {
.\gitmap\store\temprelease.go|12|raw error return|func (db *DB) InsertTempRelease(branch, versionPrefix string, seq int, commit, message string) error {
.\gitmap\store\temprelease.go|15|fmt.Errorf|return fmt.Errorf(constants.ErrTRCreate, err)
.\gitmap\store\temprelease.go|22|raw error return|func (db *DB) ListTempReleases() ([]model.TempRelease, error) {
.\gitmap\store\temprelease.go|25|fmt.Errorf|return nil, fmt.Errorf(constants.ErrTRQuery, err)
.\gitmap\store\temprelease.go|46|raw error return|func (db *DB) MaxTempReleaseSeq(versionPrefix string) (int, error) {
.\gitmap\store\temprelease.go|58|raw error return|func (db *DB) DeleteTempRelease(branch string) error {
.\gitmap\store\temprelease.go|61|fmt.Errorf|return fmt.Errorf(constants.ErrTRDelete, err)
.\gitmap\store\temprelease.go|68|raw error return|func (db *DB) DeleteAllTempReleases() error {
.\gitmap\store\temprelease.go|71|fmt.Errorf|return fmt.Errorf(constants.ErrTRDelete, err)
.\gitmap\store\temprelease.go|78|raw error return|func (db *DB) CountTempReleases() (int, error) {
.\gitmap\store\transaction.go|19|raw error return|func (db *DB) InsertTransaction(r model.TransactionRecord) (int64, error) {
.\gitmap\store\transaction.go|24|fmt.Errorf|return 0, fmt.Errorf("transaction insert: %w", err)
.\gitmap\store\transaction.go|31|raw error return|func (db *DB) MarkTransactionCommitted(id int64) error {
.\gitmap\store\transaction.go|36|raw error return|func (db *DB) MarkTransactionAborted(id int64) error {
.\gitmap\store\transaction.go|41|raw error return|func (db *DB) MarkTransactionReverted(id int64) error {
.\gitmap\store\transaction.go|46|raw error return|func (db *DB) updateTxnStatus(id int64, status string, setCommit, setRevert bool) error {
.\gitmap\store\transaction.go|46|bare bool return|func (db *DB) updateTxnStatus(id int64, status string, setCommit, setRevert bool) error {
.\gitmap\store\transaction.go|52|fmt.Errorf|return fmt.Errorf("transaction status update: %w", err)
.\gitmap\store\transaction.go|59|raw error return|func (db *DB) InsertTransactionFile(r model.TransactionFileRecord) error {
.\gitmap\store\transaction.go|64|fmt.Errorf|return fmt.Errorf("transaction file insert: %w", err)
.\gitmap\store\transaction.go|71|raw error return|func (db *DB) FindTransactionByID(id int64) (model.TransactionRecord, error) {
.\gitmap\store\transaction.go|78|raw error return|func (db *DB) ListTransactions(limit int) ([]model.TransactionRecord, error) {
.\gitmap\store\transaction.go|81|fmt.Errorf|return nil, fmt.Errorf("transaction list: %w", err)
.\gitmap\store\transaction.go|89|raw error return|func (db *DB) ListTransactionFiles(txnID int64) ([]model.TransactionFileRecord, error) {
.\gitmap\store\transaction.go|92|fmt.Errorf|return nil, fmt.Errorf("transaction files: %w", err)
.\gitmap\store\transaction.go|100|raw error return|func (db *DB) LastCommittedTransactionID() (int64, error) {
.\gitmap\store\transaction.go|108|fmt.Errorf|return 0, fmt.Errorf("transaction last-committed: %w", err)
.\gitmap\store\transaction.go|116|raw error return|func (db *DB) PruneOldestTransactions(cap int) ([]int64, error) {
.\gitmap\store\transaction.go|119|fmt.Errorf|return nil, fmt.Errorf("transaction prune list: %w", err)
.\gitmap\store\transaction.go|130|raw error return|func deleteTransactionRows(db *DB, ids []int64) error {
.\gitmap\store\transaction.go|133|fmt.Errorf|return fmt.Errorf("transaction prune delete: %w", err)
.\gitmap\store\transaction.go|141|raw error return|func scanTransactionRow(row *sql.Row) (model.TransactionRecord, error) {
.\gitmap\store\transaction.go|151|fmt.Errorf|return r, fmt.Errorf("transaction scan: %w", err)
.\gitmap\store\transaction.go|160|raw error return|func scanTransactionRows(rows *sql.Rows) ([]model.TransactionRecord, error) {
.\gitmap\store\transaction.go|174|raw error return|func scanOneTxnFromRows(rows *sql.Rows) (model.TransactionRecord, error) {
.\gitmap\store\transaction.go|181|fmt.Errorf|return r, fmt.Errorf("transaction scan: %w", err)
.\gitmap\store\transaction.go|190|raw error return|func scanTransactionFileRows(rows *sql.Rows) ([]model.TransactionFileRecord, error) {
.\gitmap\store\transaction.go|197|fmt.Errorf|return nil, fmt.Errorf("transaction file scan: %w", err)
.\gitmap\store\transaction.go|206|raw error return|func collectInt64Column(rows *sql.Rows) ([]int64, error) {
.\gitmap\store\transaction.go|212|fmt.Errorf|return nil, fmt.Errorf("transaction id scan: %w", err)
.\gitmap\store\transaction.go|224|bare bool return|func nullableUnix(set bool) sql.NullInt64 {
.\gitmap\store\transaction_action.go|14|raw error return|func (db *DB) InsertTransactionAction(r model.TransactionActionRecord) (int64, error) {
.\gitmap\store\transaction_action.go|19|fmt.Errorf|return 0, fmt.Errorf(constants.ErrActionInsert, err)
.\gitmap\store\transaction_action.go|26|raw error return|func (db *DB) NextActionSeq(txnID int64) (int64, error) {
.\gitmap\store\transaction_action.go|30|fmt.Errorf|return 0, fmt.Errorf(constants.ErrActionList, err)
.\gitmap\store\transaction_action.go|38|raw error return|func (db *DB) ListTransactionActions(txnID int64) ([]model.TransactionActionRecord, error) {
.\gitmap\store\transaction_action.go|43|raw error return|func (db *DB) ListTransactionActionsReverse(txnID int64) ([]model.TransactionActionRecord, error) {
.\gitmap\store\transaction_action.go|48|raw error return|func (db *DB) queryActions(query string, txnID int64) ([]model.TransactionActionRecord, error) {
.\gitmap\store\transaction_action.go|51|fmt.Errorf|return nil, fmt.Errorf(constants.ErrActionList, err)
.\gitmap\store\transaction_action.go|59|raw error return|func (db *DB) MarkTransactionActionReverted(actionID int64) error {
.\gitmap\store\transaction_action.go|63|fmt.Errorf|return fmt.Errorf(constants.ErrActionMarkReverted, err)
.\gitmap\store\transaction_action.go|70|raw error return|func scanActionRows(rows *sql.Rows) ([]model.TransactionActionRecord, error) {
.\gitmap\store\transaction_action.go|84|raw error return|func scanOneAction(rows *sql.Rows) (model.TransactionActionRecord, error) {
.\gitmap\store\transaction_action.go|91|fmt.Errorf|return r, fmt.Errorf(constants.ErrActionList, err)
.\gitmap\store\txhelpers.go|24|raw error return|func commitOrWrap(tx *sql.Tx, errFmt string) error {
.\gitmap\store\txhelpers.go|26|fmt.Errorf|return fmt.Errorf(errFmt, err, err.Error())
.\gitmap\store\version_history.go|11|raw error return|func (db *DB) InsertVersionHistory(r model.RepoVersionHistoryRecord) (int64, error) {
.\gitmap\store\version_history.go|16|fmt.Errorf|return 0, fmt.Errorf(constants.ErrDBVersionHistory, err)
.\gitmap\store\version_history.go|23|raw error return|func (db *DB) UpdateRepoVersion(repoID int64, versionTag string, versionNum int) error {
.\gitmap\store\version_history.go|26|fmt.Errorf|return fmt.Errorf(constants.ErrDBVersionHistory, err)
.\gitmap\store\version_history.go|33|raw error return|func (db *DB) ListVersionHistory(repoID int64) ([]model.RepoVersionHistoryRecord, error) {
.\gitmap\store\version_history.go|36|fmt.Errorf|return nil, fmt.Errorf(constants.ErrDBVersionHistory, err)
.\gitmap\store\version_history.go|47|fmt.Errorf|return nil, fmt.Errorf(constants.ErrDBVersionHistory, scanErr)
.\gitmap\store\version_history.go|56|raw error return|func (db *DB) GetRepoIDByPath(absPath string) (int64, error) {
.\gitmap\store\version_probe.go|15|raw error return|func (db *DB) TagReposByScanFolder(scanFolderID int64, paths []string) error {
.\gitmap\store\version_probe.go|31|fmt.Errorf|return fmt.Errorf(constants.ErrProbeTagFail, scanFolderID, err)
.\gitmap\store\version_probe.go|38|raw error return|func (db *DB) RecordVersionProbe(p model.VersionProbe) error {
.\gitmap\store\version_probe.go|49|fmt.Errorf|return fmt.Errorf(constants.ErrProbeRecord, p.RepoID, err)
.\gitmap\store\version_probe.go|57|raw error return|func (db *DB) LatestVersionProbe(repoID int64) (model.VersionProbe, error) {
.\gitmap\store\version_probe.go|71|fmt.Errorf|return model.VersionProbe{}, fmt.Errorf(constants.ErrProbeRecord, repoID, err)
.\gitmap\store\vscode_project.go|17|raw error return|func (db *DB) UpsertVSCodeProject(rootPath, name string) error {
.\gitmap\store\vscode_project.go|19|fmt.Errorf|return fmt.Errorf(constants.ErrVSCodePMUpsert, rootPath, err)
.\gitmap\store\vscode_project.go|26|raw error return|func (db *DB) ListVSCodeProjects() ([]model.VSCodeProject, error) {
.\gitmap\store\vscode_project.go|29|fmt.Errorf|return nil, fmt.Errorf(constants.ErrVSCodePMList, err)
.\gitmap\store\vscode_project.go|38|raw error return|func (db *DB) FindVSCodeProjectByPath(rootPath string) (model.VSCodeProject, error) {
.\gitmap\store\vscode_project.go|47|raw error return|func (db *DB) FindVSCodeProjectByName(name string) (model.VSCodeProject, error) {
.\gitmap\store\vscode_project.go|55|raw error return|func (db *DB) RenameVSCodeProjectByPath(rootPath, newName string) (int64, error) {
.\gitmap\store\vscode_project.go|58|fmt.Errorf|return 0, fmt.Errorf(constants.ErrVSCodePMRename, rootPath, err)
.\gitmap\store\vscode_project.go|68|raw error return|func (db *DB) SetVSCodeProjectPaths(rootPath string, paths []string) error {
.\gitmap\store\vscode_project.go|75|fmt.Errorf|return fmt.Errorf(constants.ErrVSCodePMUpdatePaths, rootPath, err)
.\gitmap\store\vscode_project.go|82|raw error return|func (db *DB) DeleteVSCodeProjectByPath(rootPath string) error {
.\gitmap\store\vscode_project.go|84|fmt.Errorf|return fmt.Errorf(constants.ErrVSCodePMDelete, rootPath, err)
.\gitmap\store\vscode_project.go|91|raw error return|func scanOneVSCodeProjectRow(row interface{ Scan(dest ...any) error }) (model.VSCodeProject, error) {
.\gitmap\store\vscode_project.go|97|fmt.Errorf|return model.VSCodeProject{}, fmt.Errorf(constants.ErrVSCodePMList, err)
.\gitmap\store\vscode_project.go|105|raw error return|func scanOneVSCodeProject(row interface{ Scan(dest ...any) error }) (model.VSCodeProject, error) {
.\gitmap\store\vscode_project.go|139|fmt.Errorf|return nil, fmt.Errorf(constants.ErrVSCodePMList, err)
.\gitmap\store\vscode_project.go|151|raw error return|func encodePaths(rootPath string, paths []string) (string, error) {
.\gitmap\store\vscode_project.go|158|fmt.Errorf|return "", fmt.Errorf(constants.ErrVSCodePMPathsEncode, rootPath, err)
.\gitmap\store\vscode_project.go|166|raw error return|func decodePaths(rootPath, encoded string) ([]string, error) {
.\gitmap\store\vscode_project.go|173|fmt.Errorf|return nil, fmt.Errorf(constants.ErrVSCodePMPathsDecode, rootPath, err)
.\gitmap\store\wrapper.go|42|raw error return|func (q QueryResult[T]) Destruct() (T, error) {
.\gitmap\store\zipgroup.go|18|raw error return|func (db *DB) CreateZipGroup(name, archiveName string) (model.ZipGroup, error) {
.\gitmap\store\zipgroup.go|21|fmt.Errorf|return model.ZipGroup{}, fmt.Errorf(constants.ErrZGCreate, err)
.\gitmap\store\zipgroup.go|28|raw error return|func (db *DB) FindZipGroupByName(name string) (model.ZipGroup, error) {
.\gitmap\store\zipgroup.go|35|fmt.Errorf|return model.ZipGroup{}, fmt.Errorf(constants.ErrZGNotFound, name)
.\gitmap\store\zipgroup.go|42|raw error return|func (db *DB) ListZipGroups() ([]model.ZipGroup, error) {
.\gitmap\store\zipgroup.go|45|fmt.Errorf|return nil, fmt.Errorf(constants.ErrZGQuery, err)
.\gitmap\store\zipgroup.go|66|raw error return|func (db *DB) ListZipGroupsWithCount() ([]ZipGroupWithCount, error) {
.\gitmap\store\zipgroup.go|69|fmt.Errorf|return nil, fmt.Errorf(constants.ErrZGQuery, err)
.\gitmap\store\zipgroup.go|90|raw error return|func (db *DB) DeleteZipGroup(name string) error {
.\gitmap\store\zipgroup.go|93|fmt.Errorf|return fmt.Errorf(constants.ErrZGDelete, err)
.\gitmap\store\zipgroup.go|100|raw error return|func (db *DB) UpdateZipGroupArchive(name, archiveName string) error {
.\gitmap\store\zipgroup.go|103|fmt.Errorf|return fmt.Errorf(constants.ErrZGCreate, err)
.\gitmap\store\zipgroup.go|110|raw error return|func (db *DB) AddZipGroupItem(groupName, repoPath, relativePath, fullPath string, isFolder bool) error {
.\gitmap\store\zipgroup.go|110|bare bool return|func (db *DB) AddZipGroupItem(groupName, repoPath, relativePath, fullPath string, isFolder bool) error {
.\gitmap\store\zipgroup.go|121|swallowed error|_, err = ExecWrapper(db.conn, constants.SQLInsertZipGroupItem, g.ID, repoPath, relativePath, fullPath, folderFlag).Destruct()
.\gitmap\store\zipgroup.go|123|fmt.Errorf|return fmt.Errorf(constants.ErrZGAddItem, err)
.\gitmap\store\zipgroup.go|130|raw error return|func (db *DB) RemoveZipGroupItem(groupName, fullPath string) error {
.\gitmap\store\zipgroup.go|136|swallowed error|_, err = ExecWrapper(db.conn, constants.SQLDeleteZipGroupItem, g.ID, fullPath).Destruct()
.\gitmap\store\zipgroup.go|138|fmt.Errorf|return fmt.Errorf(constants.ErrZGRemoveItem, err)
.\gitmap\store\zipgroup.go|145|raw error return|func (db *DB) ListZipGroupItems(groupName string) ([]model.ZipGroupItem, error) {
.\gitmap\store\zipgroup.go|153|fmt.Errorf|return nil, fmt.Errorf(constants.ErrZGQuery, err)
.\gitmap\store\zipgroup.go|177|raw error return|func (db *DB) CountZipGroupItems(groupName string) (int, error) {
.\gitmap\store\zipgroup.go|191|bare bool return|func (db *DB) ZipGroupExists(name string) bool {
.\gitmap\store\zipgroupjson.go|28|raw error return|func (db *DB) WriteZipGroupsJSON(repoRoot string) error {
.\gitmap\store\zipgroupjson.go|51|fmt.Errorf|return fmt.Errorf(constants.ErrZGJSONWrite, dir, err)
.\gitmap\store\zipgroupjson.go|58|fmt.Errorf|return fmt.Errorf(constants.ErrZGJSONWrite, jsonPath, err)
.\gitmap\store\zipgroupjson.go|63|fmt.Errorf|return fmt.Errorf(constants.ErrZGJSONWrite, jsonPath, err)
.\gitmap\templates\diff.go|54|raw error return|func Diff(targetPath, tag string, body []byte) (DiffResult, error) {
.\gitmap\templates\diff.go|57|fmt.Errorf|return DiffResult{}, fmt.Errorf("resolve %q: %w", targetPath, err)
.\gitmap\templates\diff.go|98|bare bool return|func extractBlockBody(file []byte, tag string) (body []byte, found bool) {
.\gitmap\templates\diff.go|163|raw error return|func LoadFile(path string) ([]byte, bool, error) {
.\gitmap\templates\diff.go|163|bare bool return|func LoadFile(path string) ([]byte, bool, error) {
.\gitmap\templates\diff.go|172|fmt.Errorf|return nil, false, fmt.Errorf("read %q: %w", path, err)
.\gitmap\templates\dirfs.go|21|raw error return|func (emptyFS) Open(_ string) (fs.File, error) { return nil, fs.ErrNotExist }
.\gitmap\templates\list.go|20|raw error return|func List() ([]Entry, error) {
.\gitmap\templates\list.go|60|raw error return|func collectEmbed(out map[string]Entry) error {
.\gitmap\templates\list.go|80|raw error return|func collectUser(out map[string]Entry) error {
.\gitmap\templates\list.go|105|bare bool return|func parseEmbedPath(p string) (string, string, bool) {
.\gitmap\templates\list.go|112|bare bool return|func parseRelTemplatePath(rel string) (string, string, bool) {
.\gitmap\templates\materialize.go|16|raw error return|func Materialize() (string, []string, error) {
.\gitmap\templates\materialize.go|42|fmt.Errorf|return dir, written, fmt.Errorf(errTemplateMaterialize, dir, walkErr)
.\gitmap\templates\materialize.go|50|raw error return|func materializeOne(overlayDir, embedPath string) (string, error) {
.\gitmap\templates\materialize.go|58|fmt.Errorf|return "", fmt.Errorf(errTemplateMaterialize, dst, err)
.\gitmap\templates\materialize.go|63|fmt.Errorf|return "", fmt.Errorf(errTemplateRead, embedPath, err)
.\gitmap\templates\materialize.go|66|fmt.Errorf|return "", fmt.Errorf(errTemplateMaterialize, dst, err)
.\gitmap\templates\merge.go|52|raw error return|func Merge(targetPath, tag string, body []byte) (MergeResult, error) {
.\gitmap\templates\merge.go|55|fmt.Errorf|return MergeResult{}, fmt.Errorf("resolve %q: %w", targetPath, err)
.\gitmap\templates\merge.go|72|fmt.Errorf|return MergeResult{}, fmt.Errorf("mkdir %q: %w", filepath.Dir(abs), mkErr)
.\gitmap\templates\merge.go|75|fmt.Errorf|return MergeResult{}, fmt.Errorf("write %q: %w", abs, wErr)
.\gitmap\templates\merge.go|83|raw error return|func readIfExists(path string) (data []byte, existed bool, err error) {
.\gitmap\templates\merge.go|83|bare bool return|func readIfExists(path string) (data []byte, existed bool, err error) {
.\gitmap\templates\merge.go|92|fmt.Errorf|return nil, false, fmt.Errorf("read %q: %w", path, err)
.\gitmap\templates\merge.go|98|bare bool return|func composeNext(prior []byte, existed bool, tag string, block []byte) ([]byte, MergeOutcomeType) {
.\gitmap\templates\paths.go|13|raw error return|func UserDir() (string, error) {
.\gitmap\templates\paths.go|16|fmt.Errorf|return "", fmt.Errorf(errTemplateUserDir, err)
.\gitmap\templates\paths.go|24|raw error return|func EnsureUserDir() (string, error) {
.\gitmap\templates\paths.go|30|fmt.Errorf|return "", fmt.Errorf(errTemplateMaterialize, dir, mkErr)
.\gitmap\templates\resolver.go|31|raw error return|func Resolve(kind, lang string) (Resolved, error) {
.\gitmap\templates\resolver.go|58|raw error return|func resolveUser(kind, lang, rel string) (Resolved, bool, error) {
.\gitmap\templates\resolver.go|58|bare bool return|func resolveUser(kind, lang, rel string) (Resolved, bool, error) {
.\gitmap\templates\resolver.go|69|fmt.Errorf|return Resolved{}, false, fmt.Errorf(errTemplateRead, full, err)
.\gitmap\templates\resolver.go|76|raw error return|func resolveEmbed(kind, lang, rel string) (Resolved, error) {
.\gitmap\templates\resolver.go|80|fmt.Errorf|return Resolved{}, fmt.Errorf(errTemplateNotFound, kind, lang)
.\gitmap\templates\resolver.go|83|fmt.Errorf|return Resolved{}, fmt.Errorf(errTemplateRead, full, err)
.\gitmap\tests\cmd_test\aliasresolve_test.go|31|bare bool return|func hasAliasPrefix(arg, prefix string) bool {
.\gitmap\tests\cmd_test\seowriteloop_test.go|145|raw error return|func parseIntervalSafe(s string) (int, int, error) {
.\gitmap\tests\cmd_test\seowriteloop_test.go|162|raw error return|func parseIntSafe(s string, target *int) (bool, error) {
.\gitmap\tests\cmd_test\seowriteloop_test.go|162|bare bool return|func parseIntSafe(s string, target *int) (bool, error) {
.\gitmap\tests\cmd_test\seowriteloop_test.go|179|raw error return|func errInvalid() error {
.\gitmap\tests\release_test\rollback_test.go|57|bare bool return|func branchExists(t *testing.T, branch string) bool {
.\gitmap\tests\release_test\rollback_test.go|69|bare bool return|func tagExists(t *testing.T, tag string) bool {
.\gitmap\tests\store_test\alias_test.go|75|swallowed error|_, err = db.CreateAlias("api", repoID)
.\gitmap\tests\store_test\pendingtask_test.go|156|swallowed error|_, err = db.FindPendingTaskByID(id)
.\gitmap\tests\store_test\pendingtask_test.go|326|raw error return|func scanTypeID(t *testing.T, db interface{ GetTaskTypeID(string) (int64, error) }) int64 {
.\gitmap\tests\store_test\pendingtask_test.go|335|raw error return|func cloneTypeID(t *testing.T, db interface{ GetTaskTypeID(string) (int64, error) }) int64 {
.\gitmap\tests\store_test\pendingtask_test.go|344|raw error return|func deleteTypeID(t *testing.T, db interface{ GetTaskTypeID(string) (int64, error) }) int64 {
.\gitmap\tests\store_test\pendingtask_test.go|353|raw error return|func pullTypeID(t *testing.T, db interface{ GetTaskTypeID(string) (int64, error) }) int64 {
.\gitmap\theme\filter.go|46|bare bool return|func nextSGR(p []byte, off int) (start, end int, ok bool) {
.\gitmap\theme\filter.go|68|bare bool return|func isSGRParam(b byte) bool {
.\gitmap\theme\install.go|79|bare bool return|func IsStdoutTTY() bool { return stdoutIsTTY }
.\gitmap\theme\install.go|82|bare bool return|func IsStderrTTY() bool { return stderrIsTTY }
.\gitmap\theme\install.go|124|bare bool return|func detectTTY(f *os.File) bool {
.\gitmap\theme\theme.go|81|bare bool return|func IsValidLabel(label string) bool {
.\gitmap\transport\classify.go|37|bare bool return|func IsSCPStyle(url string) bool {
.\gitmap\tui\dashboard.go|92|bare bool return|func statusLabel(dirty, unreachable bool) string {
.\gitmap\tui\keys.go|8|bare bool return|func (k keyMap) quit(msg tea.KeyMsg) bool {
.\gitmap\tui\keys.go|12|bare bool return|func (k keyMap) tab(msg tea.KeyMsg) bool {
.\gitmap\tui\keys.go|16|bare bool return|func (k keyMap) up(msg tea.KeyMsg) bool {
.\gitmap\tui\keys.go|20|bare bool return|func (k keyMap) down(msg tea.KeyMsg) bool {
.\gitmap\tui\keys.go|24|bare bool return|func (k keyMap) selectItem(msg tea.KeyMsg) bool {
.\gitmap\tui\keys.go|28|bare bool return|func (k keyMap) enter(msg tea.KeyMsg) bool {
.\gitmap\tui\keys.go|32|bare bool return|func (k keyMap) search(msg tea.KeyMsg) bool {
.\gitmap\tui\keys.go|36|bare bool return|func (k keyMap) selectAll(msg tea.KeyMsg) bool {
.\gitmap\tui\keys.go|40|bare bool return|func (k keyMap) pull(msg tea.KeyMsg) bool {
.\gitmap\tui\keys.go|44|bare bool return|func (k keyMap) exec(msg tea.KeyMsg) bool {
.\gitmap\tui\keys.go|48|bare bool return|func (k keyMap) status(msg tea.KeyMsg) bool {
.\gitmap\tui\keys.go|52|bare bool return|func (k keyMap) addToGroup(msg tea.KeyMsg) bool {
.\gitmap\tui\keys.go|56|bare bool return|func (k keyMap) create(msg tea.KeyMsg) bool {
.\gitmap\tui\keys.go|60|bare bool return|func (k keyMap) delete(msg tea.KeyMsg) bool {
.\gitmap\tui\keys.go|64|bare bool return|func (k keyMap) refresh(msg tea.KeyMsg) bool {
.\gitmap\tui\logs.go|94|bare bool return|func matchesLogQuery(e model.CommandHistoryRecord, q string) bool {
.\gitmap\tui\releases.go|35|bare bool return|func (m *releasesModel) updateTrigger(msg tea.Msg) bool {
.\gitmap\tui\relformat.go|18|raw error return|func writeField(b interface{ WriteString(string) (int, error) }, label, value string) {
.\gitmap\tui\relformat.go|36|bare bool return|func boolLabel(v bool) string {
.\gitmap\tui\reltrigger.go|101|bare bool return|func isVersionChar(c byte) bool {
.\gitmap\tui\tui.go|49|raw error return|func Run(db *store.DB, cfg model.Config) error {
.\gitmap\tui\tui.go|52|fmt.Errorf|return fmt.Errorf(constants.ErrTUIDBOpen, err)
.\gitmap\tui\tui.go|59|swallowed error|_, err = p.Run()
.\gitmap\txn\action.go|41|raw error return|func (j *Journal) RecordEditFile(absPath string) error {
.\gitmap\txn\action.go|59|raw error return|func (j *Journal) RecordRenamePath(from, to string) error {
.\gitmap\txn\action.go|70|raw error return|func (j *Journal) appendAction(kind, fwd, rev string, backupRef int64) error {
.\gitmap\txn\action.go|75|swallowed error|_, err = j.db.InsertTransactionAction(model.TransactionActionRecord{
.\gitmap\txn\action.go|89|raw error return|func (j *Journal) lastFileRowID() (int64, error) {
.\gitmap\txn\action.go|104|raw error return|func RevertActions(db *store.DB, txnID int64) error {
.\gitmap\txn\action.go|121|raw error return|func applyAllActionReverses(db *store.DB, actions []model.TransactionActionRecord) error {
.\gitmap\txn\action.go|138|raw error return|func dispatchActionReverse(db *store.DB, a model.TransactionActionRecord) error {
.\gitmap\txn\action.go|145|fmt.Errorf|return fmt.Errorf(constants.ErrActionUnknownKind, a.ID, a.Kind)
.\gitmap\txn\action.go|150|raw error return|func reverseEditFileAction(db *store.DB, a model.TransactionActionRecord) error {
.\gitmap\txn\action.go|161|fmt.Errorf|return fmt.Errorf(constants.ErrTxnBackupMissing, a.TransactionID, "<backup row not found>")
.\gitmap\txn\action.go|165|raw error return|func reverseRenamePathAction(a model.TransactionActionRecord) error {
.\gitmap\txn\action.go|168|fmt.Errorf|return fmt.Errorf(constants.ErrActionPayloadDecode, a.ID, err)
.\gitmap\txn\action.go|171|fmt.Errorf|return fmt.Errorf(constants.ErrActionLiveConflict, a.ID, a.Kind)
.\gitmap\txn\journal.go|53|raw error return|func Begin(db *store.DB, m Meta) (*Journal, error) {
.\gitmap\txn\journal.go|74|raw error return|func (j *Journal) Commit() error {
.\gitmap\txn\journal.go|86|raw error return|func (j *Journal) Abort() error {
.\gitmap\txn\journal.go|96|raw error return|func (j *Journal) pruneExcess() error {
.\gitmap\txn\revert.go|26|raw error return|func Revert(db *store.DB, id int64, opts RevertOptions) error {
.\gitmap\txn\revert.go|46|raw error return|func wrapNotFound(id int64, err error) error {
.\gitmap\txn\revert.go|48|fmt.Errorf|return fmt.Errorf(constants.ErrTxnRowNotFound, id)
.\gitmap\txn\revert.go|55|raw error return|func assertCommitted(r model.TransactionRecord) error {
.\gitmap\txn\revert.go|60|fmt.Errorf|return fmt.Errorf(constants.ErrTxnNotCommitted, r.ID, r.Status)
.\gitmap\txn\revert.go|64|raw error return|func applyAllReverses(files []model.TransactionFileRecord, opts RevertOptions) error {
.\gitmap\txn\revert.go|75|raw error return|func applyReverse(f model.TransactionFileRecord, opts RevertOptions) error {
.\gitmap\txn\revert.go|82|fmt.Errorf|return fmt.Errorf("transaction revert: unknown action %q", f.Action)
.\gitmap\txn\revert.go|87|raw error return|func reverseRename(f model.TransactionFileRecord) error {
.\gitmap\txn\revert.go|89|fmt.Errorf|return fmt.Errorf("transaction revert mkdir: %w", err)
.\gitmap\txn\revert.go|92|fmt.Errorf|return fmt.Errorf("transaction revert rename %q→%q: %w",
.\gitmap\txn\revert.go|100|raw error return|func reverseRestore(f model.TransactionFileRecord, opts RevertOptions) error {
.\gitmap\txn\revert.go|105|fmt.Errorf|return fmt.Errorf("transaction revert mkdir: %w", err)
.\gitmap\txn\revert.go|112|raw error return|func assertBackupSha(f model.TransactionFileRecord, opts RevertOptions) error {
.\gitmap\txn\revert.go|118|fmt.Errorf|return fmt.Errorf(constants.ErrTxnBackupMissing, f.TransactionID, f.BackupPath)
.\gitmap\txn\revert.go|121|fmt.Errorf|return fmt.Errorf(constants.ErrTxnBackupShaDrift, f.TransactionID, f.BackupPath)
.\gitmap\txn\revert.go|128|raw error return|func hashFile(path string) (string, error) {
.\gitmap\txn\revert.go|143|raw error return|func copyFile(src, dst string) error {
.\gitmap\txn\revert.go|146|fmt.Errorf|return fmt.Errorf("transaction revert open: %w", err)
.\gitmap\txn\revert.go|151|fmt.Errorf|return fmt.Errorf("transaction revert create: %w", err)
.\gitmap\txn\revert.go|155|fmt.Errorf|return fmt.Errorf("transaction revert copy: %w", err)
.\gitmap\txn\snapshot.go|18|raw error return|func (j *Journal) SnapshotEdit(absPath string) error {
.\gitmap\txn\snapshot.go|24|raw error return|func (j *Journal) SnapshotDelete(absPath string) error {
.\gitmap\txn\snapshot.go|30|raw error return|func (j *Journal) RecordRename(from, to string) error {
.\gitmap\txn\snapshot.go|46|raw error return|func (j *Journal) snapshotFile(absPath, action string) error {
.\gitmap\txn\snapshot.go|52|fmt.Errorf|return fmt.Errorf("transaction snapshot stat %q: %w", absPath, err)
.\gitmap\txn\snapshot.go|64|raw error return|func (j *Journal) recordSnapshot(abs, backup, action string, size int64, sum string) error {
.\gitmap\txn\snapshot.go|109|raw error return|func copyFileWithSha(src, dst string) (string, error) {
.\gitmap\txn\snapshot.go|111|fmt.Errorf|return "", fmt.Errorf("transaction backup mkdir: %w", err)
.\gitmap\txn\snapshot.go|115|fmt.Errorf|return "", fmt.Errorf("transaction backup open src: %w", err)
.\gitmap\txn\snapshot.go|123|raw error return|func writeBackupAndHash(in io.Reader, dst string) (string, error) {
.\gitmap\txn\snapshot.go|126|fmt.Errorf|return "", fmt.Errorf("transaction backup create: %w", err)
.\gitmap\txn\snapshot.go|131|fmt.Errorf|return "", fmt.Errorf("transaction backup copy: %w", err)
.\gitmap\uipref\uipref.go|30|bare bool return|func IsQuiet() bool { return truthyEnv(EnvQuiet) }
.\gitmap\uipref\uipref.go|37|bare bool return|func IsNoColor() bool {
.\gitmap\uipref\uipref.go|46|bare bool return|func truthyEnv(name string) bool {
.\gitmap\verbose\verbose.go|25|raw error return|func Init() (*Logger, error) {
.\gitmap\verbose\verbose.go|71|bare bool return|func IsEnabled() bool {
.\gitmap\visibility\backoff.go|40|raw error return|func RetryRateLimited(op func() error, schedule []time.Duration, sleep func(time.Duration)) (int, error) {
.\gitmap\visibility\exclude.go|39|raw error return|func ParseExclusionList(raw string, totalCount int) ([]int, bool, error) {
.\gitmap\visibility\exclude.go|39|bare bool return|func ParseExclusionList(raw string, totalCount int) ([]int, bool, error) {
.\gitmap\visibility\exclude.go|61|raw error return|func absorbExclusionToken(tok string, tokIdx, totalCount int, out map[int]bool) error {
.\gitmap\visibility\exclude.go|63|fmt.Errorf|return fmt.Errorf("Error: empty exclusion token at position %d (operation: parse-exclusion, reason: blank between commas)", tokIdx)
.\gitmap\visibility\exclude.go|72|fmt.Errorf|return fmt.Errorf("Error: non-numeric exclusion token %q at position %d (operation: parse-exclusion, reason: %s)", tok, tokIdx, err.Error())
.\gitmap\visibility\exclude.go|83|raw error return|func absorbExclusionRange(tok string, tokIdx, totalCount int, out map[int]bool) error {
.\gitmap\visibility\exclude.go|88|fmt.Errorf|return fmt.Errorf("Error: malformed range %q at position %d (operation: parse-exclusion, reason: range bounds must be integers)", tok, tokIdx)
.\gitmap\visibility\exclude.go|91|fmt.Errorf|return fmt.Errorf("Error: descending range %q at position %d (operation: parse-exclusion, reason: hi < lo)", tok, tokIdx)
.\gitmap\visibility\exclude.go|108|raw error return|func checkExclusionBounds(n, totalCount int, tok string) error {
.\gitmap\visibility\exclude.go|113|fmt.Errorf|return fmt.Errorf("Error: exclusion index %d out of range in token %q (operation: parse-exclusion, reason: valid range is 1..%d)", n, tok, totalCount)
.\gitmap\visibility\pattern.go|36|raw error return|func ParsePattern(raw string) (Pattern, error) {
.\gitmap\visibility\pattern.go|39|fmt.Errorf|return Pattern{}, fmt.Errorf("Error: empty pattern (operation: parse-pattern, reason: blank token)")
.\gitmap\visibility\pattern.go|42|fmt.Errorf|return Pattern{}, fmt.Errorf("Error: bare '*' pattern is refused at %q (operation: parse-pattern, reason: would match every repo under the owner)", raw)
.\gitmap\visibility\pattern.go|47|fmt.Errorf|return Pattern{}, fmt.Errorf("Error: pattern %q has no literal segments (operation: parse-pattern, reason: only wildcards)", raw)
.\gitmap\visibility\pattern.go|56|bare bool return|func splitPatternParts(raw string) ([]string, bool, bool) {
.\gitmap\visibility\pattern.go|73|bare bool return|func (p Pattern) Matches(name string) bool {
.\gitmap\visibility\pattern.go|104|raw error return|func ParsePatternList(raw string) ([]Pattern, error) {
.\gitmap\visibility\pattern.go|106|fmt.Errorf|return nil, fmt.Errorf("Error: empty pattern list (operation: parse-pattern-list, reason: arg is blank)")
.\gitmap\visibility\pattern.go|115|fmt.Errorf|return nil, fmt.Errorf("Error: empty pattern at token %d (operation: parse-pattern-list, reason: blank between commas)", i+1)
.\gitmap\visibility\pattern.go|124|fmt.Errorf|return nil, fmt.Errorf("Error: token %d %q: %w", i+1, trimmed, err)
.\gitmap\visibility\version.go|21|bare bool return|func ParseRepoNameMeta(name string) (string, int, bool) {
.\gitmap\visibility\version.go|36|bare bool return|func SplitTrailingDigits(name string) (string, string, bool) {
.\gitmap\visibility\version.go|48|bare bool return|func HighestVersionedMatch(names []string, wantBase string) (string, int, bool) {
.\gitmap\vscodepm\autotags.go|44|bare bool return|func markerExists(root, marker string) bool {
.\gitmap\vscodepm\autotags_custom_test.go|150|bare bool return|func containsString(s []string, v string) bool {
.\gitmap\vscodepm\io.go|19|raw error return|func writeEntriesAtomic(path string, entries []Entry) error {
.\gitmap\vscodepm\io.go|29|fmt.Errorf|return fmt.Errorf(constants.ErrVSCodePMRenameFailed,
.\gitmap\vscodepm\io.go|37|raw error return|func writeEntriesToFile(path string, entries []Entry) error {
.\gitmap\vscodepm\io.go|39|fmt.Errorf|return fmt.Errorf(constants.ErrVSCodePMWriteTempFailed, path, err)
.\gitmap\vscodepm\io.go|44|fmt.Errorf|return fmt.Errorf(constants.ErrVSCodePMWriteTempFailed, path, err)
.\gitmap\vscodepm\io.go|51|fmt.Errorf|return fmt.Errorf(constants.ErrVSCodePMWriteTempFailed, path, err)
.\gitmap\vscodepm\io.go|58|raw error return|func encodeEntries(w io.Writer, entries []Entry) error {
.\gitmap\vscodepm\io.go|83|bare bool return|func isWindowsDrivePath(p string) bool {
.\gitmap\vscodepm\io.go|88|bare bool return|func pathsEqual(a, b string) bool {
.\gitmap\vscodepm\merge.go|64|bare bool return|func sameTagSet(a, b []string) bool {
.\gitmap\vscodepm\mergemode.go|66|raw error return|func ParseMergeMode(raw string) (MergeMode, error) {
.\gitmap\vscodepm\mergemode.go|75|fmt.Errorf|return MergeModeUnion, fmt.Errorf(
.\gitmap\vscodepm\mergemode_test.go|124|bare bool return|func sliceEqual(a, b []string) bool {
.\gitmap\vscodepm\overwrite.go|16|raw error return|func OverwritePaths(rootPath, name string, paths []string) error {
.\gitmap\vscodepm\overwrite.go|47|fmt.Errorf|return fmt.Errorf("%s: %w", constants.VSCodePMProjectsFile, err)
.\gitmap\vscodepm\path.go|32|raw error return|func UserDataRoot() (string, error) {
.\gitmap\vscodepm\path.go|49|raw error return|func ProjectsJSONPath() (string, error) {
.\gitmap\vscodepm\path.go|120|bare bool return|func dirExists(path string) bool {
.\gitmap\vscodepm\remove.go|4|raw error return|func RemoveEntry(targetPath string) error {
.\gitmap\vscodepm\remove.go|13|raw error return|func RemoveEntryAt(projectsFile, targetPath string) error {
.\gitmap\vscodepm\sync.go|35|raw error return|func Sync(pairs []Pair) (SyncSummary, error) {
.\gitmap\vscodepm\sync.go|42|raw error return|func SyncMode(pairs []Pair, mode MergeMode) (SyncSummary, error) {
.\gitmap\vscodepm\sync.go|54|raw error return|func RenameByPath(rootPath, newName string) (bool, error) {
.\gitmap\vscodepm\sync.go|54|bare bool return|func RenameByPath(rootPath, newName string) (bool, error) {
.\gitmap\vscodepm\sync.go|86|raw error return|func ListEntries() ([]Entry, error) {
.\gitmap\vscodepm\sync.go|96|raw error return|func readEntries(path string) ([]Entry, error) {
.\gitmap\vscodepm\sync.go|102|fmt.Errorf|return nil, fmt.Errorf(constants.ErrVSCodePMReadFailed, path, err)
.\gitmap\vscodepm\sync.go|111|fmt.Errorf|return nil, fmt.Errorf(constants.ErrVSCodePMParseFailed, path, err)
.\gitmap\vscodepm\syncat.go|20|raw error return|func SyncAt(path string, pairs []Pair) (SyncSummary, error) {
.\gitmap\vscodepm\syncat.go|27|raw error return|func SyncAtMode(path string, pairs []Pair, mode MergeMode) (SyncSummary, error) {
.\gitmap\vscodepm\syncat.go|48|raw error return|func ListEntriesAt(path string) ([]Entry, error) {
.\gitmap\vscodepm\update_path.go|8|raw error return|func UpdateRootPath(oldPath, newPath, newName string) error {
.\gitmap\vscodepm\update_path.go|17|raw error return|func UpdateRootPathAt(projectsFile, oldPath, newPath, newName string) error {
.\gitmap\vscodepm\update_path.go|34|fmt.Errorf|return fmt.Errorf("project not found with rootPath %s", oldPath)
.\gitmap\vscodeworkspace\build.go|58|raw error return|func Encode(ws Workspace) ([]byte, error) {
.\gitmap\vscodeworkspace\build.go|64|fmt.Errorf|return nil, fmt.Errorf("vscode-workspace: encode: %w", err)
.\gitmap\vscodeworkspace\build.go|75|raw error return|func Relativize(folders []Folder, baseDir string) ([]Folder, error) {
.\gitmap\vscodeworkspace\build.go|81|fmt.Errorf|firstErr = fmt.Errorf("relativize %q against %q: %w", f.Path, baseDir, err)
.\gitmap\vscodeworkspace\write.go|15|raw error return|func WriteAtomic(outPath string, ws Workspace) error {
.\gitmap\vscodeworkspace\write.go|23|fmt.Errorf|return fmt.Errorf(constants.ErrVSCodeWorkspaceWriteTemp, tmpPath, err)
.\gitmap\vscodeworkspace\write.go|26|fmt.Errorf|return fmt.Errorf(constants.ErrVSCodeWorkspaceWriteTemp, tmpPath, err)
.\gitmap\vscodeworkspace\write.go|31|fmt.Errorf|return fmt.Errorf(constants.ErrVSCodeWorkspaceRename, outPath, err)
.\gitmap-updater\cmd\github.go|18|raw error return|func fetchLatestTag() (string, error) {
.\gitmap-updater\cmd\github.go|21|fmt.Errorf|return "", fmt.Errorf("failed to create request: %w", err)
.\gitmap-updater\cmd\github.go|29|fmt.Errorf|return "", fmt.Errorf("network error: %w", err)
.\gitmap-updater\cmd\github.go|36|fmt.Errorf|return "", fmt.Errorf(
.\gitmap-updater\cmd\github.go|51|fmt.Errorf|return "", fmt.Errorf("failed to parse release JSON: %w", err)
.\gitmap-updater\cmd\github.go|58|raw error return|func getInstalledVersion() (string, error) {
.\gitmap-updater\cmd\run.go|86|raw error return|func copyBinary(src, dst string) error {
.\gitmap-updater\cmd\run.go|99|swallowed error|_, err = io.Copy(out, in)
.\gitmap-updater\cmd\worker.go|42|raw error return|func downloadInstaller(version string) (string, error) {
.\gitmap-updater\cmd\worker.go|53|fmt.Errorf|return "", fmt.Errorf("HTTP %d from %s", resp.StatusCode, url)
.\gitmap-updater\cmd\worker.go|77|raw error return|func runInstaller(scriptPath string) error {
.\scripts\changelog\internal\drift\drift.go|19|raw error return|func Check(mdPath, tsPath string, entry render.Entry) (int, error) {
.\scripts\changelog\internal\drift\drift.go|42|raw error return|func wouldChange(path, fragment string) (bool, error) {
.\scripts\changelog\internal\drift\drift.go|42|bare bool return|func wouldChange(path, fragment string) (bool, error) {
.\scripts\changelog\internal\drift\drift.go|51|bare bool return|func contains(haystack, needle string) bool {
.\scripts\changelog\internal\drift\drift.go|56|bare bool return|func stringContains(haystack, needle string) bool {
.\scripts\changelog\internal\drift\drift.go|66|bare bool return|func reportDrift(path string, drifted bool) {
.\scripts\changelog\internal\gitlog\gitlog.go|34|raw error return|func CommitsSinceLastTag(repoRoot string) ([]Commit, string, error) {
.\scripts\changelog\internal\gitlog\gitlog.go|51|raw error return|func CommitsInRange(repoRoot, since, until string) ([]Commit, error) {
.\scripts\changelog\internal\gitlog\gitlog.go|82|raw error return|func highestSemverTag(repoRoot string) (string, error) {
.\scripts\changelog\internal\gitlog\gitlog.go|92|fmt.Errorf|return "", fmt.Errorf("git tag failed: %w", err)
.\scripts\changelog\internal\gitlog\gitlog.go|105|raw error return|func readCommits(repoRoot, rev string) ([]Commit, error) {
.\scripts\changelog\internal\gitlog\gitlog.go|115|fmt.Errorf|return nil, fmt.Errorf("git log failed: %w", err)
.\scripts\changelog\internal\gitlog\gitlog.go|140|bare bool return|func parseCommitLine(line string) (Commit, bool) {
.\scripts\changelog\internal\group\group.go|71|bare bool return|func classify(subject string) (string, string, bool) {
.\scripts\changelog\internal\runner\args.go|47|raw error return|func ParseArgs(args []string) (Args, error) {
.\scripts\changelog\internal\runner\args.go|62|fmt.Errorf|return Args{}, fmt.Errorf("invalid -mode %q (want write or check)", *mode)
.\scripts\changelog\internal\runner\execute.go|17|raw error return|func Execute(a Args, warnOut io.Writer) (int, error) {
.\scripts\changelog\internal\runner\execute.go|20|fmt.Errorf|return 0, fmt.Errorf("collecting commits: %w", err)
.\scripts\changelog\internal\runner\execute.go|48|raw error return|func collectCommits(a Args) ([]gitlog.Commit, string, error) {
.\scripts\changelog\internal\runner\execute.go|71|raw error return|func dispatchMode(mode Mode, entry render.Entry, repoRoot string) (int, error) {
.\scripts\changelog\internal\runner\execute.go|86|fmt.Errorf|return 0, fmt.Errorf("unhandled mode %q", mode)
.\scripts\changelog\internal\writer\writer.go|21|raw error return|func PrependBoth(mdPath, tsPath string, entry render.Entry) error {
.\scripts\changelog\internal\writer\writer.go|24|fmt.Errorf|return fmt.Errorf("changelog.md: %w", err)
.\scripts\changelog\internal\writer\writer.go|29|fmt.Errorf|return fmt.Errorf("src/data/changelog.ts: %w", err)
.\scripts\changelog\internal\writer\writer.go|35|raw error return|func prependFile(path, header, body string) error {
.\scripts\changelog\internal\writer\writer.go|47|raw error return|func spliceAfterMarker(path, marker, fragment string) error {
.\scripts\changelog\internal\writer\writer.go|55|fmt.Errorf|return fmt.Errorf("marker %q not found", marker)
