.\.lovable\scratch\audit_rules.go|27|return without blank line|return nil
.\.lovable\scratch\audit_rules.go|32|return without blank line|return nil
.\.lovable\scratch\audit_rules.go|36|return without blank line|return nil
.\.lovable\scratch\audit_rules.go|41|return without blank line|return nil
.\.lovable\scratch\audit_rules.go|11|monolithic function|length 96
.\.lovable\scratch\find_ignored_errs.go|19|return without blank line|return err
.\.lovable\scratch\find_ignored_errs.go|22|return without blank line|return nil
.\.lovable\scratch\find_ignored_errs.go|27|return without blank line|return nil
.\.lovable\scratch\find_ignored_errs.go|58|return without blank line|return true
.\.lovable\scratch\find_ignored_errs.go|60|return without blank line|return nil
.\.lovable\scratch\find_ignored_errs.go|13|monolithic function|length 53
.\.lovable\scratch\find_monolithic.go|19|return without blank line|return err
.\.lovable\scratch\find_monolithic.go|22|return without blank line|return nil
.\.lovable\scratch\find_monolithic.go|27|return without blank line|return nil
.\.lovable\scratch\find_monolithic.go|39|return without blank line|return true
.\.lovable\scratch\find_monolithic.go|41|return without blank line|return nil
.\.lovable\scratch\find_monolithic.go|13|monolithic function|length 34
.\.lovable\scratch\find_nested_ifs.go|19|return without blank line|return err
.\.lovable\scratch\find_nested_ifs.go|22|return without blank line|return nil
.\.lovable\scratch\find_nested_ifs.go|27|return without blank line|return nil // ignore parse errors
.\.lovable\scratch\find_nested_ifs.go|44|return without blank line|return true
.\.lovable\scratch\find_nested_ifs.go|49|return without blank line|return false
.\.lovable\scratch\find_nested_ifs.go|51|return without blank line|return true
.\.lovable\scratch\find_nested_ifs.go|64|return without blank line|return false
.\.lovable\scratch\find_nested_ifs.go|67|return without blank line|return true
.\.lovable\scratch\find_nested_ifs.go|70|return without blank line|return false
.\.lovable\scratch\find_nested_ifs.go|72|return without blank line|return true
.\.lovable\scratch\find_nested_ifs.go|77|return without blank line|return true
.\.lovable\scratch\find_nested_ifs.go|13|monolithic function|length 73
.\.lovable\scratch\find_single_chars.go|19|return without blank line|return err
.\.lovable\scratch\find_single_chars.go|22|return without blank line|return nil
.\.lovable\scratch\find_single_chars.go|27|return without blank line|return nil
.\.lovable\scratch\find_single_chars.go|73|return without blank line|return true
.\.lovable\scratch\find_single_chars.go|75|return without blank line|return nil
.\.lovable\scratch\find_single_chars.go|13|monolithic function|length 68
.\gitmap\apperror\apperror.go|19|return without blank line|return fmt.Sprintf("[%s] %s (ctx: %v): %v", e.Code, e.Op, e.Ctx, e.Cause)
.\gitmap\apperror\apperror.go|21|return without blank line|return fmt.Sprintf("[%s] %s (ctx: %v)", e.Code, e.Op, e.Ctx)
.\gitmap\apperror\apperror.go|26|return without blank line|return e.Cause
.\gitmap\apperror\apperror.go|31|return without blank line|return &AppError{
.\gitmap\apperror\apperror.go|40|return without blank line|return &AppError{
.\gitmap\archive\archive.go|93|return without blank line|return f
.\gitmap\archive\archive.go|107|return without blank line|return f
.\gitmap\archive\archive.go|110|return without blank line|return f
.\gitmap\archive\archive.go|119|return without blank line|return formatExtMap[f]
.\gitmap\archive\archive.go|129|return without blank line|return FormatUnknown, err
.\gitmap\archive\archive.go|135|return without blank line|return FormatFromPath(path), nil
.\gitmap\archive\archive.go|146|return without blank line|return FormatUnknown
.\gitmap\archive\archive.go|149|return without blank line|return res
.\gitmap\archive\archive.go|158|return without blank line|return FormatZip
.\gitmap\archive\archive.go|160|return without blank line|return FormatTar
.\gitmap\archive\archive.go|162|return without blank line|return Format7z
.\gitmap\archive\archive.go|164|return without blank line|return FormatRar
.\gitmap\archive\archive.go|166|return without blank line|return FormatFromPath(f.Extension())
.\gitmap\archive\archive.go|168|return without blank line|return FormatUnknown
.\gitmap\archive\archive.go|174|return without blank line|return FormatGz
.\gitmap\archive\archive.go|176|return without blank line|return FormatBz2
.\gitmap\archive\archive.go|178|return without blank line|return FormatXz
.\gitmap\archive\archive.go|180|return without blank line|return FormatZst
.\gitmap\archive\archive.go|182|return without blank line|return FormatUnknown
.\gitmap\archive\archive_test.go|12|monolithic function|length 16
.\gitmap\archive\archive_test.go|30|monolithic function|length 17
.\gitmap\archive\create.go|62|return without blank line|return FormatUnknown, fmt.Errorf("%w: %q", ErrUnknownFormat, path)
.\gitmap\archive\create.go|65|return without blank line|return FormatUnknown, fmt.Errorf("%s archives are read-only in this build (use zip or tar.*)", format)
.\gitmap\archive\create.go|74|return without blank line|return nil, fmt.Errorf("gather sources: %w", err)
.\gitmap\archive\create.go|82|return without blank line|return nil, err
.\gitmap\archive\create.go|91|return without blank line|return err
.\gitmap\archive\create.go|97|return without blank line|return err
.\gitmap\archive\create.go|110|return without blank line|return res, err
.\gitmap\archive\create.go|116|return without blank line|return res, err
.\gitmap\archive\create.go|121|return without blank line|return res, err
.\gitmap\archive\create.go|130|return without blank line|return "", err
.\gitmap\archive\create.go|134|return without blank line|return base + "/", nil
.\gitmap\archive\create.go|148|return without blank line|return nil, err
.\gitmap\archive\create.go|158|return without blank line|return result.NewSuccess(false)
.\gitmap\archive\create.go|161|return without blank line|return result.NewSuccess(false)
.\gitmap\archive\create.go|170|return without blank line|return in
.\gitmap\archive\create.go|184|return without blank line|return result.NewSuccess(true)
.\gitmap\archive\create.go|187|return without blank line|return result.NewSuccess(true)
.\gitmap\archive\create.go|198|return without blank line|return result.NewSuccess(emptyDefault)
.\gitmap\archive\create.go|202|return without blank line|return result.NewSuccess(true)
.\gitmap\archive\create.go|212|return without blank line|return archives.CompressedArchive{Archival: archives.Tar{}, Compression: archives.Gz{CompressionLevel: gzipLevel(mode)}}, nil
.\gitmap\archive\create.go|214|return without blank line|return archives.CompressedArchive{Archival: archives.Tar{}, Compression: archives.Bz2{CompressionLevel: bz2Level(mode)}}, nil
.\gitmap\archive\create.go|216|return without blank line|return archives.CompressedArchive{Archival: archives.Tar{}, Compression: archives.Xz{}}, nil
.\gitmap\archive\create.go|218|return without blank line|return archives.CompressedArchive{Archival: archives.Tar{}, Compression: archives.Zstd{}}, nil
.\gitmap\archive\create.go|230|return without blank line|return archives.Zip{Compression: zip.Deflate, SelectiveCompression: true}, nil
.\gitmap\archive\create.go|232|return without blank line|return archives.Tar{}, nil
.\gitmap\archive\create.go|234|return without blank line|return buildCompressedTarArchiver(format, mode)
.\gitmap\archive\create.go|244|return without blank line|return gzip.BestSpeed
.\gitmap\archive\create.go|246|return without blank line|return gzip.BestCompression
.\gitmap\archive\create.go|248|return without blank line|return gzip.DefaultCompression
.\gitmap\archive\create.go|258|return without blank line|return 1
.\gitmap\archive\create.go|260|return without blank line|return 9
.\gitmap\archive\create.go|262|return without blank line|return 6
.\gitmap\archive\create.go|274|return without blank line|return flate.BestSpeed
.\gitmap\archive\create.go|276|return without blank line|return flate.BestCompression
.\gitmap\archive\create.go|278|return without blank line|return flate.DefaultCompression
.\gitmap\archive\create.go|106|monolithic function|length 19
.\gitmap\archive\extract.go|40|return without blank line|return res, err
.\gitmap\archive\extract.go|46|return without blank line|return res, err
.\gitmap\archive\extract.go|56|return without blank line|return format, fmt.Errorf("identify %q: %w", srcArchive, err)
.\gitmap\archive\extract.go|59|return without blank line|return format, err
.\gitmap\archive\extract.go|61|return without blank line|return format, nil
.\gitmap\archive\extract.go|67|return without blank line|return res, fmt.Errorf("extract: %w", err)
.\gitmap\archive\extract.go|73|return without blank line|return res, err
.\gitmap\archive\extract.go|78|return without blank line|return res, err
.\gitmap\archive\extract.go|82|return without blank line|return res, nil
.\gitmap\archive\extract.go|92|return without blank line|return 0, err
.\gitmap\archive\extract.go|98|return without blank line|return 0, fmt.Errorf("identify: %w", err)
.\gitmap\archive\extract.go|104|return without blank line|return 0, fmt.Errorf("format %s is not extractable", format.Extension())
.\gitmap\archive\extract.go|113|return without blank line|return extractArchiveEntry(destDir, entry, &written)
.\gitmap\archive\extract.go|117|return without blank line|return written, err
.\gitmap\archive\extract.go|119|return without blank line|return written, nil
.\gitmap\archive\extract.go|126|return without blank line|return fmt.Errorf("rejecting entry with unsafe path: %q", entry.NameInArchive)
.\gitmap\archive\extract.go|131|return without blank line|return os.MkdirAll(clean, constants.DirPermission)
.\gitmap\archive\extract.go|135|return without blank line|return err
.\gitmap\archive\extract.go|137|return without blank line|return writeArchiveFile(entry, clean, written)
.\gitmap\archive\extract.go|151|return without blank line|return err
.\gitmap\archive\extract.go|161|return without blank line|return err
.\gitmap\archive\extract.go|166|return without blank line|return err
.\gitmap\archive\extract.go|169|return without blank line|return nil
.\gitmap\archive\extract.go|180|return without blank line|return ""
.\gitmap\archive\extract.go|184|return without blank line|return ""
.\gitmap\archive\extract.go|190|return without blank line|return ""
.\gitmap\archive\extract.go|202|return without blank line|return flattened, err
.\gitmap\archive\extract.go|206|return without blank line|return flattened, err
.\gitmap\archive\extract.go|211|return without blank line|return flattened, err
.\gitmap\archive\extract.go|213|return without blank line|return flattened, moveEntries(root, finalDir, entries)
.\gitmap\archive\extract.go|222|return without blank line|return root, flattened, err
.\gitmap\archive\extract.go|236|return without blank line|return root, flattened, nil
.\gitmap\archive\extract.go|244|return without blank line|return err
.\gitmap\archive\extract.go|247|return without blank line|return nil
.\gitmap\archive\extract.go|255|return without blank line|return nil
.\gitmap\archive\extract.go|259|return without blank line|return err
.\gitmap\archive\extract.go|263|return without blank line|return copyDir(src, dst)
.\gitmap\archive\extract.go|271|return without blank line|return filepath.WalkDir(src, func(path string, d fs.DirEntry, err error) error {
.\gitmap\archive\extract.go|273|return without blank line|return err
.\gitmap\archive\extract.go|275|return without blank line|return copyDirEntry(src, dst, path, d)
.\gitmap\archive\extract.go|282|return without blank line|return err
.\gitmap\archive\extract.go|287|return without blank line|return os.MkdirAll(target, constants.DirPermission)
.\gitmap\archive\extract.go|291|return without blank line|return err
.\gitmap\archive\extract.go|301|return without blank line|return err
.\gitmap\archive\extract.go|306|return without blank line|return err
.\gitmap\archive\extract.go|308|return without blank line|return streamToFile(in, dst, mode)
.\gitmap\archive\extract.go|314|return without blank line|return err
.\gitmap\archive\extract.go|319|return without blank line|return err
.\gitmap\archive\extract.go|334|return without blank line|return base[:len(base)-len(ext)]
.\gitmap\archive\extract.go|64|monolithic function|length 19
.\gitmap\archive\extract.go|89|monolithic function|length 19
.\gitmap\archive\extract.go|122|monolithic function|length 16
.\gitmap\archive\extract.go|174|monolithic function|length 20
.\gitmap\archive\extract.go|216|monolithic function|length 21
.\gitmap\archive\extract.go|279|monolithic function|length 16
.\gitmap\archive\list.go|30|return without blank line|return nil, FormatUnknown, err
.\gitmap\archive\list.go|36|return without blank line|return nil, FormatFromPath(path), fmt.Errorf("archive identify: %w", err)
.\gitmap\archive\list.go|42|return without blank line|return nil, mholtToFormat(format), fmt.Errorf("format %s is not extractable", format.Extension())
.\gitmap\archive\list.go|53|return without blank line|return io.EOF
.\gitmap\archive\list.go|56|return without blank line|return nil
.\gitmap\archive\list.go|60|return without blank line|return out, mholtToFormat(format), nil
.\gitmap\archive\list.go|62|return without blank line|return out, mholtToFormat(format), err
.\gitmap\archive\list.go|27|monolithic function|length 19
.\gitmap\archive\source.go|57|return without blank line|return SourceGit
.\gitmap\archive\source.go|60|return without blank line|return SourceHTTP
.\gitmap\archive\source.go|69|return without blank line|return result.NewSuccess(false)
.\gitmap\archive\source.go|80|return without blank line|return true
.\gitmap\archive\source.go|83|return without blank line|return true
.\gitmap\archive\source.go|86|return without blank line|return true
.\gitmap\archive\source.go|99|return without blank line|return ResolvedSource{Original: raw}, err
.\gitmap\archive\source.go|102|return without blank line|return ResolvedSource{Original: raw}, fmt.Errorf("local source %q: %w", raw, err)
.\gitmap\archive\source.go|108|return without blank line|return resolveHTTP(ctx, raw)
.\gitmap\archive\source.go|111|return without blank line|return resolveGit(ctx, raw)
.\gitmap\archive\source.go|131|return without blank line|return ResolvedSource{Original: raw}, err
.\gitmap\archive\source.go|138|return without blank line|return ResolvedSource{Original: raw, Kind: SourceHTTP, LocalPath: dst, CleanupDir: dir}, nil
.\gitmap\archive\source.go|155|return without blank line|return err
.\gitmap\archive\source.go|168|return without blank line|return err
.\gitmap\archive\source.go|172|return without blank line|return errors.New("aria2c produced empty file")
.\gitmap\archive\source.go|182|return without blank line|return err
.\gitmap\archive\source.go|187|return without blank line|return err
.\gitmap\archive\source.go|191|return without blank line|return fmt.Errorf("http %s", resp.Status)
.\gitmap\archive\source.go|195|return without blank line|return err
.\gitmap\archive\source.go|208|return without blank line|return "download.bin"
.\gitmap\archive\source.go|212|return without blank line|return "download.bin"
.\gitmap\archive\source.go|224|return without blank line|return ResolvedSource{Original: raw}, err
.\gitmap\archive\source.go|246|return without blank line|return "", err
.\gitmap\archive\source.go|250|return without blank line|return "", err
.\gitmap\archive\source.go|264|return without blank line|return "", fmt.Errorf("no archive in %s", abs)
.\gitmap\archive\source.go|266|return without blank line|return found[0], nil
.\gitmap\archive\source.go|268|return without blank line|return "", fmt.Errorf("found %d archives in %s", len(found), abs)
.\gitmap\archive\source.go|94|monolithic function|length 21
.\gitmap\archive\source.go|128|monolithic function|length 20
.\gitmap\archive\source.go|153|monolithic function|length 23
.\gitmap\archive\source.go|179|monolithic function|length 22
.\gitmap\archive\source.go|221|monolithic function|length 16
.\gitmap\archive\source.go|243|monolithic function|length 27
.\gitmap\cliexit\cliexit.go|147|return without blank line|return fmt.Sprintf("gitmap %s: %s failed: %v", command, op, err)
.\gitmap\cliexit\kind.go|97|return without blank line|return code
.\gitmap\cliexit\kind.go|108|return without blank line|return label
.\gitmap\cliexit\kind_test.go|17|monolithic function|length 20
.\gitmap\cliexit\kind_test.go|53|monolithic function|length 18
.\gitmap\cliexit\report.go|151|return without blank line|return nil
.\gitmap\cliexit\report.go|168|monolithic function|length 23
.\gitmap\cliexit\report_test.go|17|monolithic function|length 20
.\gitmap\cliexit\report_test.go|57|monolithic function|length 18
.\gitmap\cliexit\report_test.go|77|monolithic function|length 17
.\gitmap\cliexit\report_test.go|98|monolithic function|length 20
.\gitmap\cloneconcurrency\resolve.go|32|return without blank line|return 0, false
.\gitmap\cloneconcurrency\resolve.go|35|return without blank line|return n, true
.\gitmap\clonefrom\buildargs_export.go|12|return without blank line|return buildGitArgs(r, dest)
.\gitmap\clonefrom\depthflag_format_test.go|98|return without blank line|return true
.\gitmap\clonefrom\depthflag_format_test.go|111|return without blank line|return "<end-of-argv>"
.\gitmap\clonefrom\execute.go|72|return without blank line|return Result{Row: r, Dest: dest, Status: constants.CloneFromStatusSkipped,
.\gitmap\clonefrom\execute.go|75|return without blank line|return runRowLifecycle(r, dest, absDest, cwd, start)
.\gitmap\clonefrom\execute.go|82|return without blank line|return makeFailedResult(r, dest, detail, start)
.\gitmap\clonefrom\execute.go|87|return without blank line|return makeFailedResult(r, dest, coDetail, start)
.\gitmap\clonefrom\execute.go|89|return without blank line|return Result{Row: r, Dest: dest, Status: constants.CloneFromStatusOK,
.\gitmap\clonefrom\execute.go|97|return without blank line|return detail, false
.\gitmap\clonefrom\execute.go|99|return without blank line|return runGitClone(r, dest, cwd)
.\gitmap\clonefrom\execute.go|103|return without blank line|return Result{
.\gitmap\clonefrom\execute.go|119|return without blank line|return "", true
.\gitmap\clonefrom\execute.go|121|return without blank line|return handleGitCloneError(dest, string(out), err)
.\gitmap\clonefrom\execute.go|128|return without blank line|return cmd.CombinedOutput()
.\gitmap\clonefrom\execute.go|134|return without blank line|return tryLfsAutoFix(dest, file, outputStr, err)
.\gitmap\clonefrom\execute.go|136|return without blank line|return trimGitError(outputStr, err), false
.\gitmap\clonefrom\execute.go|144|return without blank line|return trimGitError(outputStr, originalErr), false
.\gitmap\clonefrom\execute.go|146|return without blank line|return applyLfsFix(dest, file, outputStr, originalErr)
.\gitmap\clonefrom\execute.go|153|return without blank line|return trimGitError(outputStr+"\n[LFS Fix Failed: "+fixErr.Error()+"]", originalErr), false
.\gitmap\clonefrom\execute.go|155|return without blank line|return "", true
.\gitmap\clonefrom\execute.go|161|return without blank line|return cwd
.\gitmap\clonefrom\execute.go|166|return without blank line|return wd
.\gitmap\clonefrom\execute.go|168|return without blank line|return ""
.\gitmap\clonefrom\execute.go|178|return without blank line|return append(args, r.URL, dest)
.\gitmap\clonefrom\execute.go|184|return without blank line|return append(args, constants.GitBranchFlag, branch)
.\gitmap\clonefrom\execute.go|186|return without blank line|return args
.\gitmap\clonefrom\execute.go|192|return without blank line|return append(args, fmt.Sprintf(constants.CloneFromDepthFlagFmt, depth))
.\gitmap\clonefrom\execute.go|194|return without blank line|return args
.\gitmap\clonefrom\execute.go|200|return without blank line|return append(args, constants.CloneFromNoCheckoutFlag)
.\gitmap\clonefrom\execute.go|202|return without blank line|return args
.\gitmap\clonefrom\execute.go|211|return without blank line|return last[:constants.CloneFromErrTrimLimit] + "..."
.\gitmap\clonefrom\execute.go|213|return without blank line|return last
.\gitmap\clonefrom\execute.go|226|return without blank line|return err.Error()
.\gitmap\clonefrom\execute.go|228|return without blank line|return last
.\gitmap\clonefrom\execute_checkout.go|42|return without blank line|return constants.CloneFromCheckoutDefault
.\gitmap\clonefrom\execute_checkout.go|55|return without blank line|return "", true
.\gitmap\clonefrom\execute_checkout.go|71|return without blank line|return dest
.\gitmap\clonefrom\execute_checkout_fieldsurface_test.go|39|monolithic function|length 20
.\gitmap\clonefrom\execute_checkout_test.go|49|monolithic function|length 24
.\gitmap\clonefrom\execute_checkout_test.go|79|monolithic function|length 22
.\gitmap\clonefrom\execute_checkout_test.go|114|monolithic function|length 39
.\gitmap\clonefrom\execute_concurrent.go|38|return without blank line|return ExecuteWithHooks(plan, cwd, progress, beforeRow)
.\gitmap\clonefrom\execute_concurrent_test.go|121|return without blank line|return string(rune('a'+i)) + "-row"
.\gitmap\clonefrom\execute_concurrent_test.go|29|monolithic function|length 16
.\gitmap\clonefrom\execute_concurrent_test.go|77|monolithic function|length 25
.\gitmap\clonefrom\execute_dest.go|44|return without blank line|return fmt.Sprintf(constants.MsgCloneFromMkdirParentFailFmt, err), false
.\gitmap\clonefrom\execute_dest.go|57|return without blank line|return false
.\gitmap\clonefrom\execute_dest.go|62|return without blank line|return false
.\gitmap\clonefrom\execute_dest_test.go|23|monolithic function|length 19
.\gitmap\clonefrom\execute_dest_test.go|49|monolithic function|length 21
.\gitmap\clonefrom\execute_lfs_fix.go|26|return without blank line|return match[1], true
.\gitmap\clonefrom\execute_lfs_fix.go|30|return without blank line|return match[1], true
.\gitmap\clonefrom\execute_lfs_fix.go|45|return without blank line|return fmt.Errorf(constants.ErrCloneFromLFSRestore, err, string(out))
.\gitmap\clonefrom\execute_lfs_fix.go|53|return without blank line|return fmt.Errorf(constants.ErrCloneFromLFSRmCached, err, string(out))
.\gitmap\clonefrom\execute_lfs_fix.go|64|return without blank line|return fmt.Errorf(constants.ErrCloneFromLFSCommit, err, string(out))
.\gitmap\clonefrom\execute_lfs_fix.go|72|return without blank line|return fmt.Errorf(constants.ErrCloneFromLFSPush, err, string(out))
.\gitmap\clonefrom\execute_lfs_fix.go|39|monolithic function|length 37
.\gitmap\clonefrom\execute_test.go|24|monolithic function|length 18
.\gitmap\clonefrom\execute_test.go|47|monolithic function|length 21
.\gitmap\clonefrom\execute_test.go|74|monolithic function|length 17
.\gitmap\clonefrom\execute_test.go|96|monolithic function|length 18
.\gitmap\clonefrom\execute_test.go|132|monolithic function|length 16
.\gitmap\clonefrom\jsonschema.go|40|return without blank line|return EmitReportSchema()
.\gitmap\clonefrom\jsonschema.go|42|return without blank line|return EmitInputSchema()
.\gitmap\clonefrom\jsonschema.go|44|return without blank line|return nil, fmt.Errorf(constants.MsgCloneFromEmitSchemaUnknown, kind)
.\gitmap\clonefrom\jsonschema.go|49|return without blank line|return enumSchema("Outcome bucket.", []string{
.\gitmap\clonefrom\jsonschema.go|57|return without blank line|return orderedProps(
.\gitmap\clonefrom\jsonschema.go|69|return without blank line|return orderedProps(
.\gitmap\clonefrom\jsonschema.go|155|return without blank line|return marshalSchema(buildInputRootSchema())
.\gitmap\clonefrom\jsonschema.go|167|return without blank line|return nil, err
.\gitmap\clonefrom\jsonschema_helpers.go|23|return without blank line|return propKV{name: name, schema: schema}
.\gitmap\clonefrom\jsonschema_helpers.go|74|return without blank line|return map[string]any{
.\gitmap\clonefrom\jsonschema_helpers.go|82|return without blank line|return map[string]any{"type": "string", "description": description}
.\gitmap\clonefrom\jsonschema_helpers.go|86|return without blank line|return map[string]any{"type": "integer", "minimum": 0, "description": description}
.\gitmap\clonefrom\jsonschema_helpers.go|90|return without blank line|return map[string]any{"type": "number", "minimum": 0, "description": description}
.\gitmap\clonefrom\jsonschema_helpers.go|107|return without blank line|return map[string]any{
.\gitmap\clonefrom\jsonschema_helpers.go|121|return without blank line|return map[string]any{
.\gitmap\clonefrom\jsonschema_helpers.go|41|monolithic function|length 16
.\gitmap\clonefrom\parse.go|36|return without blank line|return Plan{}, fmt.Errorf(constants.ErrCloneFromAbsPath, path, err)
.\gitmap\clonefrom\parse.go|40|return without blank line|return Plan{}, fmt.Errorf(constants.ErrCloneFromOpen, abs, err)
.\gitmap\clonefrom\parse.go|47|return without blank line|return Plan{}, err
.\gitmap\clonefrom\parse.go|61|return without blank line|return constants.FormatJSON
.\gitmap\clonefrom\parse.go|71|return without blank line|return parseJSON(r)
.\gitmap\clonefrom\parse.go|85|return without blank line|return nil, fmt.Errorf(constants.ErrCloneFromJSONDecode, err)
.\gitmap\clonefrom\parse.go|91|return without blank line|return nil, fmt.Errorf(constants.ErrCloneFromJSONRow, i+1, err)
.\gitmap\clonefrom\parse.go|33|monolithic function|length 19
.\gitmap\clonefrom\parse.go|81|monolithic function|length 16
.\gitmap\clonefrom\parse.go|101|monolithic function|length 18
.\gitmap\clonefrom\parsecsv.go|27|return without blank line|return nil, fmt.Errorf(constants.ErrCloneFromCSVHeader, err)
.\gitmap\clonefrom\parsecsv.go|31|return without blank line|return nil, fmt.Errorf(constants.ErrCloneFromCSVNoURL)
.\gitmap\clonefrom\parsecsv.go|52|return without blank line|return nil, fmt.Errorf(constants.ErrCloneFromCSVRow, rowNum, err)
.\gitmap\clonefrom\parsecsv.go|56|return without blank line|return nil, wrapCSVRowErr(rowNum, col, err)
.\gitmap\clonefrom\parsecsv.go|69|return without blank line|return fmt.Errorf(constants.ErrCloneFromCSVRow, rowNum, err)
.\gitmap\clonefrom\parsecsv.go|119|return without blank line|return row, col, err
.\gitmap\clonefrom\parsecsv.go|123|return without blank line|return row, col, err
.\gitmap\clonefrom\parsecsv.go|131|return without blank line|return row, "", nil
.\gitmap\clonefrom\parsecsv.go|135|return without blank line|return row, constants.CSVColumnDepth, fmt.Errorf(constants.ErrCloneFromBadDepth, depthStr)
.\gitmap\clonefrom\parsecsv.go|138|return without blank line|return row, "", nil
.\gitmap\clonefrom\parsecsv.go|146|return without blank line|return ""
.\gitmap\clonefrom\parsecsv.go|42|monolithic function|length 20
.\gitmap\clonefrom\parsecsv.go|85|monolithic function|length 18
.\gitmap\clonefrom\parsecsv.go|109|monolithic function|length 18
.\gitmap\clonefrom\parsecsv_columnerr_test.go|20|monolithic function|length 67
.\gitmap\clonefrom\parse_checkout_test.go|17|monolithic function|length 16
.\gitmap\clonefrom\parse_test.go|17|monolithic function|length 22
.\gitmap\clonefrom\parse_test.go|44|monolithic function|length 22
.\gitmap\clonefrom\prompt.go|15|return without blank line|return false
.\gitmap\clonefrom\render.go|62|return without blank line|return err
.\gitmap\clonefrom\render.go|96|return without blank line|return "manifest"
.\gitmap\clonefrom\render.go|157|monolithic function|length 23
.\gitmap\clonefrom\render_test.go|17|monolithic function|length 23
.\gitmap\clonefrom\render_test.go|45|monolithic function|length 16
.\gitmap\clonefrom\result_schema_drift_test.go|180|monolithic function|length 28
.\gitmap\clonefrom\summary.go|38|return without blank line|return err
.\gitmap\clonefrom\summary.go|41|return without blank line|return err
.\gitmap\clonefrom\summary.go|44|return without blank line|return err
.\gitmap\clonefrom\summary.go|48|return without blank line|return err
.\gitmap\clonefrom\summary.go|58|return without blank line|return err
.\gitmap\clonefrom\summary.go|60|return without blank line|return nil
.\gitmap\clonefrom\summary.go|92|return without blank line|return fmt.Sprintf("  %-7s  %s    %s\n", r.Status, r.Row.URL, tail)
.\gitmap\clonefrom\summary.go|108|return without blank line|return "", fmt.Errorf(constants.ErrCloneFromReportMkdir, dir, err)
.\gitmap\clonefrom\summary.go|114|return without blank line|return "", fmt.Errorf(constants.ErrCloneFromReportCreate, full, err)
.\gitmap\clonefrom\summary.go|118|return without blank line|return "", err
.\gitmap\clonefrom\summary.go|131|return without blank line|return err
.\gitmap\clonefrom\summary.go|139|return without blank line|return err
.\gitmap\clonefrom\summary.go|33|monolithic function|length 20
.\gitmap\clonefrom\summary.go|105|monolithic function|length 18
.\gitmap\clonefrom\summary.go|127|monolithic function|length 18
.\gitmap\clonefrom\summary_csvquoting_golden_test.go|58|return without blank line|return []Result{
.\gitmap\clonefrom\summary_csvquoting_golden_test.go|57|monolithic function|length 32
.\gitmap\clonefrom\summary_golden_test.go|42|return without blank line|return Result{
.\gitmap\clonefrom\summary_golden_test.go|56|return without blank line|return Result{
.\gitmap\clonefrom\summary_golden_test.go|66|return without blank line|return Result{
.\gitmap\clonefrom\summary_golden_test.go|82|return without blank line|return []Result{
.\gitmap\clonefrom\summary_golden_test.go|156|return without blank line|return bytes.ReplaceAll(rawBytes, []byte("\r\n"), []byte("\n"))
.\gitmap\clonefrom\summary_jsonschemaversion_test.go|73|monolithic function|length 21
.\gitmap\clonefrom\summary_provenance_test.go|52|monolithic function|length 24
.\gitmap\clonefrom\summary_scheme.go|26|return without blank line|return []string{
.\gitmap\clonefrom\summary_scheme.go|55|return without blank line|return hit
.\gitmap\clonefrom\summary_scheme.go|58|return without blank line|return constants.CloneFromSchemeSCP
.\gitmap\clonefrom\summary_scheme.go|77|return without blank line|return p.scheme, true
.\gitmap\clonefrom\summary_terminal.go|42|return without blank line|return "", fmt.Errorf(constants.ErrCloneFromReportMkdir, dir, err)
.\gitmap\clonefrom\summary_terminal.go|48|return without blank line|return "", fmt.Errorf(constants.ErrCloneFromReportCreate, full, err)
.\gitmap\clonefrom\summary_terminal.go|52|return without blank line|return "", err
.\gitmap\clonefrom\summary_terminal.go|68|return without blank line|return err
.\gitmap\clonefrom\summary_terminal.go|71|return without blank line|return err
.\gitmap\clonefrom\summary_terminal.go|74|return without blank line|return err
.\gitmap\clonefrom\summary_terminal.go|85|return without blank line|return err
.\gitmap\clonefrom\summary_terminal.go|100|return without blank line|return err
.\gitmap\clonefrom\summary_terminal.go|109|return without blank line|return err
.\gitmap\clonefrom\summary_terminal.go|126|return without blank line|return err
.\gitmap\clonefrom\summary_terminal.go|129|return without blank line|return err
.\gitmap\clonefrom\summary_terminal.go|141|return without blank line|return err
.\gitmap\clonefrom\summary_terminal.go|144|return without blank line|return err
.\gitmap\clonefrom\summary_terminal.go|147|return without blank line|return err
.\gitmap\clonefrom\summary_terminal.go|156|return without blank line|return err
.\gitmap\clonefrom\summary_terminal.go|158|return without blank line|return nil
.\gitmap\clonefrom\summary_terminal.go|39|monolithic function|length 18
.\gitmap\clonefrom\summary_terminal.go|97|monolithic function|length 17
.\gitmap\clonefrom\summary_terminal_test.go|37|monolithic function|length 34
.\gitmap\clonefrom\testhelpers_test.go|14|return without blank line|return os.WriteFile(path, []byte(body), 0o644)
.\gitmap\clonefrom\validate.go|30|return without blank line|return err
.\gitmap\clonefrom\validate.go|39|return without blank line|return constants.CSVColumnURL, fmt.Errorf(constants.ErrCloneFromEmptyURL)
.\gitmap\clonefrom\validate.go|42|return without blank line|return constants.CSVColumnURL, fmt.Errorf(constants.ErrCloneFromBadURL, r.URL)
.\gitmap\clonefrom\validate.go|45|return without blank line|return constants.CSVColumnDepth, fmt.Errorf(constants.ErrCloneFromNegDepth, r.Depth)
.\gitmap\clonefrom\validate.go|48|return without blank line|return constants.CSVColumnBranch, fmt.Errorf(constants.ErrCloneFromBadBranch, r.Branch)
.\gitmap\clonefrom\validate.go|51|return without blank line|return constants.CSVColumnCheckout, fmt.Errorf(constants.ErrCloneFromBadCheckout, r.Checkout)
.\gitmap\clonefrom\validate.go|66|return without blank line|return false
.\gitmap\clonefrom\validate.go|70|return without blank line|return false
.\gitmap\clonefrom\validate.go|37|monolithic function|length 18
.\gitmap\clonenext\batch.go|63|return without blank line|return nil, err
.\gitmap\clonenext\batch.go|68|return without blank line|return nil, err
.\gitmap\clonenext\batch.go|73|return without blank line|return nil, ErrBatchEmpty
.\gitmap\clonenext\batch.go|125|return without blank line|return nil
.\gitmap\clonenext\batch.go|147|return without blank line|return 0, 0
.\gitmap\clonenext\batch.go|152|return without blank line|return i, 1
.\gitmap\clonenext\batch.go|168|return without blank line|return true
.\gitmap\clonenext\batch.go|179|return without blank line|return ""
.\gitmap\clonenext\batch.go|190|return without blank line|return nil, err
.\gitmap\clonenext\batch.go|205|return without blank line|return nil, ErrBatchEmpty
.\gitmap\clonenext\batch.go|60|monolithic function|length 17
.\gitmap\clonenext\batch.go|90|monolithic function|length 19
.\gitmap\clonenext\batch.go|123|monolithic function|length 16
.\gitmap\clonenext\batch.go|144|monolithic function|length 16
.\gitmap\clonenext\batch.go|187|monolithic function|length 22
.\gitmap\clonenext\batch_test.go|162|monolithic function|length 18
.\gitmap\clonenext\github.go|21|return without blank line|return false, fmt.Errorf("create request: %w", err)
.\gitmap\clonenext\github.go|32|return without blank line|return false, fmt.Errorf("check repo existence: %w", err)
.\gitmap\clonenext\github.go|37|return without blank line|return true, nil
.\gitmap\clonenext\github.go|40|return without blank line|return false, nil
.\gitmap\clonenext\github.go|52|return without blank line|return fmt.Errorf("no GitHub token available — set GITHUB_TOKEN or run `gh auth login`")
.\gitmap\clonenext\github.go|58|return without blank line|return nil
.\gitmap\clonenext\github.go|88|return without blank line|return fmt.Errorf("marshal repo payload: %w", err)
.\gitmap\clonenext\github.go|93|return without blank line|return fmt.Errorf("create request: %w", err)
.\gitmap\clonenext\github.go|102|return without blank line|return fmt.Errorf("create repo: %w", err)
.\gitmap\clonenext\github.go|107|return without blank line|return nil
.\gitmap\clonenext\github.go|122|return without blank line|return parseHttpsOwnerRepo(url, remoteURL)
.\gitmap\clonenext\github.go|127|return without blank line|return "", "", fmt.Errorf("unrecognized remote URL format: %s", remoteURL)
.\gitmap\clonenext\github.go|132|return without blank line|return "", "", fmt.Errorf("invalid SSH remote URL: %s", remoteURL)
.\gitmap\clonenext\github.go|138|return without blank line|return "", "", fmt.Errorf("invalid SSH remote path: %s", remoteURL)
.\gitmap\clonenext\github.go|147|return without blank line|return "", "", fmt.Errorf("invalid HTTPS remote URL: %s", remoteURL)
.\gitmap\clonenext\github.go|149|return without blank line|return parts[len(parts)-2], parts[len(parts)-1], nil
.\gitmap\clonenext\github.go|16|monolithic function|length 28
.\gitmap\clonenext\github.go|80|monolithic function|length 33
.\gitmap\clonenext\github.go|117|monolithic function|length 25
.\gitmap\clonenext\localstate.go|37|return without blank line|return LocalRepoState{}, err
.\gitmap\clonenext\localstate.go|54|return without blank line|return "", fmt.Errorf("%w: %s", ErrNotAGitRepo, repoPath)
.\gitmap\clonenext\localstate.go|57|return without blank line|return dotGit, nil
.\gitmap\clonenext\localstate.go|68|return without blank line|return "", fmt.Errorf(constants.ErrCloneNextReadWorktree, dotGitFile, err)
.\gitmap\clonenext\localstate.go|72|return without blank line|return strings.TrimSpace(strings.TrimPrefix(line, constants.GitdirPrefix)), nil
.\gitmap\clonenext\localstate.go|83|return without blank line|return ""
.\gitmap\clonenext\localstate.go|103|return without blank line|return strings.TrimSpace(parts[1])
.\gitmap\clonenext\localstate.go|117|return without blank line|return ""
.\gitmap\clonenext\localstate.go|124|return without blank line|return ""
.\gitmap\clonenext\localstate.go|91|monolithic function|length 18
.\gitmap\clonenext\localstate.go|114|monolithic function|length 17
.\gitmap\clonenext\localstate_test.go|10|monolithic function|length 25
.\gitmap\clonenext\localstate_test.go|45|monolithic function|length 21
.\gitmap\clonenext\localstate_test.go|68|monolithic function|length 20
.\gitmap\clonenext\remoteupdate.go|45|return without blank line|return checkRemoteForUpdateWith(owner, parsed, ceiling, RepoExists)
.\gitmap\clonenext\remoteupdate.go|65|return without blank line|return out, err
.\gitmap\clonenext\remoteupdate.go|84|return without blank line|return highest, fmt.Errorf("probe %s/%s-v%d: %w", owner, parsed.BaseName, m, err)
.\gitmap\clonenext\remoteupdate.go|87|return without blank line|return highest, nil
.\gitmap\clonenext\remoteupdate.go|50|monolithic function|length 25
.\gitmap\clonenext\remoteupdate_test.go|11|return without blank line|return func(_, repo string) (bool, error) {
.\gitmap\clonenext\remoteupdate_test.go|14|return without blank line|return false, nil
.\gitmap\clonenext\remoteupdate_test.go|69|return without blank line|return true, nil
.\gitmap\clonenext\remoteupdate_test.go|71|return without blank line|return false, nil
.\gitmap\clonenext\remoteupdate_test.go|60|monolithic function|length 27
.\gitmap\clonenext\repodetect.go|27|return without blank line|return IsGitRepo(path)
.\gitmap\clonenext\repodetect.go|40|return without blank line|return false
.\gitmap\clonenext\repodetect.go|47|return without blank line|return true
.\gitmap\clonenext\version.go|26|return without blank line|return ParsedRepo{BaseName: name, CurrentVersion: 1, HasVersion: false}
.\gitmap\clonenext\version.go|41|return without blank line|return parsed.CurrentVersion + 1, nil
.\gitmap\clonenext\version.go|45|return without blank line|return 0, fmt.Errorf("invalid version argument: %s (expected v++, v+1, or vN)", arg)
.\gitmap\clonenext\version.go|51|return without blank line|return 0, fmt.Errorf("invalid version argument: %s (expected v++, v+1, or vN)", arg)
.\gitmap\clonenext\version.go|54|return without blank line|return 0, fmt.Errorf("invalid version argument: %s (version must be a positive integer)", arg)
.\gitmap\clonenext\version.go|62|return without blank line|return fmt.Sprintf("%s-v%d", baseName, version)
.\gitmap\clonenext\version.go|67|return without blank line|return strings.Replace(remoteURL, currentRepo, targetRepo, 1)
.\gitmap\clonenext\version.go|37|monolithic function|length 21
.\gitmap\clonenext\version_test.go|5|monolithic function|length 19
.\gitmap\clonenext\version_test.go|26|monolithic function|length 55
.\gitmap\clonenow\buildargs_export.go|19|return without blank line|return buildGitArgs(r, url, dest)
.\gitmap\clonenow\clonenow.go|97|return without blank line|return r.SSHUrl
.\gitmap\clonenow\clonenow.go|100|return without blank line|return r.HTTPSUrl
.\gitmap\clonenow\clonenow.go|103|return without blank line|return r.HTTPSUrl
.\gitmap\clonenow\crossformat_golden_test.go|55|return without blank line|return []model.ScanRecord{
.\gitmap\clonenow\crossformat_golden_test.go|131|return without blank line|return formatter.WriteCSV(f, recs)
.\gitmap\clonenow\crossformat_golden_test.go|134|return without blank line|return formatter.WriteJSON(f, recs)
.\gitmap\clonenow\crossformat_golden_test.go|54|monolithic function|length 31
.\gitmap\clonenow\crossformat_golden_test.go|126|monolithic function|length 38
.\gitmap\clonenow\crossformat_golden_test.go|169|monolithic function|length 20
.\gitmap\clonenow\execute.go|136|return without blank line|return fmt.Sprintf(constants.MsgCloneNowMkdirParentFailFmt, err), false
.\gitmap\clonenow\execute.go|142|return without blank line|return runInteractiveGitClone(cmd)
.\gitmap\clonenow\execute.go|146|return without blank line|return trimGitError(string(out), err), false
.\gitmap\clonenow\execute.go|85|monolithic function|length 30
.\gitmap\clonenow\execute.go|128|monolithic function|length 22
.\gitmap\clonenow\execute_concurrent.go|40|return without blank line|return ExecuteWithHooks(plan, cwd, progress, beforeRow)
.\gitmap\clonenow\execute_concurrent_test.go|115|return without blank line|return string(rune('a'+i)) + "-row"
.\gitmap\clonenow\execute_concurrent_test.go|43|monolithic function|length 19
.\gitmap\clonenow\execute_concurrent_test.go|64|monolithic function|length 28
.\gitmap\clonenow\execute_concurrent_test.go|94|monolithic function|length 16
.\gitmap\clonenow\execute_idempotent.go|60|return without blank line|return state
.\gitmap\clonenow\execute_idempotent.go|66|return without blank line|return state
.\gitmap\clonenow\execute_idempotent.go|104|return without blank line|return cloneFresh(r, url, absDest, cwd)
.\gitmap\clonenow\execute_idempotent.go|107|return without blank line|return Result{
.\gitmap\clonenow\execute_idempotent.go|113|return without blank line|return forceReclone(r, url, absDest, cwd)
.\gitmap\clonenow\execute_idempotent.go|116|return without blank line|return Result{
.\gitmap\clonenow\execute_idempotent.go|122|return without blank line|return updateExisting(r, url, absDest, state)
.\gitmap\clonenow\execute_idempotent.go|140|return without blank line|return Result{Status: constants.CloneNowStatusFailed, Detail: detail}
.\gitmap\clonenow\execute_idempotent.go|158|return without blank line|return false
.\gitmap\clonenow\execute_idempotent.go|161|return without blank line|return true
.\gitmap\clonenow\execute_idempotent.go|174|return without blank line|return false
.\gitmap\clonenow\execute_idempotent.go|210|return without blank line|return Result{
.\gitmap\clonenow\execute_idempotent.go|237|return without blank line|return Result{
.\gitmap\clonenow\execute_idempotent.go|244|return without blank line|return Result{Status: constants.CloneNowStatusOK, Detail: constants.MsgCloneNowUpdated}
.\gitmap\clonenow\execute_idempotent.go|248|return without blank line|return Result{
.\gitmap\clonenow\execute_idempotent.go|266|return without blank line|return Result{
.\gitmap\clonenow\execute_idempotent.go|274|return without blank line|return Result{Status: constants.CloneNowStatusFailed, Detail: detail}
.\gitmap\clonenow\execute_idempotent.go|290|return without blank line|return trimGitError(string(out), err), false
.\gitmap\clonenow\execute_idempotent.go|305|return without blank line|return trimGitError(string(out), err), false
.\gitmap\clonenow\execute_idempotent.go|318|return without blank line|return absDest
.\gitmap\clonenow\execute_idempotent.go|56|monolithic function|length 21
.\gitmap\clonenow\execute_idempotent.go|102|monolithic function|length 24
.\gitmap\clonenow\execute_idempotent.go|184|monolithic function|length 18
.\gitmap\clonenow\execute_idempotent.go|235|monolithic function|length 23
.\gitmap\clonenow\execute_idempotent_test.go|114|monolithic function|length 16
.\gitmap\clonenow\execute_interactive.go|16|return without blank line|return err.Error(), false
.\gitmap\clonenow\execute_interactive.go|24|return without blank line|return strings.HasPrefix(lower, constants.PrefixSSH) ||
.\gitmap\clonenow\execute_mkdir_test.go|20|monolithic function|length 18
.\gitmap\clonenow\execute_mkdir_test.go|40|monolithic function|length 19
.\gitmap\clonenow\execute_test.go|125|return without blank line|return len(needle) == 0 || indexOf(haystack, needle) >= 0
.\gitmap\clonenow\execute_test.go|131|return without blank line|return i
.\gitmap\clonenow\execute_test.go|24|monolithic function|length 23
.\gitmap\clonenow\execute_test.go|53|monolithic function|length 18
.\gitmap\clonenow\execute_test.go|84|monolithic function|length 17
.\gitmap\clonenow\execute_test.go|103|monolithic function|length 16
.\gitmap\clonenow\known_fields.go|36|return without blank line|return []string{"httpsUrl", "sshUrl"}
.\gitmap\clonenow\parse.go|40|return without blank line|return Plan{}, fmt.Errorf(constants.ErrCloneNowAbsPath, path, err)
.\gitmap\clonenow\parse.go|48|return without blank line|return Plan{}, derr
.\gitmap\clonenow\parse.go|52|return without blank line|return Plan{}, err
.\gitmap\clonenow\parse.go|56|return without blank line|return Plan{}, fmt.Errorf(constants.ErrCloneNowEmpty, abs)
.\gitmap\clonenow\parse.go|76|return without blank line|return constants.CloneNowFormatJSON, nil
.\gitmap\clonenow\parse.go|78|return without blank line|return constants.CloneNowFormatCSV, nil
.\gitmap\clonenow\parse.go|80|return without blank line|return constants.CloneNowFormatText, nil
.\gitmap\clonenow\parse.go|92|return without blank line|return nil, fmt.Errorf(constants.ErrCloneNowOpen, path, err)
.\gitmap\clonenow\parse.go|98|return without blank line|return parseJSONWithSchema(f)
.\gitmap\clonenow\parse.go|100|return without blank line|return parseCSVWithSchema(f)
.\gitmap\clonenow\parse.go|113|return without blank line|return nil, fmt.Errorf(constants.ErrCloneNowJSONDecode, err)
.\gitmap\clonenow\parse.go|116|return without blank line|return nil, err
.\gitmap\clonenow\parse.go|120|return without blank line|return nil, fmt.Errorf(constants.ErrCloneNowJSONDecode, err)
.\gitmap\clonenow\parse.go|133|return without blank line|return nil, fmt.Errorf(constants.ErrCloneNowCSVRead, err)
.\gitmap\clonenow\parse.go|136|return without blank line|return nil, err
.\gitmap\clonenow\parse.go|140|return without blank line|return nil, fmt.Errorf(constants.ErrCloneNowCSVRead, err)
.\gitmap\clonenow\parse.go|148|return without blank line|return nil, fmt.Errorf(constants.ErrCloneNowCSVRead, err)
.\gitmap\clonenow\parse.go|166|return without blank line|return nil, err
.\gitmap\clonenow\parse.go|169|return without blank line|return nil, nil
.\gitmap\clonenow\parse.go|173|return without blank line|return nil, nil
.\gitmap\clonenow\parse.go|212|return without blank line|return ""
.\gitmap\clonenow\parse.go|214|return without blank line|return row[i]
.\gitmap\clonenow\parse.go|220|return without blank line|return model.ScanRecord{
.\gitmap\clonenow\parse.go|37|monolithic function|length 27
.\gitmap\clonenow\parse.go|130|monolithic function|length 22
.\gitmap\clonenow\parse.go|160|monolithic function|length 21
.\gitmap\clonenow\parse.go|208|monolithic function|length 22
.\gitmap\clonenow\parse.go|236|monolithic function|length 20
.\gitmap\clonenow\parsetext.go|41|return without blank line|return nil, fmt.Errorf(constants.ErrCloneNowTextRead, err)
.\gitmap\clonenow\parsetext.go|57|return without blank line|return Row{}, false
.\gitmap\clonenow\parsetext.go|82|return without blank line|return "", "", false
.\gitmap\clonenow\parsetext.go|87|return without blank line|return "", "", false
.\gitmap\clonenow\parsetext.go|119|return without blank line|return true
.\gitmap\clonenow\parsetext.go|123|return without blank line|return false
.\gitmap\clonenow\parsetext.go|22|monolithic function|length 23
.\gitmap\clonenow\parsetext.go|53|monolithic function|length 20
.\gitmap\clonenow\parsetext.go|80|monolithic function|length 16
.\gitmap\clonenow\parse_schema.go|66|return without blank line|return fmt.Errorf(constants.ErrCloneNowEmptyCSV)
.\gitmap\clonenow\parse_schema.go|69|return without blank line|return fmt.Errorf(constants.ErrCloneNowCSVRead, err)
.\gitmap\clonenow\parse_schema.go|72|return without blank line|return err
.\gitmap\clonenow\parse_schema.go|93|return without blank line|return fmt.Errorf(constants.ErrCloneNowCSVRowRead, dataRow, err)
.\gitmap\clonenow\parse_schema.go|96|return without blank line|return fmt.Errorf(constants.ErrCloneNowCSVRowMissingURL, dataRow)
.\gitmap\clonenow\parse_schema.go|121|return without blank line|return true
.\gitmap\clonenow\parse_schema.go|146|return without blank line|return fmt.Errorf(constants.ErrCloneNowUnknownCSVField, name, knownFieldList())
.\gitmap\clonenow\parse_schema.go|153|return without blank line|return fmt.Errorf(constants.ErrCloneNowCSVMissingURLCol)
.\gitmap\clonenow\parse_schema.go|60|monolithic function|length 16
.\gitmap\clonenow\parse_schema.go|137|monolithic function|length 20
.\gitmap\clonenow\parse_schema_csvheader_test.go|81|monolithic function|length 16
.\gitmap\clonenow\parse_schema_json.go|26|return without blank line|return fmt.Errorf(constants.ErrCloneNowJSONShape, err)
.\gitmap\clonenow\parse_schema_json.go|30|return without blank line|return err
.\gitmap\clonenow\parse_schema_json.go|44|return without blank line|return fmt.Errorf(constants.ErrCloneNowJSONRowNotObject,
.\gitmap\clonenow\parse_schema_json.go|58|return without blank line|return fmt.Errorf(constants.ErrCloneNowUnknownJSONField,
.\gitmap\clonenow\parse_schema_json.go|63|return without blank line|return fmt.Errorf(constants.ErrCloneNowMissingURL, i+1)
.\gitmap\clonenow\parse_schema_json.go|75|return without blank line|return "empty"
.\gitmap\clonenow\parse_schema_json.go|79|return without blank line|return "string"
.\gitmap\clonenow\parse_schema_json.go|81|return without blank line|return "array"
.\gitmap\clonenow\parse_schema_json.go|83|return without blank line|return "object"
.\gitmap\clonenow\parse_schema_json.go|85|return without blank line|return "boolean"
.\gitmap\clonenow\parse_schema_json.go|87|return without blank line|return "null"
.\gitmap\clonenow\parse_schema_json.go|90|return without blank line|return "number"
.\gitmap\clonenow\parse_schema_json.go|101|return without blank line|return jsonStringNonEmpty(obj["httpsUrl"]) || jsonStringNonEmpty(obj["sshUrl"])
.\gitmap\clonenow\parse_schema_json.go|109|return without blank line|return false
.\gitmap\clonenow\parse_schema_json.go|113|return without blank line|return false
.\gitmap\clonenow\parse_schema_json.go|72|monolithic function|length 30
.\gitmap\clonenow\parse_schema_rownum_test.go|18|monolithic function|length 19
.\gitmap\clonenow\parse_schema_test.go|116|monolithic function|length 18
.\gitmap\clonenow\parse_test.go|49|monolithic function|length 22
.\gitmap\clonenow\parse_test.go|73|monolithic function|length 21
.\gitmap\clonenow\parse_test.go|96|monolithic function|length 30
.\gitmap\clonenow\parse_test.go|147|monolithic function|length 26
.\gitmap\clonenow\render.go|26|return without blank line|return err
.\gitmap\clonenow\render.go|30|return without blank line|return err
.\gitmap\clonenow\render.go|64|return without blank line|return err
.\gitmap\clonenow\render.go|69|return without blank line|return err
.\gitmap\clonenow\render.go|76|return without blank line|return detailErr
.\gitmap\clonenow\render.go|79|return without blank line|return err
.\gitmap\clonenow\render.go|60|monolithic function|length 24
.\gitmap\clonepick\execute.go|19|monolithic function|length 21
.\gitmap\clonepick\parse.go|40|return without blank line|return plan, err
.\gitmap\clonepick\parse.go|43|return without blank line|return plan, err
.\gitmap\clonepick\parse.go|48|return without blank line|return plan, err
.\gitmap\clonepick\parse.go|55|return without blank line|return plan, err
.\gitmap\clonepick\parse.go|94|return without blank line|return Flags{
.\gitmap\clonepick\parse.go|114|return without blank line|return fmt.Errorf(constants.ErrClonePickBadMode, mode)
.\gitmap\clonepick\parse.go|124|return without blank line|return fmt.Errorf(constants.ErrClonePickBadDepth, depth)
.\gitmap\clonepick\parse.go|136|return without blank line|return "", fmt.Errorf("%s", constants.MsgClonePickMissingURL)
.\gitmap\clonepick\parse.go|139|return without blank line|return s, nil
.\gitmap\clonepick\parse.go|145|return without blank line|return shorthandToURL("github.com", parts[0], parts[1], mode), nil
.\gitmap\clonepick\parse.go|147|return without blank line|return shorthandToURL(parts[0], parts[1], parts[2], mode), nil
.\gitmap\clonepick\parse.go|160|return without blank line|return fmt.Sprintf("git@%s:%s/%s.git", host, owner, repo)
.\gitmap\clonepick\parse.go|172|return without blank line|return nil, nil
.\gitmap\clonepick\parse.go|175|return without blank line|return nil, fmt.Errorf("%s", constants.MsgClonePickMissingPaths)
.\gitmap\clonepick\parse.go|182|return without blank line|return nil, err
.\gitmap\clonepick\parse.go|201|return without blank line|return "", fmt.Errorf("%s", constants.MsgClonePickPathEmpty)
.\gitmap\clonepick\parse.go|204|return without blank line|return "", fmt.Errorf(constants.MsgClonePickPathAbsolute, p)
.\gitmap\clonepick\parse.go|209|return without blank line|return "", fmt.Errorf(constants.MsgClonePickPathTraversal, p)
.\gitmap\clonepick\parse.go|212|return without blank line|return "", fmt.Errorf(constants.MsgClonePickPathTooLong, p)
.\gitmap\clonepick\parse.go|224|return without blank line|return true
.\gitmap\clonepick\parse.go|231|return without blank line|return true
.\gitmap\clonepick\parse.go|24|monolithic function|length 44
.\gitmap\clonepick\parse.go|133|monolithic function|length 20
.\gitmap\clonepick\parse.go|170|monolithic function|length 23
.\gitmap\clonepick\parse.go|198|monolithic function|length 18
.\gitmap\clonepick\persist.go|23|return without blank line|return 0, nil
.\gitmap\clonepick\persist.go|32|return without blank line|return 0, fmt.Errorf("clone-pick: save selection: %w", err)
.\gitmap\clonepick\picker.go|93|return without blank line|return m.handleKey(t)
.\gitmap\clonepick\picker.go|95|return without blank line|return m.handleResize(t), nil
.\gitmap\clonepick\picker.go|65|monolithic function|length 17
.\gitmap\clonepick\picker_nav.go|35|return without blank line|return 0
.\gitmap\clonepick\picker_nav.go|38|return without blank line|return cursor
.\gitmap\clonepick\picker_nav.go|41|return without blank line|return cursor - height + 1
.\gitmap\clonepick\picker_nav.go|48|return without blank line|return maxOffset
.\gitmap\clonepick\picker_nav.go|58|return without blank line|return a
.\gitmap\clonepick\picker_nav.go|66|return without blank line|return a
.\gitmap\clonepick\picker_nav.go|11|monolithic function|length 17
.\gitmap\clonepick\picker_nav.go|33|monolithic function|length 19
.\gitmap\clonepick\picker_run.go|34|return without blank line|return nil, "", err
.\gitmap\clonepick\picker_run.go|31|monolithic function|length 21
.\gitmap\clonepick\picker_test.go|16|return without blank line|return newPickerModel(paths, preselected)
.\gitmap\clonepick\picker_test.go|20|return without blank line|return tea.KeyMsg{Type: tea.KeyRunes, Runes: []rune(s)}
.\gitmap\clonepick\picker_tree.go|33|return without blank line|return nil, "", fmt.Errorf(constants.ErrClonePickPickerLaunch, err)
.\gitmap\clonepick\picker_tree.go|65|return without blank line|return fmt.Errorf(constants.ErrClonePickGitClone, err)
.\gitmap\clonepick\picker_tree.go|82|return without blank line|return nil, fmt.Errorf(constants.ErrClonePickGitLsTree, err)
.\gitmap\clonepick\picker_tree.go|111|return without blank line|return true
.\gitmap\clonepick\picker_tree.go|30|monolithic function|length 18
.\gitmap\clonepick\picker_tree.go|53|monolithic function|length 16
.\gitmap\clonepick\picker_view.go|19|return without blank line|return "clone-pick: repository has no tracked files\n"
.\gitmap\clonepick\picker_view.go|83|return without blank line|return "[x]"
.\gitmap\clonepick\picker_view.go|85|return without blank line|return "[-]"
.\gitmap\clonepick\picker_view.go|87|return without blank line|return "[ ]"
.\gitmap\clonepick\picker_window_test.go|28|return without blank line|return string(digits[i])
.\gitmap\clonepick\picker_window_test.go|31|return without blank line|return string(digits[i/10]) + string(digits[i%10])
.\gitmap\clonepick\picker_window_test.go|37|monolithic function|length 18
.\gitmap\clonepick\promote.go|35|return without blank line|return tryRenameWithFallback(src, dest)
.\gitmap\clonepick\promote.go|43|return without blank line|return nil
.\gitmap\clonepick\promote.go|46|return without blank line|return mkErr
.\gitmap\clonepick\promote.go|48|return without blank line|return copyTreeThenRemove(src, dest)
.\gitmap\clonepick\promote.go|59|return without blank line|return err
.\gitmap\clonepick\promote.go|63|return without blank line|return relErr
.\gitmap\clonepick\promote.go|69|return without blank line|return walkErr
.\gitmap\clonepick\promote.go|80|return without blank line|return os.MkdirAll(dest, 0o755)
.\gitmap\clonepick\promote.go|83|return without blank line|return copySymlinkEntry(src, dest)
.\gitmap\clonepick\promote.go|86|return without blank line|return nil
.\gitmap\clonepick\promote.go|95|return without blank line|return err
.\gitmap\clonepick\promote.go|97|return without blank line|return os.Symlink(target, dest)
.\gitmap\clonepick\promote.go|106|return without blank line|return err
.\gitmap\clonepick\promote.go|110|return without blank line|return err
.\gitmap\clonepick\promote.go|115|return without blank line|return err
.\gitmap\clonepick\promote.go|56|monolithic function|length 17
.\gitmap\clonepick\promote.go|103|monolithic function|length 21
.\gitmap\clonepick\render.go|32|return without blank line|return err
.\gitmap\clonepick\render.go|37|return without blank line|return err
.\gitmap\clonepick\render.go|18|monolithic function|length 24
.\gitmap\clonepick\replay.go|38|return without blank line|return Plan{}, 0, fmt.Errorf("clone-pick: --replay requires database access")
.\gitmap\clonepick\replay.go|42|return without blank line|return Plan{}, 0, fmt.Errorf(constants.MsgClonePickReplayNotFound, ref)
.\gitmap\clonepick\replay.go|46|return without blank line|return loadByIDOrError(loader, id, ref)
.\gitmap\clonepick\replay.go|50|return without blank line|return Plan{}, 0, fmt.Errorf(constants.MsgClonePickReplayNotFound, ref)
.\gitmap\clonepick\replay.go|59|return without blank line|return Plan{}, 0, fmt.Errorf(constants.MsgClonePickReplayNotFound, ref)
.\gitmap\clonepick\replay.go|61|return without blank line|return plan, sel, nil
.\gitmap\clonepick\replay.go|69|return without blank line|return nil
.\gitmap\clonepick\replay.go|36|monolithic function|length 18
.\gitmap\clonepick\replay_test.go|45|monolithic function|length 18
.\gitmap\clonepick\sparse.go|34|return without blank line|return "", err
.\gitmap\clonepick\sparse.go|37|return without blank line|return dest, err
.\gitmap\clonepick\sparse.go|40|return without blank line|return dest, fmt.Errorf(constants.ErrClonePickGitSparseInit, err)
.\gitmap\clonepick\sparse.go|43|return without blank line|return dest, fmt.Errorf(constants.ErrClonePickGitSparseSet, err)
.\gitmap\clonepick\sparse.go|46|return without blank line|return dest, fmt.Errorf(constants.ErrClonePickGitCheckout, err)
.\gitmap\clonepick\sparse.go|49|return without blank line|return dest, err
.\gitmap\clonepick\sparse.go|60|return without blank line|return promotePreClonedOrError(plan.PreClonedSrc, dest)
.\gitmap\clonepick\sparse.go|63|return without blank line|return fmt.Errorf(constants.ErrClonePickGitClone, err)
.\gitmap\clonepick\sparse.go|71|return without blank line|return nil
.\gitmap\clonepick\sparse.go|74|return without blank line|return fmt.Errorf(constants.ErrClonePickFsRemoveDotGit, err)
.\gitmap\clonepick\sparse.go|76|return without blank line|return nil
.\gitmap\clonepick\sparse.go|81|return without blank line|return fmt.Errorf(constants.ErrClonePickPromoteSrc, err)
.\gitmap\clonepick\sparse.go|83|return without blank line|return nil
.\gitmap\clonepick\sparse.go|93|return without blank line|return "", fmt.Errorf(constants.ErrClonePickFsCreateDest, err)
.\gitmap\clonepick\sparse.go|96|return without blank line|return abs, fmt.Errorf(constants.ErrClonePickFsCreateDest, err)
.\gitmap\clonepick\sparse.go|99|return without blank line|return abs, nil
.\gitmap\clonepick\sparse.go|102|return without blank line|return abs, err
.\gitmap\clonepick\sparse.go|114|return without blank line|return fmt.Errorf(constants.ErrClonePickFsCreateDest, err)
.\gitmap\clonepick\sparse.go|117|return without blank line|return fmt.Errorf("%s", constants.MsgClonePickDestDirty)
.\gitmap\clonepick\sparse.go|170|return without blank line|return runGit(progress, dest, "checkout")
.\gitmap\clonepick\sparse.go|31|monolithic function|length 22
.\gitmap\clonepick\sparse.go|90|monolithic function|length 16
.\gitmap\cloner\audit.go|65|return without blank line|return nil, err
.\gitmap\cloner\audit.go|90|return without blank line|return AuditEntry{
.\gitmap\cloner\audit.go|141|return without blank line|return fmt.Sprintf("%s %s %s %s %s %s",
.\gitmap\cloner\audit.go|155|return without blank line|return err
.\gitmap\cloner\audit.go|159|return without blank line|return err
.\gitmap\cloner\audit.go|171|return without blank line|return err
.\gitmap\cloner\audit.go|174|return without blank line|return nil
.\gitmap\cloner\audit.go|195|return without blank line|return "+"
.\gitmap\cloner\audit.go|197|return without blank line|return "~"
.\gitmap\cloner\audit.go|199|return without blank line|return "="
.\gitmap\cloner\audit.go|201|return without blank line|return "!"
.\gitmap\cloner\audit.go|203|return without blank line|return "?"
.\gitmap\cloner\audit.go|205|return without blank line|return " "
.\gitmap\cloner\audit.go|62|monolithic function|length 19
.\gitmap\cloner\audit.go|85|monolithic function|length 24
.\gitmap\cloner\audit.go|113|monolithic function|length 21
.\gitmap\cloner\audit_test.go|170|return without blank line|return path
.\gitmap\cloner\audit_test.go|19|monolithic function|length 39
.\gitmap\cloner\audit_test.go|63|monolithic function|length 18
.\gitmap\cloner\audit_test.go|106|monolithic function|length 25
.\gitmap\cloner\batchprogress.go|54|return without blank line|return p
.\gitmap\cloner\batchprogress.go|68|return without blank line|return p.stopped
.\gitmap\cloner\batchprogress.go|210|return without blank line|return p.failures
.\gitmap\cloner\batchprogress.go|217|return without blank line|return len(p.failures) > 0
.\gitmap\cloner\batchprogress.go|39|monolithic function|length 16
.\gitmap\cloner\batchprogress.go|102|monolithic function|length 21
.\gitmap\cloner\batchprogress.go|142|monolithic function|length 17
.\gitmap\cloner\batchprogress.go|178|monolithic function|length 17
.\gitmap\cloner\batchprogress_test.go|9|monolithic function|length 19
.\gitmap\cloner\batchprogress_test.go|117|monolithic function|length 27
.\gitmap\cloner\batchreport.go|28|return without blank line|return constants.ExitPartialFailure
.\gitmap\cloner\cache.go|73|return without blank line|return c
.\gitmap\cloner\cache.go|78|return without blank line|return c
.\gitmap\cloner\cache.go|81|return without blank line|return c
.\gitmap\cloner\cache.go|93|return without blank line|return nil
.\gitmap\cloner\cache.go|99|return without blank line|return err
.\gitmap\cloner\cache.go|104|return without blank line|return err
.\gitmap\cloner\cache.go|118|return without blank line|return false
.\gitmap\cloner\cache.go|121|return without blank line|return false
.\gitmap\cloner\cache.go|128|return without blank line|return false
.\gitmap\cloner\cache.go|132|return without blank line|return false
.\gitmap\cloner\cache.go|137|return without blank line|return false
.\gitmap\cloner\cache.go|150|return without blank line|return false
.\gitmap\cloner\cache.go|194|return without blank line|return "", err
.\gitmap\cloner\cache.go|212|return without blank line|return "", err
.\gitmap\cloner\cache.go|216|return without blank line|return "", nil
.\gitmap\cloner\cache.go|221|return without blank line|return "", nil
.\gitmap\cloner\cache.go|64|monolithic function|length 23
.\gitmap\cloner\cache.go|91|monolithic function|length 17
.\gitmap\cloner\cache.go|116|monolithic function|length 38
.\gitmap\cloner\cache.go|158|monolithic function|length 27
.\gitmap\cloner\cache.go|203|monolithic function|length 22
.\gitmap\cloner\cloner.go|47|return without blank line|return CloneFromFileWithOptions(sourcePath, targetDir, CloneOptions{SafePull: safePull})
.\gitmap\cloner\cloner.go|52|return without blank line|return CloneFromFileWithOptions(sourcePath, targetDir, CloneOptions{SafePull: safePull, Quiet: true})
.\gitmap\cloner\cloner.go|60|return without blank line|return model.CloneSummary{}, err
.\gitmap\cloner\cloner.go|76|return without blank line|return nil, fmt.Errorf("open clone source %q: %w", path, err)
.\gitmap\cloner\cloner.go|82|return without blank line|return nil, fmt.Errorf("parse clone source %q: %w", path, err)
.\gitmap\cloner\cloner.go|91|return without blank line|return formatter.ParseCSV(r)
.\gitmap\cloner\cloner.go|94|return without blank line|return formatter.ParseJSON(r)
.\gitmap\cloner\cloner.go|115|return without blank line|return nil, fmt.Errorf("read line %d: %w", lineNum+1, err)
.\gitmap\cloner\cloner.go|145|return without blank line|return true
.\gitmap\cloner\cloner.go|191|return without blank line|return runInteractiveClone(cmd, rec, url, dest, strategy)
.\gitmap\cloner\cloner.go|217|return without blank line|return LFSRetryNote
.\gitmap\cloner\cloner.go|219|return without blank line|return notes + "; " + LFSRetryNote
.\gitmap\cloner\cloner.go|103|monolithic function|length 16
.\gitmap\cloner\cloner.go|179|monolithic function|length 34
.\gitmap\cloner\concurrent_test.go|93|return without blank line|return "sequential"
.\gitmap\cloner\concurrent_test.go|16|monolithic function|length 27
.\gitmap\cloner\concurrent_test.go|54|monolithic function|length 34
.\gitmap\cloner\concurrent_test.go|101|monolithic function|length 16
.\gitmap\cloner\interactive_clone.go|21|return without blank line|return model.CloneResult{Record: rec, IsSuccess: false, Error: msg, Notes: strategy.reason}
.\gitmap\cloner\interactive_clone.go|29|return without blank line|return strings.HasPrefix(lower, constants.PrefixSSH) ||
.\gitmap\cloner\lfs_retry.go|38|return without blank line|return strings.Contains(lower, "smudge filter lfs failed") ||
.\gitmap\cloner\lfs_retry.go|51|return without blank line|return cmd.CombinedOutput()
.\gitmap\cloner\lfs_retry_test.go|5|monolithic function|length 19
.\gitmap\cloner\progress.go|36|return without blank line|return p
.\gitmap\cloner\progress.go|125|return without blank line|return fmt.Sprintf("%.1fs", d.Seconds())
.\gitmap\cloner\progress.go|47|monolithic function|length 25
.\gitmap\cloner\pulldiag.go|16|return without blank line|return false
.\gitmap\cloner\pulldiag.go|21|return without blank line|return false
.\gitmap\cloner\pulldiag.go|38|return without blank line|return true
.\gitmap\cloner\pulldiag.go|76|return without blank line|return false
.\gitmap\cloner\pulldiag.go|81|return without blank line|return true
.\gitmap\cloner\pulldiag.go|127|return without blank line|return trimmed
.\gitmap\cloner\pulldiag.go|14|monolithic function|length 19
.\gitmap\cloner\runners.go|71|return without blank line|return 1
.\gitmap\cloner\runners.go|74|return without blank line|return jobs
.\gitmap\cloner\runners.go|111|return without blank line|return rec.RepoName
.\gitmap\cloner\runners.go|138|return without blank line|return conflicts
.\gitmap\cloner\runners.go|31|monolithic function|length 33
.\gitmap\cloner\safe_pull.go|32|return without blank line|return model.CloneResult{Record: rec, IsSuccess: true, Notes: "skipped (existing directory)"}
.\gitmap\cloner\safe_pull.go|38|return without blank line|return model.CloneResult{Record: rec, IsSuccess: false, Error: msg}
.\gitmap\cloner\safe_pull.go|45|return without blank line|return safePullRepo(rec, dest)
.\gitmap\cloner\safe_pull.go|50|return without blank line|return model.CloneResult{Record: rec, IsSuccess: false, Error: msg}
.\gitmap\cloner\safe_pull.go|57|return without blank line|return IsGitRepo(path)
.\gitmap\cloner\safe_pull.go|76|return without blank line|return safePullRepo(rec, repoDir)
.\gitmap\cloner\safe_pull.go|103|return without blank line|return *successResult
.\gitmap\cloner\safe_pull.go|152|return without blank line|return nil
.\gitmap\cloner\safe_pull.go|154|return without blank line|return os.RemoveAll(dest)
.\gitmap\cloner\safe_pull.go|23|monolithic function|length 31
.\gitmap\cloner\safe_pull.go|79|monolithic function|length 57
.\gitmap\cloner\safe_push.go|37|return without blank line|return *successResult
.\gitmap\cloner\safe_push.go|82|return without blank line|return string(out), err
.\gitmap\cloner\safe_push.go|93|return without blank line|return string(out), err
.\gitmap\cloner\safe_push.go|99|return without blank line|return false
.\gitmap\cloner\safe_push.go|101|return without blank line|return strings.Contains(lower, "fetch first") || strings.Contains(lower, "non-fast-forward")
.\gitmap\cloner\safe_push.go|16|monolithic function|length 56
.\gitmap\cloner\strategy.go|37|return without blank line|return cloneStrategy{
.\gitmap\cloner\strategy.go|50|return without blank line|return cloneStrategy{
.\gitmap\cloner\strategy.go|63|return without blank line|return cloneStrategy{
.\gitmap\cloner\strategy.go|75|return without blank line|return cloneStrategy{
.\gitmap\cloner\strategy.go|80|return without blank line|return cloneStrategy{
.\gitmap\cloner\strategy.go|31|monolithic function|length 58
.\gitmap\cloner\strategy.go|105|monolithic function|length 20
.\gitmap\cloner\strategy_fallback_test.go|31|monolithic function|length 36
.\gitmap\cloner\strategy_fallback_test.go|72|monolithic function|length 19
.\gitmap\cloner\summary.go|22|return without blank line|return fmt.Sprintf("%s (%s)", rec.RepoName, rec.RelativePath)
.\gitmap\cloner\summary.go|24|return without blank line|return rec.RepoName
.\gitmap\cloner\summary.go|26|return without blank line|return rec.RelativePath
.\gitmap\cloner\summary.go|28|return without blank line|return rec.HTTPSUrl
.\gitmap\cloner\summary.go|30|return without blank line|return rec.SSHUrl
.\gitmap\cloner\summary.go|32|return without blank line|return "<unnamed record>"
.\gitmap\cloner\summary.go|43|return without blank line|return rec.SSHUrl
.\gitmap\cloner\summary.go|46|return without blank line|return rec.HTTPSUrl
.\gitmap\cluster\agent.go|17|return without blank line|return err
.\gitmap\cluster\agent.go|25|return without blank line|return err
.\gitmap\cluster\agent_integration_test.go|11|monolithic function|length 45
.\gitmap\cluster\client.go|19|return without blank line|return &NodeClient{id: id, address: address, token: token}
.\gitmap\cluster\client.go|27|return without blank line|return nil, err
.\gitmap\cluster\client.go|29|return without blank line|return rpc.NewClient(conn), nil
.\gitmap\cluster\client.go|36|return without blank line|return err
.\gitmap\cluster\client.go|43|return without blank line|return err
.\gitmap\cluster\client.go|53|return without blank line|return err
.\gitmap\cluster\client.go|59|return without blank line|return client.Call("Server.Ping", args, &reply)
.\gitmap\cluster\dispatcher.go|27|monolithic function|length 128
.\gitmap\cluster\distribution.go|30|return without blank line|return nil
.\gitmap\cluster\distribution.go|84|return without blank line|return active
.\gitmap\cluster\distribution.go|89|return without blank line|return true
.\gitmap\cluster\distribution.go|93|return without blank line|return true
.\gitmap\cluster\distribution.go|96|return without blank line|return false
.\gitmap\cluster\distribution.go|27|monolithic function|length 20
.\gitmap\cluster\distribution.go|51|monolithic function|length 21
.\gitmap\cluster\exec_clone.go|6|return without blank line|return "", "", 0, nil
.\gitmap\cluster\exec_cmd.go|21|return without blank line|return cmd.Run()
.\gitmap\cluster\exec_cmd.go|25|return without blank line|return exec.LookPath(file)
.\gitmap\cluster\exec_cmd.go|29|monolithic function|length 24
.\gitmap\cluster\exec_git.go|9|return without blank line|return ExecCmd(ctx, node, "gitmap pull --all")
.\gitmap\cluster\exec_git.go|14|return without blank line|return ExecCmd(ctx, node, "gitmap push --all")
.\gitmap\cluster\exec_git.go|19|return without blank line|return ExecCmd(ctx, node, "gitmap commit --all")
.\gitmap\cluster\exec_git.go|24|return without blank line|return ExecCmd(ctx, node, "gitmap status --all")
.\gitmap\cluster\exec_git_test.go|20|return without blank line|return []gitExecTestCase{
.\gitmap\cluster\exec_git_test.go|35|return without blank line|return nil
.\gitmap\cluster\exec_install.go|23|return without blank line|return detectWindowsPackageManager(ctx)
.\gitmap\cluster\exec_install.go|25|return without blank line|return detectUnixPackageManager(ctx)
.\gitmap\cluster\exec_install.go|30|return without blank line|return checkManagers(ctx, managers)
.\gitmap\cluster\exec_install.go|35|return without blank line|return checkManagers(ctx, managers)
.\gitmap\cluster\exec_install.go|44|return without blank line|return mgr, nil
.\gitmap\cluster\exec_install.go|47|return without blank line|return "", errors.New(constants.ErrNoPackageManager)
.\gitmap\cluster\exec_install.go|55|return without blank line|return nil, err
.\gitmap\cluster\exec_install.go|51|monolithic function|length 44
.\gitmap\cluster\exec_install_test.go|20|return without blank line|return nil
.\gitmap\cluster\exec_install_test.go|23|return without blank line|return errors.New("not found")
.\gitmap\cluster\exec_install_test.go|29|return without blank line|return errors.New("unexpected command: " + cmdStr)
.\gitmap\cluster\exec_install_test.go|33|return without blank line|return &exec.ExitError{}
.\gitmap\cluster\exec_install_test.go|35|return without blank line|return nil
.\gitmap\cluster\exec_install_test.go|11|monolithic function|length 45
.\gitmap\cluster\exec_lifecycle.go|19|return without blank line|return "", "", constants.ExitCodeError, err
.\gitmap\cluster\exec_lifecycle.go|21|return without blank line|return runCmd(buildRestartCmd(ctx))
.\gitmap\cluster\exec_lifecycle.go|26|return without blank line|return exec.CommandContext(ctx, constants.LifecycleCmdShutdown, constants.ArgRestart, constants.ArgTimeout, constants.ArgZero)
.\gitmap\cluster\exec_lifecycle.go|28|return without blank line|return exec.CommandContext(ctx, constants.LifecycleCmdReboot)
.\gitmap\cluster\exec_lifecycle.go|34|return without blank line|return "", "", constants.ExitCodeError, err
.\gitmap\cluster\exec_lifecycle.go|36|return without blank line|return runCmd(buildShutdownCmd(ctx))
.\gitmap\cluster\exec_lifecycle.go|41|return without blank line|return exec.CommandContext(ctx, constants.LifecycleCmdShutdown, constants.ArgShutdownWin, constants.ArgTimeout, constants.ArgZero)
.\gitmap\cluster\exec_lifecycle.go|43|return without blank line|return exec.CommandContext(ctx, constants.LifecycleCmdShutdown, constants.ArgHalt, constants.ArgNow)
.\gitmap\cluster\exec_lifecycle.go|49|return without blank line|return "", "", constants.ExitCodeError, err
.\gitmap\cluster\exec_lifecycle.go|51|return without blank line|return runCmd(buildLogoffCmd(ctx))
.\gitmap\cluster\exec_lifecycle.go|56|return without blank line|return exec.CommandContext(ctx, constants.LifecycleCmdLogoff)
.\gitmap\cluster\exec_lifecycle.go|58|return without blank line|return exec.CommandContext(ctx, constants.UnixShell, constants.UnixShellArg, constants.LifecycleCmdUnixLogoffArgs)
.\gitmap\cluster\exec_lifecycle.go|63|return without blank line|return errors.New(constants.ErrClusterServerProtected)
.\gitmap\cluster\exec_lifecycle.go|66|return without blank line|return errors.New(constants.ErrClusterLifecycleRequiresForce)
.\gitmap\cluster\exec_lifecycle.go|68|return without blank line|return checkPasswordAuth(node.PasswordHash, providedPassword)
.\gitmap\cluster\exec_lifecycle.go|73|return without blank line|return nil
.\gitmap\cluster\exec_lifecycle.go|76|return without blank line|return errors.New(constants.ErrClusterPasswordRequired)
.\gitmap\cluster\exec_lifecycle.go|79|return without blank line|return errors.New(constants.ErrClusterInvalidPassword)
.\gitmap\cluster\exec_lifecycle.go|81|return without blank line|return nil
.\gitmap\cluster\exec_lifecycle.go|90|return without blank line|return outBuf.String(), errBuf.String(), exitCode, err
.\gitmap\cluster\exec_lifecycle.go|95|return without blank line|return constants.ExitCodeSuccess
.\gitmap\cluster\exec_lifecycle.go|98|return without blank line|return exitErr.ExitCode()
.\gitmap\cluster\exec_lifecycle.go|100|return without blank line|return constants.ExitCodeError
.\gitmap\cluster\exec_lifecycle.go|109|return without blank line|return err
.\gitmap\cluster\exec_lifecycle.go|112|return without blank line|return nil
.\gitmap\cluster\exec_lifecycle.go|120|return without blank line|return ctx.Err()
.\gitmap\cluster\exec_lifecycle.go|122|return without blank line|return nil
.\gitmap\cluster\exec_proj.go|41|return without blank line|return nil, fmt.Errorf("failed to open store: %w", err)
.\gitmap\cluster\exec_proj.go|48|return without blank line|return nil, fmt.Errorf("failed to list repos: %w", err)
.\gitmap\cluster\exec_proj.go|98|return without blank line|return ProjRunResult{
.\gitmap\cluster\exec_proj.go|109|return without blank line|return ProjRunResult{
.\gitmap\cluster\exec_proj.go|135|return without blank line|return db.ResultStatusDeferred, msgCreateCICDStub
.\gitmap\cluster\exec_proj.go|37|monolithic function|length 40
.\gitmap\cluster\exec_proj.go|79|monolithic function|length 52
.\gitmap\cluster\exec_ps.go|32|return without blank line|return "", "", 1, errLook
.\gitmap\cluster\exec_ps.go|39|return without blank line|return "", "pwsh not found, skipping", 0, nil
.\gitmap\cluster\exec_ps.go|19|monolithic function|length 49
.\gitmap\cluster\exec_ps_test.go|26|return without blank line|return "C:\\pwsh.exe", nil
.\gitmap\cluster\exec_ps_test.go|28|return without blank line|return "", errors.New("not found")
.\gitmap\cluster\exec_ps_test.go|36|return without blank line|return nil
.\gitmap\cluster\exec_ps_test.go|68|return without blank line|return "", errors.New("pwsh not found")
.\gitmap\cluster\exec_ps_test.go|71|return without blank line|return "C:\\powershell.exe", nil
.\gitmap\cluster\exec_ps_test.go|73|return without blank line|return "", errors.New("not found")
.\gitmap\cluster\exec_ps_test.go|80|return without blank line|return nil
.\gitmap\cluster\exec_ps_test.go|103|return without blank line|return "/bin/pwsh", nil
.\gitmap\cluster\exec_ps_test.go|105|return without blank line|return "", errors.New("not found")
.\gitmap\cluster\exec_ps_test.go|112|return without blank line|return nil
.\gitmap\cluster\exec_ps_test.go|134|return without blank line|return "", errors.New("pwsh not found")
.\gitmap\cluster\exec_ps_test.go|12|monolithic function|length 40
.\gitmap\cluster\exec_ps_test.go|54|monolithic function|length 33
.\gitmap\cluster\exec_ps_test.go|89|monolithic function|length 30
.\gitmap\cluster\exec_ps_test.go|121|monolithic function|length 29
.\gitmap\cluster\exec_update.go|6|return without blank line|return "", "", 0, nil
.\gitmap\cluster\lsrender.go|11|return without blank line|return ""
.\gitmap\cluster\lsrender.go|79|return without blank line|return sb.String()
.\gitmap\cluster\lsrender.go|84|return without blank line|return str
.\gitmap\cluster\lsrender.go|86|return without blank line|return str + strings.Repeat(" ", length-len(str))
.\gitmap\cluster\lsrender.go|9|monolithic function|length 71
.\gitmap\cluster\node_resolver.go|43|return without blank line|return nil, errors.New(constants.ErrClusterNoNodes)
.\gitmap\cluster\node_resolver.go|51|return without blank line|return nil, errors.New(constants.ErrFilterExclusive)
.\gitmap\cluster\node_resolver.go|78|return without blank line|return true
.\gitmap\cluster\node_resolver.go|84|return without blank line|return true
.\gitmap\cluster\node_resolver.go|87|return without blank line|return false
.\gitmap\cluster\node_resolver.go|101|return without blank line|return true
.\gitmap\cluster\node_resolver.go|107|return without blank line|return true
.\gitmap\cluster\node_resolver.go|111|return without blank line|return true
.\gitmap\cluster\node_resolver.go|114|return without blank line|return false
.\gitmap\cluster\node_resolver.go|121|return without blank line|return false
.\gitmap\cluster\node_resolver.go|128|return without blank line|return false
.\gitmap\cluster\node_resolver.go|133|return without blank line|return true
.\gitmap\cluster\node_resolver.go|137|return without blank line|return false
.\gitmap\cluster\node_resolver.go|143|return without blank line|return false
.\gitmap\cluster\node_resolver.go|148|return without blank line|return true
.\gitmap\cluster\node_resolver.go|163|return without blank line|return true
.\gitmap\cluster\node_resolver.go|166|return without blank line|return false
.\gitmap\cluster\node_resolver.go|171|return without blank line|return true
.\gitmap\cluster\node_resolver.go|175|return without blank line|return false
.\gitmap\cluster\node_resolver.go|181|return without blank line|return false
.\gitmap\cluster\node_resolver.go|186|return without blank line|return true
.\gitmap\cluster\node_resolver.go|199|return without blank line|return included
.\gitmap\cluster\node_resolver.go|209|return without blank line|return excluded
.\gitmap\cluster\node_resolver.go|40|monolithic function|length 32
.\gitmap\cluster\node_resolver.go|90|monolithic function|length 25
.\gitmap\cluster\node_resolver.go|117|monolithic function|length 35
.\gitmap\cluster\node_resolver.go|154|monolithic function|length 36
.\gitmap\cluster\node_resolver_test.go|9|monolithic function|length 24
.\gitmap\cluster\node_resolver_test.go|35|monolithic function|length 70
.\gitmap\cluster\pool.go|20|monolithic function|length 192
.\gitmap\cluster\preflight.go|38|return without blank line|return true, nil
.\gitmap\cluster\preflight.go|45|return without blank line|return false, err
.\gitmap\cluster\preflight.go|50|return without blank line|return isConfirmed, nil
.\gitmap\cluster\preflight.go|14|monolithic function|length 37
.\gitmap\cluster\preflight_test.go|11|monolithic function|length 51
.\gitmap\cluster\registry.go|34|return without blank line|return &Registry{
.\gitmap\cluster\registry.go|86|return without blank line|return snapshot
.\gitmap\cluster\runref.go|22|return without blank line|return "", err
.\gitmap\cluster\runref_test.go|12|monolithic function|length 55
.\gitmap\cluster\server.go|18|return without blank line|return &Server{
.\gitmap\cluster\server.go|39|return without blank line|return errors.New("invalid join token")
.\gitmap\cluster\server.go|43|return without blank line|return nil
.\gitmap\cluster\server.go|60|return without blank line|return nil
.\gitmap\cluster\server.go|77|return without blank line|return nil
.\gitmap\cluster\stream.go|24|return without blank line|return &LogStreamServer{
.\gitmap\cluster\tls.go|19|return without blank line|return nil, err
.\gitmap\cluster\tls.go|36|return without blank line|return nil, err
.\gitmap\cluster\tls.go|43|return without blank line|return nil, err
.\gitmap\cluster\tls.go|49|return without blank line|return nil, err
.\gitmap\cluster\tls.go|16|monolithic function|length 37
.\gitmap\cluster\ui.go|36|return without blank line|return &TerminalUI{
.\gitmap\cluster\ui.go|51|monolithic function|length 23
.\gitmap\cmd\addignoreattrs.go|154|return without blank line|return nil, fmt.Errorf("template %s/%s: %w", kind, lang, err)
.\gitmap\cmd\addignoreattrs.go|247|return without blank line|return kind + "/common"
.\gitmap\cmd\addignoreattrs.go|262|return without blank line|return filepath.Join(root, name), nil
.\gitmap\cmd\addignoreattrs.go|267|return without blank line|return "", cwdErr
.\gitmap\cmd\addignoreattrs.go|72|monolithic function|length 36
.\gitmap\cmd\addignoreattrs.go|127|monolithic function|length 16
.\gitmap\cmd\addignoreattrs.go|185|monolithic function|length 26
.\gitmap\cmd\addignoreattrs.go|217|monolithic function|length 24
.\gitmap\cmd\addignoreattrs.go|274|monolithic function|length 18
.\gitmap\cmd\addignoreattrs.go|310|monolithic function|length 17
.\gitmap\cmd\addignoreattrs_test.go|13|monolithic function|length 26
.\gitmap\cmd\addlfsinstall.go|114|return without blank line|return filepath.Join(root, ".gitattributes"), nil
.\gitmap\cmd\addlfsinstall.go|119|return without blank line|return "", cwdErr
.\gitmap\cmd\addlfsinstall.go|185|return without blank line|return "created"
.\gitmap\cmd\addlfsinstall.go|187|return without blank line|return "inserted block into"
.\gitmap\cmd\addlfsinstall.go|189|return without blank line|return "updated block in"
.\gitmap\cmd\addlfsinstall.go|191|return without blank line|return "wrote"
.\gitmap\cmd\addlfsinstall.go|42|monolithic function|length 51
.\gitmap\cmd\addlfsinstall.go|161|monolithic function|length 18
.\gitmap\cmd\alias.go|22|monolithic function|length 29
.\gitmap\cmd\aliasops.go|38|return without blank line|return 1
.\gitmap\cmd\aliasops.go|45|return without blank line|return 1
.\gitmap\cmd\aliasops.go|51|return without blank line|return updateAliasAndReturn(db, alias, repoID, slug)
.\gitmap\cmd\aliasops.go|60|return without blank line|return 1
.\gitmap\cmd\aliasops.go|64|return without blank line|return 0
.\gitmap\cmd\aliasops.go|70|return without blank line|return 1
.\gitmap\cmd\aliasops.go|74|return without blank line|return 0
.\gitmap\cmd\aliasops.go|96|return without blank line|return 1
.\gitmap\cmd\aliasops.go|102|return without blank line|return 1
.\gitmap\cmd\aliasops.go|105|return without blank line|return 0
.\gitmap\cmd\aliasops.go|121|return without blank line|return 1
.\gitmap\cmd\aliasops.go|128|return without blank line|return 1
.\gitmap\cmd\aliasops.go|132|return without blank line|return 0
.\gitmap\cmd\aliasops.go|177|return without blank line|return strings.Contains(err.Error(), "Scan error") ||
.\gitmap\cmd\aliasops.go|34|monolithic function|length 21
.\gitmap\cmd\aliasops.go|117|monolithic function|length 16
.\gitmap\cmd\aliasops.go|151|monolithic function|length 22
.\gitmap\cmd\aliasresolve.go|26|return without blank line|return extractStandaloneAliasFlag(args, i)
.\gitmap\cmd\aliasresolve.go|30|return without blank line|return arg[3:], removeElements(args, i, 1)
.\gitmap\cmd\aliasresolve.go|33|return without blank line|return arg[8:], removeElements(args, i, 1)
.\gitmap\cmd\aliasresolve.go|43|return without blank line|return args[index+1], removeElements(args, index, 2)
.\gitmap\cmd\aliasresolve.go|48|return without blank line|return "", nil
.\gitmap\cmd\aliasresolve.go|53|return without blank line|return len(arg) > len(prefix) && arg[:len(prefix)] == prefix
.\gitmap\cmd\aliasresolve.go|94|return without blank line|return ""
.\gitmap\cmd\aliasresolve.go|103|return without blank line|return ""
.\gitmap\cmd\aliasresolve.go|111|return without blank line|return aliasContext != nil
.\gitmap\cmd\aliasresolve.go|118|return without blank line|return nil
.\gitmap\cmd\aliasresolve.go|67|monolithic function|length 22
.\gitmap\cmd\aliassuggest.go|15|monolithic function|length 25
.\gitmap\cmd\aliassuggest.go|52|monolithic function|length 24
.\gitmap\cmd\amend.go|38|return without blank line|return f
.\gitmap\cmd\amend.go|52|return without blank line|return args
.\gitmap\cmd\amend.go|55|return without blank line|return args
.\gitmap\cmd\amend.go|58|return without blank line|return args[1:]
.\gitmap\cmd\amend.go|92|return without blank line|return commits
.\gitmap\cmd\amend.go|125|return without blank line|return f.branch
.\gitmap\cmd\amend.go|127|return without blank line|return getCurrentBranch()
.\gitmap\cmd\amend.go|133|return without blank line|return constants.AmendModeAll
.\gitmap\cmd\amend.go|136|return without blank line|return constants.AmendModeHead
.\gitmap\cmd\amend.go|138|return without blank line|return constants.AmendModeRange
.\gitmap\cmd\amendaudit.go|18|monolithic function|length 21
.\gitmap\cmd\amendaudit.go|42|monolithic function|length 27
.\gitmap\cmd\amendaudit.go|72|monolithic function|length 27
.\gitmap\cmd\amendauditjson_contract_test.go|22|return without blank line|return model.AmendmentRecord{
.\gitmap\cmd\amendauditjson_contract_test.go|21|monolithic function|length 23
.\gitmap\cmd\amendauditrender.go|46|return without blank line|return err
.\gitmap\cmd\amendauditrender.go|51|return without blank line|return err
.\gitmap\cmd\amendauditrender.go|56|return without blank line|return err
.\gitmap\cmd\amendauditrender.go|82|return without blank line|return nil, err
.\gitmap\cmd\amendauditrender.go|101|return without blank line|return nil, err
.\gitmap\cmd\amendauditrender.go|43|monolithic function|length 29
.\gitmap\cmd\amendaudit_jsonschema_contract_test.go|49|monolithic function|length 18
.\gitmap\cmd\amendexec.go|17|return without blank line|return []string{"log", "--format=%H %s", "--reverse"}
.\gitmap\cmd\amendexec.go|19|return without blank line|return []string{"log", "--format=%H %s", "-1"}
.\gitmap\cmd\amendexec.go|21|return without blank line|return []string{"log", "--format=%H %s", "--reverse", f.commitHash + "^.." + constants.GitHEAD}
.\gitmap\cmd\amendexec.go|31|return without blank line|return nil
.\gitmap\cmd\amendexec.go|33|return without blank line|return parseCommitLines(string(out))
.\gitmap\cmd\amendexec.go|45|return without blank line|return entries
.\gitmap\cmd\amendexec.go|50|return without blank line|return model.CommitEntry{}, false
.\gitmap\cmd\amendexec.go|57|return without blank line|return model.CommitEntry{SHA: parts[0], Message: msg}, true
.\gitmap\cmd\amendexec.go|64|return without blank line|return ""
.\gitmap\cmd\amendexec.go|66|return without blank line|return strings.TrimSpace(string(out))
.\gitmap\cmd\amendexec.go|72|return without blank line|return "", ""
.\gitmap\cmd\amendexec.go|75|return without blank line|return getGitAuthorField(sha, "--format=%an"), getGitAuthorField(sha, "--format=%ae")
.\gitmap\cmd\amendexec.go|82|return without blank line|return constants.DefaultBranch
.\gitmap\cmd\amendexec.go|84|return without blank line|return strings.TrimSpace(string(out))
.\gitmap\cmd\amendexec.go|100|return without blank line|return []string{"filter-branch", "-f", "--env-filter", envFilter, "--", constants.GitHEAD}
.\gitmap\cmd\amendexec.go|102|return without blank line|return []string{"filter-branch", "-f", "--env-filter", envFilter, f.commitHash + "^.." + constants.GitHEAD}
.\gitmap\cmd\amendlist.go|36|return without blank line|return true
.\gitmap\cmd\amendlist.go|52|return without blank line|return n
.\gitmap\cmd\amendlist.go|63|return without blank line|return args[i+1]
.\gitmap\cmd\amendlist.go|98|return without blank line|return amendments
.\gitmap\cmd\amendlist.go|14|monolithic function|length 16
.\gitmap\cmd\amendlist.go|71|monolithic function|length 22
.\gitmap\cmd\amendlistjson_contract_test.go|37|return without blank line|return store.AmendmentRow{
.\gitmap\cmd\amendlistrender.go|40|return without blank line|return stablejson.WriteArray(w, buildAmendListJSONItems(rows))
.\gitmap\cmd\amendlistrender.go|45|monolithic function|length 20
.\gitmap\cmd\amendlist_jsonschema_contract_test.go|38|monolithic function|length 17
.\gitmap\cmd\amendlist_jsonschema_contract_test.go|60|monolithic function|length 19
.\gitmap\cmd\as.go|67|return without blank line|return rest[0], *force
.\gitmap\cmd\as.go|78|return without blank line|return "", err
.\gitmap\cmd\as.go|83|return without blank line|return "", fmt.Errorf("empty top-level")
.\gitmap\cmd\as.go|25|monolithic function|length 23
.\gitmap\cmd\as.go|51|monolithic function|length 20
.\gitmap\cmd\asops.go|13|monolithic function|length 19
.\gitmap\cmd\asops.go|36|monolithic function|length 17
.\gitmap\cmd\asops.go|56|monolithic function|length 16
.\gitmap\cmd\audit.go|17|return without blank line|return 0, start, false
.\gitmap\cmd\audit.go|33|return without blank line|return command != constants.CmdVersion && command != constants.CmdVersionAlias
.\gitmap\cmd\audit.go|51|return without blank line|return 0, start, false
.\gitmap\cmd\audit.go|92|return without blank line|return nil, err
.\gitmap\cmd\audit.go|133|return without blank line|return command
.\gitmap\cmd\audit.go|37|monolithic function|length 24
.\gitmap\cmd\audit.go|64|monolithic function|length 22
.\gitmap\cmd\auditlegacy.go|77|return without blank line|return nil
.\gitmap\cmd\auditlegacy.go|80|return without blank line|return skipAuditDir(d.Name())
.\gitmap\cmd\auditlegacy.go|84|return without blank line|return nil
.\gitmap\cmd\auditlegacy.go|97|return without blank line|return fs.SkipDir
.\gitmap\cmd\auditlegacy.go|111|return without blank line|return false
.\gitmap\cmd\auditlegacy.go|122|return without blank line|return nil
.\gitmap\cmd\auditlegacy.go|38|monolithic function|length 17
.\gitmap\cmd\auditlegacy_diffs.go|31|return without blank line|return nil
.\gitmap\cmd\auditlegacy_diffs.go|49|return without blank line|return filepath.Join(filepath.Dir(reportPath), constants.DefaultAuditLegacyDiffsDir)
.\gitmap\cmd\auditlegacy_diffs.go|70|return without blank line|return auditDiffPlan{}, false
.\gitmap\cmd\auditlegacy_diffs.go|99|return without blank line|return filepath.ToSlash(diffPath)
.\gitmap\cmd\auditlegacy_diffs.go|29|monolithic function|length 16
.\gitmap\cmd\auditlegacy_diff_render.go|31|return without blank line|return "", err
.\gitmap\cmd\auditlegacy_diff_render.go|42|return without blank line|return nil, err
.\gitmap\cmd\auditlegacy_parse.go|25|return without blank line|return auditLegacyOpts{}, err
.\gitmap\cmd\auditlegacy_parse.go|30|return without blank line|return auditLegacyOpts{}, err
.\gitmap\cmd\auditlegacy_parse.go|56|return without blank line|return ""
.\gitmap\cmd\auditlegacy_parse.go|59|return without blank line|return constants.DefaultAuditLegacyReport
.\gitmap\cmd\auditlegacy_parse.go|77|return without blank line|return nil, nil, err
.\gitmap\cmd\auditlegacy_parse.go|90|return without blank line|return nil, fmt.Errorf(constants.ErrAuditLegacyRegex, p, err)
.\gitmap\cmd\auditlegacy_parse.go|14|monolithic function|length 24
.\gitmap\cmd\auditlegacy_parse.go|66|monolithic function|length 18
.\gitmap\cmd\auditlegacy_report.go|39|return without blank line|return err
.\gitmap\cmd\auditlegacy_report.go|49|return without blank line|return nil
.\gitmap\cmd\auditlegacy_report.go|202|return without blank line|return out[i].count > out[j].count
.\gitmap\cmd\auditlegacy_report.go|191|monolithic function|length 18
.\gitmap\cmd\backup.go|106|return without blank line|return "", err
.\gitmap\cmd\backup.go|116|return without blank line|return nil, nil
.\gitmap\cmd\backup.go|121|return without blank line|return nil, err
.\gitmap\cmd\backup.go|162|return without blank line|return t
.\gitmap\cmd\backup.go|274|return without blank line|return fmt.Sprintf("%d B", n)
.\gitmap\cmd\backup.go|280|return without blank line|return fmt.Sprintf("%.1f %s", f, u)
.\gitmap\cmd\backup.go|37|monolithic function|length 16
.\gitmap\cmd\backup.go|56|monolithic function|length 17
.\gitmap\cmd\backup.go|76|monolithic function|length 24
.\gitmap\cmd\backup.go|114|monolithic function|length 18
.\gitmap\cmd\backup.go|135|monolithic function|length 20
.\gitmap\cmd\backup.go|184|monolithic function|length 25
.\gitmap\cmd\backup.go|212|monolithic function|length 26
.\gitmap\cmd\backup.go|241|monolithic function|length 27
.\gitmap\cmd\binarylocations.go|41|return without blank line|return true
.\gitmap\cmd\binarylocations.go|45|return without blank line|return true
.\gitmap\cmd\binarylocations.go|56|return without blank line|return ""
.\gitmap\cmd\binarylocations.go|60|return without blank line|return filepath.Clean(exe)
.\gitmap\cmd\binarylocations.go|72|return without blank line|return "", ""
.\gitmap\cmd\binarylocations.go|77|return without blank line|return "", ""
.\gitmap\cmd\binarylocations.go|82|return without blank line|return "", ""
.\gitmap\cmd\binarylocations.go|101|return without blank line|return constants.BinaryReadoutMissing
.\gitmap\cmd\binarylocations.go|70|monolithic function|length 26
.\gitmap\cmd\bookmark.go|25|monolithic function|length 24
.\gitmap\cmd\bookmarklist.go|40|return without blank line|return true
.\gitmap\cmd\bookmarklist.go|12|monolithic function|length 22
.\gitmap\cmd\bookmarklist.go|80|monolithic function|length 21
.\gitmap\cmd\bookmarklistjson_contract_test.go|34|return without blank line|return model.BookmarkRecord{
.\gitmap\cmd\bookmarklistrender.go|29|return without blank line|return stablejson.WriteArray(w, buildBookmarkListJSONItems(records))
.\gitmap\cmd\bookmarklist_jsonschema_contract_test.go|28|monolithic function|length 17
.\gitmap\cmd\bookmarklist_jsonschema_contract_test.go|50|monolithic function|length 19
.\gitmap\cmd\bookmarkrun.go|55|return without blank line|return nil
.\gitmap\cmd\bookmarkrun.go|23|monolithic function|length 16
.\gitmap\cmd\bookmarksave.go|42|monolithic function|length 24
.\gitmap\cmd\branch.go|52|monolithic function|length 16
.\gitmap\cmd\capturestderr_testhelper_test.go|86|return without blank line|return 0
.\gitmap\cmd\capturestderr_testhelper_test.go|88|return without blank line|return out
.\gitmap\cmd\capturestderr_testhelper_test.go|28|monolithic function|length 24
.\gitmap\cmd\capturestderr_testhelper_test.go|56|monolithic function|length 24
.\gitmap\cmd\cat.go|9|monolithic function|length 18
.\gitmap\cmd\cd.go|25|monolithic function|length 18
.\gitmap\cmd\cddefault.go|29|monolithic function|length 17
.\gitmap\cmd\cdops.go|86|return without blank line|return repos
.\gitmap\cmd\cdops.go|100|return without blank line|return records[0].AbsolutePath
.\gitmap\cmd\cdops.go|105|return without blank line|return dflt
.\gitmap\cmd\cdops.go|177|return without blank line|return loadCDGroupRepos(db, group)
.\gitmap\cmd\cdops.go|21|monolithic function|length 26
.\gitmap\cmd\cdops.go|74|monolithic function|length 21
.\gitmap\cmd\cdops.go|142|monolithic function|length 18
.\gitmap\cmd\cfrppriorversion.go|60|return without blank line|return "", 0
.\gitmap\cmd\cfrppriorversion.go|66|return without blank line|return "", 0
.\gitmap\cmd\cfrppriorversion.go|78|return without blank line|return visibilityContext{}, false
.\gitmap\cmd\cfrppriorversion.go|84|return without blank line|return visibilityContext{}, false
.\gitmap\cmd\cfrppriorversion.go|149|return without blank line|return false
.\gitmap\cmd\cfrppriorversion.go|22|monolithic function|length 30
.\gitmap\cmd\cfrppriorversion.go|75|monolithic function|length 19
.\gitmap\cmd\cfrppriorversion.go|100|monolithic function|length 39
.\gitmap\cmd\cg.go|78|return without blank line|return []string{}
.\gitmap\cmd\cg.go|85|return without blank line|return []string{}
.\gitmap\cmd\cg.go|100|return without blank line|return repos
.\gitmap\cmd\cg.go|117|return without blank line|return filtered
.\gitmap\cmd\cg.go|21|monolithic function|length 32
.\gitmap\cmd\cg.go|71|monolithic function|length 25
.\gitmap\cmd\cg.go|98|monolithic function|length 20
.\gitmap\cmd\cg_worker.go|49|return without blank line|return cmd.Run()
.\gitmap\cmd\changelog.go|38|return without blank line|return "", true
.\gitmap\cmd\changelog.go|82|return without blank line|return entries
.\gitmap\cmd\changelog.go|101|return without blank line|return map[string]string{}
.\gitmap\cmd\changelog.go|107|return without blank line|return map[string]string{}
.\gitmap\cmd\changelog.go|173|return without blank line|return err
.\gitmap\cmd\changelog.go|59|monolithic function|length 18
.\gitmap\cmd\changelog.go|98|monolithic function|length 18
.\gitmap\cmd\changelog.go|131|monolithic function|length 17
.\gitmap\cmd\changeloggen.go|62|return without blank line|return "Unreleased"
.\gitmap\cmd\changeloggen.go|13|monolithic function|length 33
.\gitmap\cmd\changeloggen.go|75|monolithic function|length 16
.\gitmap\cmd\changelogprint.go|27|return without blank line|return entry.Bullets
.\gitmap\cmd\changelogprint.go|89|return without blank line|return c
.\gitmap\cmd\changelogprint.go|108|return without blank line|return bullet.Marker
.\gitmap\cmd\changelogprint.go|111|return without blank line|return constants.ChangelogPrettyMarkerL0
.\gitmap\cmd\changelogprint.go|114|return without blank line|return constants.ChangelogPrettyMarkerL1
.\gitmap\cmd\changelogprint.go|123|return without blank line|return constants.ColorGreen
.\gitmap\cmd\changelogprint.go|126|return without blank line|return constants.ColorCyan
.\gitmap\cmd\changelogprint.go|41|monolithic function|length 18
.\gitmap\cmd\changelogwrap.go|27|return without blank line|return constants.ChangelogPrettyWrapMin
.\gitmap\cmd\changelogwrap.go|30|return without blank line|return constants.ChangelogPrettyWrapMax
.\gitmap\cmd\changelogwrap.go|50|return without blank line|return stripInlineMarkdown(text)
.\gitmap\cmd\changelogwrap.go|142|return without blank line|return prefix + "\n"
.\gitmap\cmd\changelogwrap.go|184|return without blank line|return i
.\gitmap\cmd\changelogwrap.go|194|return without blank line|return ""
.\gitmap\cmd\changelogwrap.go|17|monolithic function|length 17
.\gitmap\cmd\changelogwrap.go|70|monolithic function|length 22
.\gitmap\cmd\changelogwrap.go|110|monolithic function|length 27
.\gitmap\cmd\changelogwrap.go|140|monolithic function|length 17
.\gitmap\cmd\changelogwrap_test.go|58|monolithic function|length 16
.\gitmap\cmd\changelog_regen.go|41|return without blank line|return err
.\gitmap\cmd\changelog_regen.go|52|return without blank line|return nil
.\gitmap\cmd\changelog_regen.go|72|return without blank line|return out
.\gitmap\cmd\changelog_regen.go|77|return without blank line|return compareSemverDesc(m[i].Version, m[j].Version)
.\gitmap\cmd\changelog_regen.go|87|return without blank line|return pa[i] > pb[i]
.\gitmap\cmd\changelog_regen.go|90|return without blank line|return false
.\gitmap\cmd\changelog_regen.go|100|return without blank line|return out
.\gitmap\cmd\changelog_regen.go|55|monolithic function|length 18
.\gitmap\cmd\changelog_regen_test.go|11|monolithic function|length 24
.\gitmap\cmd\chrome.go|13|monolithic function|length 22
.\gitmap\cmd\chromeprofile.go|112|return without blank line|return chromeExportRecord{}
.\gitmap\cmd\chromeprofile.go|122|return without blank line|return rec
.\gitmap\cmd\chromeprofile.go|135|return without blank line|return constants.MsgChromeProfileArtifactNA
.\gitmap\cmd\chromeprofile.go|137|return without blank line|return path
.\gitmap\cmd\chromeprofile.go|233|return without blank line|return filepath.Join(constants.GitMapDir, "chrome", name+constants.ExtJSON)
.\gitmap\cmd\chromeprofile.go|240|return without blank line|return nil, fmt.Errorf("read %s: %w", path, err)
.\gitmap\cmd\chromeprofile.go|244|return without blank line|return nil, fmt.Errorf("parse %s: %w", path, err)
.\gitmap\cmd\chromeprofile.go|246|return without blank line|return &exp, nil
.\gitmap\cmd\chromeprofile.go|25|monolithic function|length 43
.\gitmap\cmd\chromeprofile.go|107|monolithic function|length 16
.\gitmap\cmd\chromeprofile.go|141|monolithic function|length 39
.\gitmap\cmd\chromeprofile.go|185|monolithic function|length 22
.\gitmap\cmd\chromeprofile.go|210|monolithic function|length 18
.\gitmap\cmd\chromeprofile_copy.go|19|return without blank line|return 0, newChromeProfileCopyError(src, dst, constants.ChromeProfileCopyOpMkdir, err)
.\gitmap\cmd\chromeprofile_copy.go|21|return without blank line|return copyChromeProfileEntries(src, dst)
.\gitmap\cmd\chromeprofile_copy.go|29|return without blank line|return total, err
.\gitmap\cmd\chromeprofile_copy.go|33|return without blank line|return total, nil
.\gitmap\cmd\chromeprofile_copy.go|44|return without blank line|return fmt.Sprintf("%s %s -> %s: %v", e.Op, e.Source, e.Target, e.Err)
.\gitmap\cmd\chromeprofile_copy.go|50|return without blank line|return &chromeProfileCopyError{Source: src, Target: dst, Op: op, Err: err}
.\gitmap\cmd\chromeprofile_copy.go|57|return without blank line|return handleCopyStatError(src, dst, err)
.\gitmap\cmd\chromeprofile_copy.go|60|return without blank line|return copyDir(src, dst)
.\gitmap\cmd\chromeprofile_copy.go|62|return without blank line|return copyRegularFile(src, dst)
.\gitmap\cmd\chromeprofile_copy.go|67|return without blank line|return 0, nil
.\gitmap\cmd\chromeprofile_copy.go|69|return without blank line|return 0, newChromeProfileCopyError(src, dst, constants.ChromeProfileCopyOpStat, err)
.\gitmap\cmd\chromeprofile_copy.go|75|return without blank line|return 0, err
.\gitmap\cmd\chromeprofile_copy.go|77|return without blank line|return 1, nil
.\gitmap\cmd\chromeprofile_copy.go|84|return without blank line|return handleChromeFileOpenError(src, dst, err)
.\gitmap\cmd\chromeprofile_copy.go|87|return without blank line|return writeChromeProfileCopyFile(in, src, dst)
.\gitmap\cmd\chromeprofile_copy.go|93|return without blank line|return false, nil
.\gitmap\cmd\chromeprofile_copy.go|95|return without blank line|return false, newChromeProfileCopyError(src, dst, constants.ChromeProfileCopyOpRead, err)
.\gitmap\cmd\chromeprofile_copy.go|100|return without blank line|return false, newChromeProfileCopyError(src, dst, constants.ChromeProfileCopyOpMkdir, err)
.\gitmap\cmd\chromeprofile_copy.go|104|return without blank line|return false, newChromeProfileCopyError(src, dst, constants.ChromeProfileCopyOpWrite, err)
.\gitmap\cmd\chromeprofile_copy.go|108|return without blank line|return handleChromeFileCopyError(src, dst, err)
.\gitmap\cmd\chromeprofile_copy.go|110|return without blank line|return true, nil
.\gitmap\cmd\chromeprofile_copy.go|116|return without blank line|return false, nil
.\gitmap\cmd\chromeprofile_copy.go|118|return without blank line|return false, newChromeProfileCopyError(src, dst, constants.ChromeProfileCopyOpWrite, err)
.\gitmap\cmd\chromeprofile_copy.go|124|return without blank line|return 0, newChromeProfileCopyError(src, dst, constants.ChromeProfileCopyOpMkdir, err)
.\gitmap\cmd\chromeprofile_copy.go|128|return without blank line|return 0, newChromeProfileCopyError(src, dst, constants.ChromeProfileCopyOpList, err)
.\gitmap\cmd\chromeprofile_copy.go|130|return without blank line|return copyDirEntries(entries, src, dst)
.\gitmap\cmd\chromeprofile_copy.go|138|return without blank line|return total, err
.\gitmap\cmd\chromeprofile_copy.go|142|return without blank line|return total, nil
.\gitmap\cmd\chromeprofile_copy.go|146|return without blank line|return filepath.Base(path) == constants.ChromeProfileLockFileName
.\gitmap\cmd\chromeprofile_copy.go|172|return without blank line|return *copyErr
.\gitmap\cmd\chromeprofile_copy.go|174|return without blank line|return chromeProfileCopyError{Source: constants.ChromeProfileCopyUnknown, Op: constants.ChromeProfileCopyOpCopy, Err: err}
.\gitmap\cmd\chromeprofile_copy_test.go|42|monolithic function|length 16
.\gitmap\cmd\chromeprofile_csv.go|22|return without blank line|return 0, fmt.Errorf("mkdir %s: %w", filepath.Dir(outPath), err)
.\gitmap\cmd\chromeprofile_csv.go|26|return without blank line|return 0, fmt.Errorf("create %s: %w", outPath, err)
.\gitmap\cmd\chromeprofile_csv.go|32|return without blank line|return 0, err
.\gitmap\cmd\chromeprofile_csv.go|37|return without blank line|return 0, err
.\gitmap\cmd\chromeprofile_csv.go|42|return without blank line|return int(info.Size()), nil
.\gitmap\cmd\chromeprofile_csv.go|56|return without blank line|return rows
.\gitmap\cmd\chromeprofile_csv.go|63|return without blank line|return nil
.\gitmap\cmd\chromeprofile_csv.go|67|return without blank line|return nil
.\gitmap\cmd\chromeprofile_csv.go|76|return without blank line|return out
.\gitmap\cmd\chromeprofile_csv.go|86|return without blank line|return ""
.\gitmap\cmd\chromeprofile_csv.go|91|return without blank line|return ""
.\gitmap\cmd\chromeprofile_csv.go|93|return without blank line|return fmt.Sprintf("%v", cur)
.\gitmap\cmd\chromeprofile_csv.go|100|return without blank line|return nil
.\gitmap\cmd\chromeprofile_csv.go|109|return without blank line|return nil
.\gitmap\cmd\chromeprofile_csv.go|115|return without blank line|return out
.\gitmap\cmd\chromeprofile_csv.go|20|monolithic function|length 23
.\gitmap\cmd\chromeprofile_csv.go|60|monolithic function|length 17
.\gitmap\cmd\chromeprofile_csv.go|97|monolithic function|length 19
.\gitmap\cmd\chromeprofile_csv_test.go|34|return without blank line|return dir
.\gitmap\cmd\chromeprofile_csv_test.go|103|return without blank line|return true
.\gitmap\cmd\chromeprofile_csv_test.go|106|return without blank line|return false
.\gitmap\cmd\chromeprofile_csv_test.go|112|return without blank line|return true
.\gitmap\cmd\chromeprofile_csv_test.go|115|return without blank line|return false
.\gitmap\cmd\chromeprofile_csv_test.go|18|monolithic function|length 17
.\gitmap\cmd\chromeprofile_csv_test.go|37|monolithic function|length 24
.\gitmap\cmd\chromeprofile_csv_test.go|63|monolithic function|length 16
.\gitmap\cmd\chromeprofile_csv_test.go|81|monolithic function|length 17
.\gitmap\cmd\chromeprofile_db.go|27|monolithic function|length 27
.\gitmap\cmd\chromeprofile_delete.go|59|return without blank line|return name, confirmed && name != ""
.\gitmap\cmd\chromeprofile_delete.go|75|return without blank line|return count
.\gitmap\cmd\chromeprofile_delete.go|16|monolithic function|length 28
.\gitmap\cmd\chromeprofile_export.go|43|return without blank line|return 0, fmt.Errorf("marshal export: %w", err)
.\gitmap\cmd\chromeprofile_export.go|46|return without blank line|return 0, fmt.Errorf("mkdir %s: %w", filepath.Dir(outPath), err)
.\gitmap\cmd\chromeprofile_export.go|49|return without blank line|return 0, fmt.Errorf("write %s: %w", outPath, err)
.\gitmap\cmd\chromeprofile_export.go|51|return without blank line|return len(raw), nil
.\gitmap\cmd\chromeprofile_export.go|59|return without blank line|return fmt.Errorf("mkdir %s: %w", dstProfile, err)
.\gitmap\cmd\chromeprofile_export.go|62|return without blank line|return err
.\gitmap\cmd\chromeprofile_export.go|65|return without blank line|return err
.\gitmap\cmd\chromeprofile_export.go|68|return without blank line|return nil
.\gitmap\cmd\chromeprofile_export.go|72|return without blank line|return err
.\gitmap\cmd\chromeprofile_export.go|74|return without blank line|return nil
.\gitmap\cmd\chromeprofile_export.go|81|return without blank line|return nil
.\gitmap\cmd\chromeprofile_export.go|84|return without blank line|return nil
.\gitmap\cmd\chromeprofile_export.go|86|return without blank line|return json.RawMessage(raw)
.\gitmap\cmd\chromeprofile_export.go|92|return without blank line|return nil
.\gitmap\cmd\chromeprofile_export.go|94|return without blank line|return os.WriteFile(path, payload, constants.FilePermission)
.\gitmap\cmd\chromeprofile_export.go|102|return without blank line|return nil
.\gitmap\cmd\chromeprofile_export.go|110|return without blank line|return ids
.\gitmap\cmd\chromeprofile_export.go|119|return without blank line|return out
.\gitmap\cmd\chromeprofile_export.go|31|monolithic function|length 21
.\gitmap\cmd\chromeprofile_export.go|57|monolithic function|length 18
.\gitmap\cmd\chromeprofile_import_csv.go|22|return without blank line|return readChromeExportCSV(path)
.\gitmap\cmd\chromeprofile_import_csv.go|24|return without blank line|return readChromeExport(path)
.\gitmap\cmd\chromeprofile_import_csv.go|30|return without blank line|return nil, fmt.Errorf("read %s: %w", path, err)
.\gitmap\cmd\chromeprofile_import_csv.go|37|return without blank line|return nil, fmt.Errorf("parse %s: %w", path, err)
.\gitmap\cmd\chromeprofile_import_csv.go|39|return without blank line|return rows, nil
.\gitmap\cmd\chromeprofile_import_csv.go|48|return without blank line|return nil, err
.\gitmap\cmd\chromeprofile_import_csv.go|54|return without blank line|return exp, nil
.\gitmap\cmd\chromeprofile_merge.go|99|return without blank line|return mergeStats{a.added + b.added, a.skipped + b.skipped, a.overwrote + b.overwrote}
.\gitmap\cmd\chromeprofile_merge.go|106|return without blank line|return true
.\gitmap\cmd\chromeprofile_merge.go|108|return without blank line|return false
.\gitmap\cmd\chromeprofile_merge.go|115|return without blank line|return mergeJSONFile(
.\gitmap\cmd\chromeprofile_merge.go|127|return without blank line|return stats
.\gitmap\cmd\chromeprofile_merge.go|132|return without blank line|return stats
.\gitmap\cmd\chromeprofile_merge.go|139|return without blank line|return stats
.\gitmap\cmd\chromeprofile_merge.go|144|return without blank line|return stats
.\gitmap\cmd\chromeprofile_merge.go|178|return without blank line|return s
.\gitmap\cmd\chromeprofile_merge.go|188|return without blank line|return mergeKeep
.\gitmap\cmd\chromeprofile_merge.go|191|return without blank line|return mergeOverwrite
.\gitmap\cmd\chromeprofile_merge.go|194|return without blank line|return mergeKeep
.\gitmap\cmd\chromeprofile_merge.go|196|return without blank line|return promptMergeDecision(key, pol)
.\gitmap\cmd\chromeprofile_merge.go|204|return without blank line|return mergeOverwrite
.\gitmap\cmd\chromeprofile_merge.go|207|return without blank line|return mergeOverwrite
.\gitmap\cmd\chromeprofile_merge.go|210|return without blank line|return mergeKeep
.\gitmap\cmd\chromeprofile_merge.go|215|return without blank line|return mergeKeep
.\gitmap\cmd\chromeprofile_merge.go|220|return without blank line|return k
.\gitmap\cmd\chromeprofile_merge.go|222|return without blank line|return prefix + "." + k
.\gitmap\cmd\chromeprofile_merge.go|228|return without blank line|return nil, err
.\gitmap\cmd\chromeprofile_merge.go|232|return without blank line|return nil, fmt.Errorf("parse %s: %w", path, err)
.\gitmap\cmd\chromeprofile_merge.go|234|return without blank line|return m, nil
.\gitmap\cmd\chromeprofile_merge.go|240|return without blank line|return err
.\gitmap\cmd\chromeprofile_merge.go|243|return without blank line|return err
.\gitmap\cmd\chromeprofile_merge.go|245|return without blank line|return os.WriteFile(path, out, constants.FilePermission)
.\gitmap\cmd\chromeprofile_merge.go|251|return without blank line|return string(ja) == string(jb)
.\gitmap\cmd\chromeprofile_merge.go|265|return without blank line|return stats
.\gitmap\cmd\chromeprofile_merge.go|270|return without blank line|return stats
.\gitmap\cmd\chromeprofile_merge.go|277|return without blank line|return stats
.\gitmap\cmd\chromeprofile_merge.go|282|return without blank line|return stats
.\gitmap\cmd\chromeprofile_merge.go|306|return without blank line|return s
.\gitmap\cmd\chromeprofile_merge.go|334|return without blank line|return s
.\gitmap\cmd\chromeprofile_merge.go|344|return without blank line|return out
.\gitmap\cmd\chromeprofile_merge.go|349|return without blank line|return "u:" + u
.\gitmap\cmd\chromeprofile_merge.go|352|return without blank line|return "f:" + n
.\gitmap\cmd\chromeprofile_merge.go|354|return without blank line|return ""
.\gitmap\cmd\chromeprofile_merge.go|368|return without blank line|return stats
.\gitmap\cmd\chromeprofile_merge.go|376|return without blank line|return stats
.\gitmap\cmd\chromeprofile_merge.go|385|return without blank line|return s
.\gitmap\cmd\chromeprofile_merge.go|389|return without blank line|return s
.\gitmap\cmd\chromeprofile_merge.go|394|return without blank line|return s
.\gitmap\cmd\chromeprofile_merge.go|398|return without blank line|return s
.\gitmap\cmd\chromeprofile_merge.go|403|return without blank line|return s
.\gitmap\cmd\chromeprofile_merge.go|407|return without blank line|return s
.\gitmap\cmd\chromeprofile_merge.go|410|return without blank line|return s
.\gitmap\cmd\chromeprofile_merge.go|417|return without blank line|return err
.\gitmap\cmd\chromeprofile_merge.go|420|return without blank line|return copyOneFile(src, dst)
.\gitmap\cmd\chromeprofile_merge.go|423|return without blank line|return err
.\gitmap\cmd\chromeprofile_merge.go|427|return without blank line|return err
.\gitmap\cmd\chromeprofile_merge.go|431|return without blank line|return err
.\gitmap\cmd\chromeprofile_merge.go|434|return without blank line|return nil
.\gitmap\cmd\chromeprofile_merge.go|440|return without blank line|return err
.\gitmap\cmd\chromeprofile_merge.go|444|return without blank line|return err
.\gitmap\cmd\chromeprofile_merge.go|448|return without blank line|return err
.\gitmap\cmd\chromeprofile_merge.go|452|return without blank line|return err
.\gitmap\cmd\chromeprofile_merge.go|43|monolithic function|length 34
.\gitmap\cmd\chromeprofile_merge.go|79|monolithic function|length 17
.\gitmap\cmd\chromeprofile_merge.go|122|monolithic function|length 23
.\gitmap\cmd\chromeprofile_merge.go|147|monolithic function|length 32
.\gitmap\cmd\chromeprofile_merge.go|199|monolithic function|length 17
.\gitmap\cmd\chromeprofile_merge.go|257|monolithic function|length 26
.\gitmap\cmd\chromeprofile_merge.go|285|monolithic function|length 22
.\gitmap\cmd\chromeprofile_merge.go|309|monolithic function|length 26
.\gitmap\cmd\chromeprofile_merge.go|360|monolithic function|length 17
.\gitmap\cmd\chromeprofile_merge.go|379|monolithic function|length 32
.\gitmap\cmd\chromeprofile_merge.go|414|monolithic function|length 21
.\gitmap\cmd\chromeprofile_merge.go|437|monolithic function|length 16
.\gitmap\cmd\chromeprofile_paths.go|19|return without blank line|return override
.\gitmap\cmd\chromeprofile_paths.go|25|return without blank line|return filepath.Join(local, "Google", "Chrome", "User Data")
.\gitmap\cmd\chromeprofile_paths.go|27|return without blank line|return filepath.Join(home, "AppData", "Local", "Google", "Chrome", "User Data")
.\gitmap\cmd\chromeprofile_paths.go|29|return without blank line|return filepath.Join(home, "Library", "Application Support", "Google", "Chrome")
.\gitmap\cmd\chromeprofile_paths.go|31|return without blank line|return filepath.Join(home, ".config", "google-chrome")
.\gitmap\cmd\chromeprofile_paths.go|39|return without blank line|return name
.\gitmap\cmd\chromeprofile_paths.go|41|return without blank line|return filepath.Join(chromeUserDataDir(), name)
.\gitmap\cmd\chromeprofile_paths.go|47|return without blank line|return err == nil
.\gitmap\cmd\chromeprofile_paths.go|57|return without blank line|return nil
.\gitmap\cmd\chromeprofile_paths.go|60|return without blank line|return chromeProfileNamesFromEntries(entries, stateDirs)
.\gitmap\cmd\chromeprofile_paths.go|74|return without blank line|return out
.\gitmap\cmd\chromeprofile_paths.go|81|return without blank line|return out
.\gitmap\cmd\chromeprofile_paths.go|86|return without blank line|return out
.\gitmap\cmd\chromeprofile_paths.go|91|return without blank line|return false
.\gitmap\cmd\chromeprofile_paths.go|94|return without blank line|return true
.\gitmap\cmd\chromeprofile_paths.go|97|return without blank line|return true
.\gitmap\cmd\chromeprofile_paths.go|99|return without blank line|return strings.HasPrefix(name, constants.ChromeProfileDirPrefix)
.\gitmap\cmd\chromeprofile_paths.go|17|monolithic function|length 16
.\gitmap\cmd\chromeprofile_preferences.go|29|return without blank line|return nil
.\gitmap\cmd\chromeprofile_preferences.go|32|return without blank line|return fmt.Errorf("read %s: %w", prefPath, err)
.\gitmap\cmd\chromeprofile_preferences.go|36|return without blank line|return fmt.Errorf("parse %s: %w", prefPath, err)
.\gitmap\cmd\chromeprofile_preferences.go|41|return without blank line|return fmt.Errorf("encode Preferences: %w", err)
.\gitmap\cmd\chromeprofile_preferences.go|44|return without blank line|return fmt.Errorf("write %s: %w", prefPath, err)
.\gitmap\cmd\chromeprofile_preferences.go|46|return without blank line|return nil
.\gitmap\cmd\chromeprofile_preferences.go|25|monolithic function|length 22
.\gitmap\cmd\chromeprofile_preferences.go|49|monolithic function|length 16
.\gitmap\cmd\chromeprofile_process.go|14|return without blank line|return isWindowsChromeRunning()
.\gitmap\cmd\chromeprofile_process.go|17|return without blank line|return pgrepExact(constants.ChromeProcessMacName)
.\gitmap\cmd\chromeprofile_process.go|19|return without blank line|return isLinuxChromeRunning()
.\gitmap\cmd\chromeprofile_process.go|28|return without blank line|return false, err
.\gitmap\cmd\chromeprofile_process.go|30|return without blank line|return strings.Contains(strings.ToLower(string(out)), constants.ChromeProcessWindowsImage), nil
.\gitmap\cmd\chromeprofile_process.go|38|return without blank line|return ok, nil
.\gitmap\cmd\chromeprofile_process.go|42|return without blank line|return false, lastErr
.\gitmap\cmd\chromeprofile_process.go|50|return without blank line|return false, nil
.\gitmap\cmd\chromeprofile_process.go|53|return without blank line|return false, err
.\gitmap\cmd\chromeprofile_process.go|55|return without blank line|return true, nil
.\gitmap\cmd\chromeprofile_register.go|27|return without blank line|return fmt.Errorf("read %s: %w", path, err)
.\gitmap\cmd\chromeprofile_register.go|31|return without blank line|return fmt.Errorf("parse %s: %w", path, err)
.\gitmap\cmd\chromeprofile_register.go|37|return without blank line|return writeChromeLocalState(path, root)
.\gitmap\cmd\chromeprofile_register.go|42|return without blank line|return p
.\gitmap\cmd\chromeprofile_register.go|46|return without blank line|return p
.\gitmap\cmd\chromeprofile_register.go|51|return without blank line|return c
.\gitmap\cmd\chromeprofile_register.go|55|return without blank line|return c
.\gitmap\cmd\chromeprofile_register.go|76|return without blank line|return entry
.\gitmap\cmd\chromeprofile_register.go|109|return without blank line|return fmt.Errorf("encode Local State: %w", err)
.\gitmap\cmd\chromeprofile_register.go|113|return without blank line|return fmt.Errorf("write %s: %w", tmp, err)
.\gitmap\cmd\chromeprofile_register.go|115|return without blank line|return replaceChromeLocalState(path, tmp)
.\gitmap\cmd\chromeprofile_register.go|124|return without blank line|return cleanupChromeLocalStateTmp(tmp, err)
.\gitmap\cmd\chromeprofile_register.go|126|return without blank line|return finishChromeLocalStateReplace(path, tmp, bak)
.\gitmap\cmd\chromeprofile_register.go|131|return without blank line|return fmt.Errorf("backup Local State: %w", cause)
.\gitmap\cmd\chromeprofile_register.go|138|return without blank line|return fmt.Errorf("replace %s: %w", path, err)
.\gitmap\cmd\chromeprofile_register.go|143|return without blank line|return nil
.\gitmap\cmd\chromeprofile_register_test.go|46|return without blank line|return out
.\gitmap\cmd\chromeprofile_resolve.go|48|return without blank line|return nil
.\gitmap\cmd\chromeprofile_resolve.go|52|return without blank line|return nil
.\gitmap\cmd\chromeprofile_resolve.go|54|return without blank line|return &s
.\gitmap\cmd\chromeprofile_resolve.go|71|return without blank line|return out
.\gitmap\cmd\chromeprofile_resolve.go|85|return without blank line|return res, chromeProfilePathExists(name)
.\gitmap\cmd\chromeprofile_resolve.go|89|return without blank line|return chromeProfileFromPath(name, direct), true
.\gitmap\cmd\chromeprofile_resolve.go|91|return without blank line|return resolveChromeProfileDisplayName(name, direct)
.\gitmap\cmd\chromeprofile_resolve.go|96|return without blank line|return res.Path, ok
.\gitmap\cmd\chromeprofile_resolve.go|100|return without blank line|return chromeProfileFromPath(name, chromeProfilePath(name))
.\gitmap\cmd\chromeprofile_resolve.go|105|return without blank line|return chromeProfileResolution{Input: input, Path: path, Dir: dir, DisplayName: chromeProfileDisplayName(dir)}
.\gitmap\cmd\chromeprofile_resolve.go|111|return without blank line|return ""
.\gitmap\cmd\chromeprofile_resolve.go|114|return without blank line|return info.Name
.\gitmap\cmd\chromeprofile_resolve.go|116|return without blank line|return ""
.\gitmap\cmd\chromeprofile_resolve.go|122|return without blank line|return chromeProfileResolution{Input: name, Path: direct, Dir: filepath.Base(direct)}, false
.\gitmap\cmd\chromeprofile_resolve.go|128|return without blank line|return chromeProfileResolution{Input: name, Path: p, Dir: dir, DisplayName: info.Name}, true
.\gitmap\cmd\chromeprofile_resolve.go|131|return without blank line|return chromeProfileResolution{Input: name, Path: direct, Dir: filepath.Base(direct)}, false
.\gitmap\cmd\chromeprofile_resolve.go|136|return without blank line|return fmt.Sprintf("%s (dir: %s)", p.DisplayName, p.Dir)
.\gitmap\cmd\chromeprofile_resolve.go|139|return without blank line|return p.Dir
.\gitmap\cmd\chromeprofile_resolve.go|141|return without blank line|return p.Input
.\gitmap\cmd\chromeprofile_resolve_test.go|33|return without blank line|return root
.\gitmap\cmd\chromeprofile_resolve_test.go|15|monolithic function|length 19
.\gitmap\cmd\chromeprofile_resolve_test.go|94|monolithic function|length 18
.\gitmap\cmd\chromeprofile_resolve_test.go|114|monolithic function|length 17
.\gitmap\cmd\chromeprofile_vss_windows.go|43|return without blank line|return Snapshot{}, false
.\gitmap\cmd\chromeprofile_vss_windows.go|47|return without blank line|return Snapshot{}, false
.\gitmap\cmd\chromeprofile_vss_windows.go|52|return without blank line|return Snapshot{}, false
.\gitmap\cmd\chromeprofile_vss_windows.go|54|return without blank line|return Snapshot{ID: id, DevicePath: strings.TrimSpace(dev), Volume: volume}, true
.\gitmap\cmd\chromeprofile_vss_windows.go|61|return without blank line|return srcAbs
.\gitmap\cmd\chromeprofile_vss_windows.go|65|return without blank line|return s.DevicePath + `\` + rel
.\gitmap\cmd\chromeprofile_vss_windows.go|81|return without blank line|return ""
.\gitmap\cmd\chromeprofile_vss_windows.go|83|return without blank line|return strings.TrimSpace(m[1])
.\gitmap\cmd\chrome_backup.go|148|return without blank line|return nil
.\gitmap\cmd\chrome_backup.go|150|return without blank line|return n
.\gitmap\cmd\chrome_backup.go|158|return without blank line|return 0, err
.\gitmap\cmd\chrome_backup.go|163|return without blank line|return 0, err
.\gitmap\cmd\chrome_backup.go|171|return without blank line|return n, nil
.\gitmap\cmd\chrome_backup.go|174|return without blank line|return n, err
.\gitmap\cmd\chrome_backup.go|184|return without blank line|return filepath.Join(".gitmap", "chrome", "backup", "chrome-"+ts+".tar.gz")
.\gitmap\cmd\chrome_backup.go|190|return without blank line|return 0, err
.\gitmap\cmd\chrome_backup.go|200|return without blank line|return nil // skip unreadable
.\gitmap\cmd\chrome_backup.go|204|return without blank line|return nil
.\gitmap\cmd\chrome_backup.go|207|return without blank line|return nil
.\gitmap\cmd\chrome_backup.go|211|return without blank line|return nil
.\gitmap\cmd\chrome_backup.go|215|return without blank line|return err
.\gitmap\cmd\chrome_backup.go|218|return without blank line|return nil
.\gitmap\cmd\chrome_backup.go|222|return without blank line|return nil
.\gitmap\cmd\chrome_backup.go|227|return without blank line|return nil
.\gitmap\cmd\chrome_backup.go|229|return without blank line|return count, err
.\gitmap\cmd\chrome_backup.go|235|return without blank line|return 0, err
.\gitmap\cmd\chrome_backup.go|240|return without blank line|return 0, err
.\gitmap\cmd\chrome_backup.go|251|return without blank line|return count, err
.\gitmap\cmd\chrome_backup.go|269|return without blank line|return count, err
.\gitmap\cmd\chrome_backup.go|274|return without blank line|return count, nil
.\gitmap\cmd\chrome_backup.go|16|monolithic function|length 31
.\gitmap\cmd\chrome_backup.go|49|monolithic function|length 89
.\gitmap\cmd\chrome_backup.go|155|monolithic function|length 25
.\gitmap\cmd\chrome_backup.go|187|monolithic function|length 43
.\gitmap\cmd\chrome_backup.go|232|monolithic function|length 43
.\gitmap\cmd\chrome_backup_integration_test.go|39|monolithic function|length 51
.\gitmap\cmd\chrome_backup_integration_test.go|92|monolithic function|length 59
.\gitmap\cmd\chrome_backup_integration_test.go|153|monolithic function|length 16
.\gitmap\cmd\chrome_bookmarks.go|120|return without blank line|return out
.\gitmap\cmd\chrome_bookmarks.go|134|return without blank line|return matched
.\gitmap\cmd\chrome_bookmarks.go|139|return without blank line|return roots
.\gitmap\cmd\chrome_bookmarks.go|147|return without blank line|return filtered
.\gitmap\cmd\chrome_bookmarks.go|154|return without blank line|return node, true
.\gitmap\cmd\chrome_bookmarks.go|165|return without blank line|return findBookmarkFolder(c, parts[1:])
.\gitmap\cmd\chrome_bookmarks.go|168|return without blank line|return bookmarkItem{}, false
.\gitmap\cmd\chrome_bookmarks.go|174|return without blank line|return nil
.\gitmap\cmd\chrome_bookmarks.go|180|return without blank line|return nil
.\gitmap\cmd\chrome_bookmarks.go|188|return without blank line|return out
.\gitmap\cmd\chrome_bookmarks.go|198|return without blank line|return bookmarkItem{}
.\gitmap\cmd\chrome_bookmarks.go|204|return without blank line|return item
.\gitmap\cmd\chrome_bookmarks.go|211|return without blank line|return string(b) + "\n", err
.\gitmap\cmd\chrome_bookmarks.go|219|return without blank line|return sb.String(), nil
.\gitmap\cmd\chrome_bookmarks.go|225|return without blank line|return sb.String(), nil
.\gitmap\cmd\chrome_bookmarks.go|256|return without blank line|return a
.\gitmap\cmd\chrome_bookmarks.go|258|return without blank line|return b
.\gitmap\cmd\chrome_bookmarks.go|267|return without blank line|return []string{"(none)"}
.\gitmap\cmd\chrome_bookmarks.go|269|return without blank line|return out
.\gitmap\cmd\chrome_bookmarks.go|282|return without blank line|return []string{"(none)"}
.\gitmap\cmd\chrome_bookmarks.go|284|return without blank line|return out
.\gitmap\cmd\chrome_bookmarks.go|20|monolithic function|length 92
.\gitmap\cmd\chrome_bookmarks.go|117|monolithic function|length 18
.\gitmap\cmd\chrome_bookmarks.go|152|monolithic function|length 17
.\gitmap\cmd\chrome_bookmarks.go|171|monolithic function|length 18
.\gitmap\cmd\chrome_bookmarks.go|207|monolithic function|length 20
.\gitmap\cmd\chrome_bookmarks_filter.go|16|return without blank line|return roots
.\gitmap\cmd\chrome_bookmarks_filter.go|24|return without blank line|return out
.\gitmap\cmd\chrome_bookmarks_filter.go|30|return without blank line|return pruneBookmarkLeaf(n, matchLower, exact)
.\gitmap\cmd\chrome_bookmarks_filter.go|39|return without blank line|return bookmarkItem{}, false
.\gitmap\cmd\chrome_bookmarks_filter.go|42|return without blank line|return n, true
.\gitmap\cmd\chrome_bookmarks_filter.go|48|return without blank line|return n, true
.\gitmap\cmd\chrome_bookmarks_filter.go|50|return without blank line|return bookmarkItem{}, false
.\gitmap\cmd\chrome_bookmarks_filter.go|55|return without blank line|return true
.\gitmap\cmd\chrome_bookmarks_filter.go|58|return without blank line|return true
.\gitmap\cmd\chrome_bookmarks_filter.go|60|return without blank line|return false
.\gitmap\cmd\chrome_bookmarks_filter.go|27|monolithic function|length 16
.\gitmap\cmd\chrome_diff.go|39|return without blank line|return out
.\gitmap\cmd\chrome_diff.go|46|return without blank line|return out
.\gitmap\cmd\chrome_diff.go|53|return without blank line|return out
.\gitmap\cmd\chrome_diff.go|59|return without blank line|return out
.\gitmap\cmd\chrome_diff.go|64|return without blank line|return out
.\gitmap\cmd\chrome_diff.go|102|return without blank line|return out
.\gitmap\cmd\chrome_diff.go|111|return without blank line|return out
.\gitmap\cmd\chrome_diff.go|13|monolithic function|length 20
.\gitmap\cmd\chrome_diff.go|49|monolithic function|length 16
.\gitmap\cmd\chrome_localstate.go|40|return without blank line|return ChromeLocalState{}, err
.\gitmap\cmd\chrome_localstate.go|65|return without blank line|return out, nil
.\gitmap\cmd\chrome_localstate.go|72|return without blank line|return e.DisplayName
.\gitmap\cmd\chrome_localstate.go|74|return without blank line|return dir
.\gitmap\cmd\chrome_localstate.go|27|monolithic function|length 39
.\gitmap\cmd\chrome_manifest.go|35|return without blank line|return nil, err
.\gitmap\cmd\chrome_manifest.go|40|return without blank line|return nil, err
.\gitmap\cmd\chrome_manifest.go|51|return without blank line|return nil, err
.\gitmap\cmd\chrome_manifest.go|58|return without blank line|return nil, err
.\gitmap\cmd\chrome_manifest.go|63|return without blank line|return out, nil
.\gitmap\cmd\chrome_manifest.go|72|return without blank line|return b.String()
.\gitmap\cmd\chrome_manifest.go|92|return without blank line|return out
.\gitmap\cmd\chrome_manifest.go|100|return without blank line|return writeChromeManifestWithSource(tarballPath, "")
.\gitmap\cmd\chrome_manifest.go|106|return without blank line|return "", err
.\gitmap\cmd\chrome_manifest.go|115|return without blank line|return "", err
.\gitmap\cmd\chrome_manifest.go|117|return without blank line|return manifestPath, nil
.\gitmap\cmd\chrome_manifest.go|125|return without blank line|return ""
.\gitmap\cmd\chrome_manifest.go|130|return without blank line|return strings.TrimSpace(strings.TrimPrefix(ln, "# source:"))
.\gitmap\cmd\chrome_manifest.go|133|return without blank line|return ""
.\gitmap\cmd\chrome_manifest.go|144|return without blank line|return false, nil, fmt.Errorf("manifest missing (%s): %w", manifestPath, err)
.\gitmap\cmd\chrome_manifest.go|149|return without blank line|return false, nil, err
.\gitmap\cmd\chrome_manifest.go|166|return without blank line|return len(mismatches) == 0, mismatches, nil
.\gitmap\cmd\chrome_manifest.go|32|monolithic function|length 32
.\gitmap\cmd\chrome_manifest.go|140|monolithic function|length 27
.\gitmap\cmd\chrome_manifest_test.go|31|return without blank line|return path
.\gitmap\cmd\chrome_manifest_test.go|15|monolithic function|length 17
.\gitmap\cmd\chrome_manifest_test.go|34|monolithic function|length 16
.\gitmap\cmd\chrome_manifest_test.go|52|monolithic function|length 16
.\gitmap\cmd\chrome_manifest_test.go|81|monolithic function|length 27
.\gitmap\cmd\chrome_which.go|12|monolithic function|length 32
.\gitmap\cmd\clearreleasejson.go|31|monolithic function|length 36
.\gitmap\cmd\cliexit_clone_test.go|126|return without blank line|return []string{
.\gitmap\cmd\cliexit_clone_test.go|163|return without blank line|return strings.Contains(strings.ToLower(haystack), strings.ToLower(needle))
.\gitmap\cmd\cliexit_clone_test.go|57|monolithic function|length 22
.\gitmap\cmd\cliexit_clone_test.go|90|monolithic function|length 30
.\gitmap\cmd\cliexit_clone_test.go|138|monolithic function|length 19
.\gitmap\cmd\cliexit_context_test.go|137|return without blank line|return true
.\gitmap\cmd\cliexit_context_test.go|46|monolithic function|length 17
.\gitmap\cmd\cliexit_helpers_test.go|105|return without blank line|return err
.\gitmap\cmd\cliexit_helpers_test.go|120|return without blank line|return e.cause.Error() + ": " + e.stderr
.\gitmap\cmd\cliexit_helpers_test.go|213|return without blank line|return 0
.\gitmap\cmd\cliexit_helpers_test.go|217|return without blank line|return exitErr.ExitCode()
.\gitmap\cmd\cliexit_helpers_test.go|64|monolithic function|length 24
.\gitmap\cmd\cliexit_helpers_test.go|138|monolithic function|length 37
.\gitmap\cmd\cliexit_scan_test.go|31|return without blank line|return []string{"scan", "--quiet", scanEmptyDir(t)}
.\gitmap\cmd\cliexit_scan_test.go|38|return without blank line|return []string{"scan", "--quiet", filepath.Join(scanEmptyDir(t), "does-not-exist")}
.\gitmap\cmd\clone.go|108|return without blank line|return true
.\gitmap\cmd\clone.go|113|return without blank line|return true
.\gitmap\cmd\clone.go|127|return without blank line|return true
.\gitmap\cmd\clone.go|203|return without blank line|return true
.\gitmap\cmd\clone.go|404|return without blank line|return validateShorthandPath(resolved)
.\gitmap\cmd\clone.go|414|return without blank line|return resolved
.\gitmap\cmd\clone.go|563|return without blank line|return cf
.\gitmap\cmd\clone.go|575|return without blank line|return in
.\gitmap\cmd\clone.go|584|return without blank line|return out
.\gitmap\cmd\clone.go|586|return without blank line|return in
.\gitmap\cmd\clone.go|605|return without blank line|return "--ssh"
.\gitmap\cmd\clone.go|19|monolithic function|length 21
.\gitmap\cmd\clone.go|43|monolithic function|length 50
.\gitmap\cmd\clone.go|105|monolithic function|length 26
.\gitmap\cmd\clone.go|136|monolithic function|length 56
.\gitmap\cmd\clone.go|198|monolithic function|length 16
.\gitmap\cmd\clone.go|247|monolithic function|length 92
.\gitmap\cmd\clone.go|342|monolithic function|length 25
.\gitmap\cmd\clone.go|436|monolithic function|length 54
.\gitmap\cmd\clone.go|496|monolithic function|length 17
.\gitmap\cmd\clone.go|529|monolithic function|length 19
.\gitmap\cmd\clone.go|561|monolithic function|length 39
.\gitmap\cmd\cloneaudit.go|17|monolithic function|length 16
.\gitmap\cmd\clonefixrepo.go|65|return without blank line|return false
.\gitmap\cmd\clonefixrepo.go|68|return without blank line|return true
.\gitmap\cmd\clonefixrepo.go|93|return without blank line|return folderName, absPath
.\gitmap\cmd\clonefixrepo.go|153|return without blank line|return out
.\gitmap\cmd\clonefixrepo.go|188|return without blank line|return converted
.\gitmap\cmd\clonefixrepo.go|191|return without blank line|return converted
.\gitmap\cmd\clonefixrepo.go|193|return without blank line|return url
.\gitmap\cmd\clonefixrepo.go|201|return without blank line|return converted, true
.\gitmap\cmd\clonefixrepo.go|203|return without blank line|return url, false
.\gitmap\cmd\clonefixrepo.go|211|return without blank line|return converted, true
.\gitmap\cmd\clonefixrepo.go|213|return without blank line|return url, false
.\gitmap\cmd\clonefixrepo.go|245|return without blank line|return repo
.\gitmap\cmd\clonefixrepo.go|276|return without blank line|return applyCFRFlagExtra(name, f)
.\gitmap\cmd\clonefixrepo.go|278|return without blank line|return true
.\gitmap\cmd\clonefixrepo.go|292|return without blank line|return false
.\gitmap\cmd\clonefixrepo.go|294|return without blank line|return true
.\gitmap\cmd\clonefixrepo.go|304|return without blank line|return positional
.\gitmap\cmd\clonefixrepo.go|328|return without blank line|return f.url, f.folder, f.noVSCodeSync, f.requireVersion, f.useSSH, f.useHTTPS, f.autoYes, f.dryRun, f.noCommit, f.noPush
.\gitmap\cmd\clonefixrepo.go|338|return without blank line|return folderName
.\gitmap\cmd\clonefixrepo.go|346|return without blank line|return folderName
.\gitmap\cmd\clonefixrepo.go|351|return without blank line|return parsed.BaseName
.\gitmap\cmd\clonefixrepo.go|353|return without blank line|return repoName
.\gitmap\cmd\clonefixrepocheckpoint.go|31|return without blank line|return filepath.Join(repoRoot, ".gitmap", "cfrp", batchID, "state.json")
.\gitmap\cmd\clonefixrepocheckpoint.go|38|return without blank line|return nil, nil
.\gitmap\cmd\clonefixrepocheckpoint.go|41|return without blank line|return nil, err
.\gitmap\cmd\clonefixrepocheckpoint.go|45|return without blank line|return nil, fmt.Errorf("checkpoint %s: %w", path, err)
.\gitmap\cmd\clonefixrepocheckpoint.go|47|return without blank line|return &cp, nil
.\gitmap\cmd\clonefixrepocheckpoint.go|54|return without blank line|return err
.\gitmap\cmd\clonefixrepocheckpoint.go|59|return without blank line|return err
.\gitmap\cmd\clonefixrepocheckpoint.go|62|return without blank line|return err
.\gitmap\cmd\clonefixrepocheckpoint.go|64|return without blank line|return os.Rename(tmp, path)
.\gitmap\cmd\clonefixrepocheckpoint.go|71|return without blank line|return all
.\gitmap\cmd\clonefixrepocheckpoint.go|83|return without blank line|return out
.\gitmap\cmd\clonefixrepofoldertransport.go|29|return without blank line|return positional
.\gitmap\cmd\clonefixrepofoldertransport.go|34|return without blank line|return positional
.\gitmap\cmd\clonefixrepofoldertransport.go|39|return without blank line|return positional
.\gitmap\cmd\clonefixrepofoldertransport.go|41|return without blank line|return rewriteToMatchExisting(positional, exIsSSH)
.\gitmap\cmd\clonefixrepofoldertransport.go|46|return without blank line|return handleSSHRewrite(positional)
.\gitmap\cmd\clonefixrepofoldertransport.go|48|return without blank line|return handleHTTPSRewrite(positional)
.\gitmap\cmd\clonefixrepofoldertransport.go|55|return without blank line|return positional
.\gitmap\cmd\clonefixrepofoldertransport.go|58|return without blank line|return out
.\gitmap\cmd\clonefixrepofoldertransport.go|65|return without blank line|return positional
.\gitmap\cmd\clonefixrepofoldertransport.go|68|return without blank line|return out
.\gitmap\cmd\clonefixrepofoldertransport.go|76|return without blank line|return err == nil
.\gitmap\cmd\clonefixrepofoldertransport.go|86|return without blank line|return true
.\gitmap\cmd\clonefixrepofoldertransport.go|88|return without blank line|return strings.HasPrefix(lower, "ssh://")
.\gitmap\cmd\clonefixrepofoldertransport.go|26|monolithic function|length 16
.\gitmap\cmd\clonefixrepofoldertransport_test.go|9|monolithic function|length 19
.\gitmap\cmd\clonefixrepoparallel.go|39|return without blank line|return handleSingleURLSplit(raw)
.\gitmap\cmd\clonefixrepoparallel.go|49|return without blank line|return out
.\gitmap\cmd\clonefixrepoparallel.go|63|return without blank line|return jobs
.\gitmap\cmd\clonefixrepoparallel.go|71|return without blank line|return total
.\gitmap\cmd\clonefixrepoparallel.go|73|return without blank line|return workers
.\gitmap\cmd\clonefixrepoparallel.go|99|return without blank line|return failed
.\gitmap\cmd\clonefixrepoparallel.go|114|return without blank line|return len(urls)
.\gitmap\cmd\clonefixrepoparallel.go|119|return without blank line|return failed
.\gitmap\cmd\clonefixrepoparallel.go|127|return without blank line|return append(args, passthroughFlags...)
.\gitmap\cmd\clonefixrepoparallel.go|144|return without blank line|return time.Since(start).Round(time.Millisecond), runErr
.\gitmap\cmd\clonefixrepoparallel.go|159|return without blank line|return runErr == nil
.\gitmap\cmd\clonefixrepoparallel.go|171|return without blank line|return name == "--parallel" || name == "-parallel" || name == "--p" || name == "-p"
.\gitmap\cmd\clonefixrepoparallel.go|177|return without blank line|return 0, 0, false
.\gitmap\cmd\clonefixrepoparallel.go|180|return without blank line|return atoiSafe(val), 0, true
.\gitmap\cmd\clonefixrepoparallel.go|183|return without blank line|return atoiSafe(args[i+1]), 1, true
.\gitmap\cmd\clonefixrepoparallel.go|185|return without blank line|return 0, 0, true
.\gitmap\cmd\clonefixrepoparallel.go|205|return without blank line|return parallel, out
.\gitmap\cmd\clonefixrepoparallel.go|213|return without blank line|return a, "", false
.\gitmap\cmd\clonefixrepoparallel.go|215|return without blank line|return a[:idx], a[idx+1:], true
.\gitmap\cmd\clonefixrepoparallel.go|222|return without blank line|return 0
.\gitmap\cmd\clonefixrepoparallel.go|226|return without blank line|return n
.\gitmap\cmd\clonefixrepoparallel.go|243|return without blank line|return out
.\gitmap\cmd\clonefixrepoparallel.go|260|return without blank line|return out
.\gitmap\cmd\clonefixrepoparallel.go|270|return without blank line|return append(flags, buildCFRActionFlags(autoYes, dryRun, noCommit, noPush)...)
.\gitmap\cmd\clonefixrepoparallel.go|276|return without blank line|return nil
.\gitmap\cmd\clonefixrepoparallel.go|278|return without blank line|return []string{trimmed}
.\gitmap\cmd\clonefixrepo_escape.go|24|monolithic function|length 28
.\gitmap\cmd\clonefixrepo_modifiers.go|64|return without blank line|return true
.\gitmap\cmd\clonefixrepo_modifiers_test.go|12|monolithic function|length 79
.\gitmap\cmd\clonefrom.go|125|return without blank line|return clonefrom.RenderTerminal
.\gitmap\cmd\clonefrom.go|211|return without blank line|return clonefrom.RenderSummaryTerminal(os.Stdout, results, csvPath, jsonPath)
.\gitmap\cmd\clonefrom.go|213|return without blank line|return clonefrom.RenderSummary(os.Stdout, results, csvPath)
.\gitmap\cmd\clonefrom.go|72|monolithic function|length 23
.\gitmap\cmd\clonefrom.go|135|monolithic function|length 36
.\gitmap\cmd\clonefrom_flags.go|37|return without blank line|return cfg
.\gitmap\cmd\clonefrom_flags.go|60|return without blank line|return resolvedConc
.\gitmap\cmd\clonefrom_flags.go|72|return without blank line|return fs.Int(constants.CloneFlagMaxConcurrency,
.\gitmap\cmd\clonefrom_reports.go|33|return without blank line|return "", ""
.\gitmap\cmd\clonefrom_reports.go|42|return without blank line|return csvPath, ""
.\gitmap\cmd\clonefrom_reports.go|54|return without blank line|return path
.\gitmap\cmd\clonefrom_reports.go|68|return without blank line|return path
.\gitmap\cmd\clonefrom_reports.go|83|return without blank line|return nil
.\gitmap\cmd\clonefrom_reports_test.go|78|return without blank line|return clonefrom.Result{
.\gitmap\cmd\clonefrom_reports_test.go|49|monolithic function|length 23
.\gitmap\cmd\clonemulti.go|60|return without blank line|return strings.FieldsFunc(raw, func(r rune) bool {
.\gitmap\cmd\clonemulti.go|61|return without blank line|return strings.ContainsRune(urlListSeparators, r)
.\gitmap\cmd\clonemulti.go|119|return without blank line|return s
.\gitmap\cmd\clonemulti.go|123|return without blank line|return s[1 : len(s)-1]
.\gitmap\cmd\clonemulti.go|166|return without blank line|return fmt.Errorf("resolve abs path for %s: %w", folderName, err)
.\gitmap\cmd\clonemulti.go|173|return without blank line|return errClone
.\gitmap\cmd\clonemulti.go|198|return without blank line|return folderName
.\gitmap\cmd\clonemulti.go|206|return without blank line|return handleNoReplaceClone(url, absPath)
.\gitmap\cmd\clonemulti.go|208|return without blank line|return handleReplaceClone(url, absPath)
.\gitmap\cmd\clonemulti.go|214|return without blank line|return fmt.Errorf("target exists: %s (use without --no-replace to replace)", absPath)
.\gitmap\cmd\clonemulti.go|218|return without blank line|return fmt.Errorf("git clone: %w", cloneErr)
.\gitmap\cmd\clonemulti.go|220|return without blank line|return nil
.\gitmap\cmd\clonemulti.go|226|return without blank line|return fmt.Errorf("clone-replace: %w", replaceErr)
.\gitmap\cmd\clonemulti.go|228|return without blank line|return nil
.\gitmap\cmd\clonemulti.go|33|monolithic function|length 21
.\gitmap\cmd\clonemulti.go|160|monolithic function|length 25
.\gitmap\cmd\clonemulti_folder_test.go|10|monolithic function|length 21
.\gitmap\cmd\clonenext.go|205|return without blank line|return nil, nil
.\gitmap\cmd\clonenext.go|207|return without blank line|return verbose.Init()
.\gitmap\cmd\clonenext.go|213|return without blank line|return cwd
.\gitmap\cmd\clonenext.go|216|return without blank line|return cwd
.\gitmap\cmd\clonenext.go|219|return without blank line|return cwd
.\gitmap\cmd\clonenext.go|227|return without blank line|return root
.\gitmap\cmd\clonenext.go|292|return without blank line|return runCloneCommandPretty(url, dest) == nil
.\gitmap\cmd\clonenext.go|26|monolithic function|length 175
.\gitmap\cmd\clonenext.go|210|monolithic function|length 18
.\gitmap\cmd\clonenext.go|244|monolithic function|length 26
.\gitmap\cmd\clonenext.go|309|monolithic function|length 29
.\gitmap\cmd\clonenext.go|355|monolithic function|length 75
.\gitmap\cmd\clonenextbatch.go|58|return without blank line|return clonenext.LoadBatchFromCSV(csvPath)
.\gitmap\cmd\clonenextbatch.go|63|return without blank line|return nil, err
.\gitmap\cmd\clonenextbatch.go|108|return without blank line|return failRow(row, err)
.\gitmap\cmd\clonenextbatch.go|129|return without blank line|return failRow(row, err)
.\gitmap\cmd\clonenextbatch.go|155|return without blank line|return clonenext.RemoteUpdateCheck{LocalVersion: parsed.CurrentVersion}, nil
.\gitmap\cmd\clonenextbatch.go|160|return without blank line|return clonenext.RemoteUpdateCheck{}, err
.\gitmap\cmd\clonenextbatch.go|163|return without blank line|return clonenext.RemoteUpdateCheck{}, fmt.Errorf("no origin remote configured")
.\gitmap\cmd\clonenextbatch.go|167|return without blank line|return clonenext.RemoteUpdateCheck{}, err
.\gitmap\cmd\clonenextbatch.go|77|monolithic function|length 16
.\gitmap\cmd\clonenextbatch.go|103|monolithic function|length 36
.\gitmap\cmd\clonenextbatch.go|153|monolithic function|length 18
.\gitmap\cmd\clonenextbatchconcurrent.go|18|return without blank line|return 1
.\gitmap\cmd\clonenextbatchconcurrent.go|21|return without blank line|return jobs
.\gitmap\cmd\clonenextbatchconcurrent_e2e_csv_test.go|61|return without blank line|return data
.\gitmap\cmd\clonenextbatchconcurrent_e2e_csv_test.go|159|return without blank line|return ok, failed, skipped
.\gitmap\cmd\clonenextbatchconcurrent_e2e_csv_test.go|166|return without blank line|return i
.\gitmap\cmd\clonenextbatchconcurrent_e2e_csv_test.go|169|return without blank line|return -1
.\gitmap\cmd\clonenextbatchconcurrent_e2e_csv_test.go|185|return without blank line|return ok, failed, skipped
.\gitmap\cmd\clonenextbatchconcurrent_e2e_csv_test.go|25|monolithic function|length 16
.\gitmap\cmd\clonenextbatchconcurrent_e2e_csv_test.go|46|monolithic function|length 16
.\gitmap\cmd\clonenextbatchconcurrent_e2e_csv_test.go|69|monolithic function|length 30
.\gitmap\cmd\clonenextbatchconcurrent_e2e_csv_test.go|109|monolithic function|length 21
.\gitmap\cmd\clonenextbatchconcurrent_e2e_csv_test.go|137|monolithic function|length 23
.\gitmap\cmd\clonenextbatchconcurrent_e2e_helpers_test.go|28|return without blank line|return func(path string) batchRowResult {
.\gitmap\cmd\clonenextbatchconcurrent_e2e_helpers_test.go|56|return without blank line|return constants.BatchStatusOK
.\gitmap\cmd\clonenextbatchconcurrent_e2e_helpers_test.go|58|return without blank line|return constants.BatchStatusFailed
.\gitmap\cmd\clonenextbatchconcurrent_e2e_helpers_test.go|60|return without blank line|return constants.BatchStatusSkipped
.\gitmap\cmd\clonenextbatchconcurrent_e2e_helpers_test.go|75|return without blank line|return &peak
.\gitmap\cmd\clonenextbatchconcurrent_e2e_helpers_test.go|85|return without blank line|return out
.\gitmap\cmd\clonenextbatchconcurrent_e2e_helpers_test.go|26|monolithic function|length 22
.\gitmap\cmd\clonenextbatchconcurrent_e2e_test.go|119|return without blank line|return batchRowResult{RepoPath: path, FromVersion: "v1", ToVersion: "v2"}
.\gitmap\cmd\clonenextbatchconcurrent_e2e_test.go|137|return without blank line|return 0
.\gitmap\cmd\clonenextbatchconcurrent_e2e_test.go|139|return without blank line|return idx
.\gitmap\cmd\clonenextbatchconcurrent_e2e_test.go|23|monolithic function|length 19
.\gitmap\cmd\clonenextbatchconcurrent_e2e_test.go|66|monolithic function|length 17
.\gitmap\cmd\clonenextbatchconcurrent_e2e_test.go|100|monolithic function|length 30
.\gitmap\cmd\clonenextbatchconcurrent_e2e_test.go|146|monolithic function|length 17
.\gitmap\cmd\clonenextbatchdispatch.go|33|return without blank line|return true
.\gitmap\cmd\clonenextbatchdispatch.go|36|return without blank line|return false
.\gitmap\cmd\clonenextbatchdispatch.go|39|return without blank line|return false
.\gitmap\cmd\clonenextbatchdispatch.go|53|return without blank line|return ""
.\gitmap\cmd\clonenextbatchdispatch_test.go|13|monolithic function|length 17
.\gitmap\cmd\clonenextbatchprogress.go|37|return without blank line|return &batchProgressReporter{total: total, silent: silent}
.\gitmap\cmd\clonenextbatchreport.go|19|monolithic function|length 18
.\gitmap\cmd\clonenextcrossdir.go|22|return without blank line|return false
.\gitmap\cmd\clonenextcrossdir.go|25|return without blank line|return false
.\gitmap\cmd\clonenextcrossdir.go|28|return without blank line|return false
.\gitmap\cmd\clonenextcrossdir.go|19|monolithic function|length 18
.\gitmap\cmd\clonenextcrossdir.go|40|monolithic function|length 17
.\gitmap\cmd\clonenextdryrun.go|82|return without blank line|return "", "", false
.\gitmap\cmd\clonenextdryrun.go|86|return without blank line|return "", "", false
.\gitmap\cmd\clonenextdryrun.go|90|return without blank line|return "", "", false
.\gitmap\cmd\clonenextdryrun.go|79|monolithic function|length 17
.\gitmap\cmd\clonenexterrorreport.go|21|monolithic function|length 16
.\gitmap\cmd\clonenextflags.go|105|return without blank line|return out
.\gitmap\cmd\clonenextflags.go|114|return without blank line|return resolvedConc
.\gitmap\cmd\clonenextflags.go|166|return without blank line|return out
.\gitmap\cmd\clonenextfolderdispatch.go|49|return without blank line|return tryFolderArgSinglePositional(positional[0], args)
.\gitmap\cmd\clonenextfolderdispatch.go|51|return without blank line|return tryFolderArgTwoPositional(positional[0], positional[1], args)
.\gitmap\cmd\clonenextfolderdispatch.go|63|return without blank line|return false
.\gitmap\cmd\clonenextfolderdispatch.go|67|return without blank line|return false
.\gitmap\cmd\clonenextfolderdispatch.go|76|return without blank line|return false
.\gitmap\cmd\clonenextfolderdispatch.go|135|return without blank line|return "", errExpand
.\gitmap\cmd\clonenextfolderdispatch.go|140|return without blank line|return "", err
.\gitmap\cmd\clonenextfolderdispatch.go|144|return without blank line|return "", errCNFolderNotDir
.\gitmap\cmd\clonenextfolderdispatch.go|147|return without blank line|return "", os.ErrNotExist
.\gitmap\cmd\clonenextfolderdispatch.go|160|return without blank line|return true
.\gitmap\cmd\clonenextfolderdispatch.go|174|return without blank line|return true
.\gitmap\cmd\clonenextfolderdispatch.go|177|return without blank line|return true
.\gitmap\cmd\clonenextfolderdispatch.go|185|return without blank line|return expanded, nil
.\gitmap\cmd\clonenextfolderdispatch.go|189|return without blank line|return "", err
.\gitmap\cmd\clonenextfolderdispatch.go|191|return without blank line|return filepath.Join(cwd, expanded), nil
.\gitmap\cmd\clonenextfolderdispatch.go|61|monolithic function|length 21
.\gitmap\cmd\clonenextfolderdispatch.go|89|monolithic function|length 36
.\gitmap\cmd\clonenextfolderdispatch.go|130|monolithic function|length 21
.\gitmap\cmd\clonenextfolderdispatch_test.go|21|monolithic function|length 23
.\gitmap\cmd\clonenextfolderdispatch_test.go|46|monolithic function|length 21
.\gitmap\cmd\clonenextfolderdispatch_test.go|69|monolithic function|length 49
.\gitmap\cmd\clonenextfolderdispatch_test.go|120|monolithic function|length 19
.\gitmap\cmd\clonenexthistory.go|12|monolithic function|length 47
.\gitmap\cmd\clonenextpath.go|25|return without blank line|return true
.\gitmap\cmd\clonenextterm.go|53|return without blank line|return ""
.\gitmap\cmd\clonenextterm.go|64|return without blank line|return ""
.\gitmap\cmd\clonenow.go|103|return without blank line|return plan
.\gitmap\cmd\clonenow.go|139|return without blank line|return fs.Int(constants.CloneFlagMaxConcurrency, constants.CloneDefaultMaxConcurrency, constants.FlagDescCloneMaxConcurrency)
.\gitmap\cmd\clonenow.go|148|return without blank line|return resolved
.\gitmap\cmd\clonenow.go|164|return without blank line|return cfg
.\gitmap\cmd\clonenow.go|217|return without blank line|return clonenow.ExecuteWithHooksConcurrent(plan, cfg.cwd, progress, hook, cfg.maxConcurrency)
.\gitmap\cmd\clonenow.go|219|return without blank line|return clonenow.ExecuteWithHooks(plan, cfg.cwd, progress, hook)
.\gitmap\cmd\clonenow.go|244|return without blank line|return 1
.\gitmap\cmd\clonenow.go|247|return without blank line|return 0
.\gitmap\cmd\clonenow.go|252|return without blank line|return vscodepm.Pair{}, false
.\gitmap\cmd\clonenow.go|262|return without blank line|return buildClonePMPair(abs, name), true
.\gitmap\cmd\clonepick.go|82|return without blank line|return clonepick.Plan{}, 0, err
.\gitmap\cmd\clonepick.go|86|return without blank line|return clonepick.Plan{}, 0, loadErr
.\gitmap\cmd\clonepick.go|29|monolithic function|length 24
.\gitmap\cmd\clonepick.go|74|monolithic function|length 17
.\gitmap\cmd\clonepick_execute.go|25|monolithic function|length 31
.\gitmap\cmd\clonepick_flags.go|49|return without blank line|return buildClonePickParsed(rawURL, rawPaths, flags, output, audit, noVSCodeSync)
.\gitmap\cmd\clonepick_flags.go|53|return without blank line|return clonePickParsed{
.\gitmap\cmd\clonepick_flags.go|112|return without blank line|return output, audit, noVSCodeSync
.\gitmap\cmd\clonepick_flags.go|129|return without blank line|return rawURL, rawPaths
.\gitmap\cmd\clonepick_picker.go|27|return without blank line|return plan
.\gitmap\cmd\clonepick_picker.go|25|monolithic function|length 23
.\gitmap\cmd\clonepmsync.go|122|monolithic function|length 26
.\gitmap\cmd\clonepmsync_canonicalize_test.go|28|monolithic function|length 28
.\gitmap\cmd\clonepmsync_canonicalize_test.go|58|monolithic function|length 22
.\gitmap\cmd\clonepmsync_canonicalize_test.go|82|monolithic function|length 18
.\gitmap\cmd\clonepmsync_canonicalize_test.go|102|monolithic function|length 26
.\gitmap\cmd\clonepmsync_canonicalize_test.go|130|monolithic function|length 18
.\gitmap\cmd\clonepmsync_debugpaths_test.go|39|monolithic function|length 17
.\gitmap\cmd\clonepmsync_dedup_helpers_test.go|71|return without blank line|return nil
.\gitmap\cmd\clonepmsync_dedup_helpers_test.go|21|monolithic function|length 20
.\gitmap\cmd\clonepmsync_dedup_helpers_test.go|45|monolithic function|length 17
.\gitmap\cmd\clonepmsync_dedup_helpers_test.go|66|monolithic function|length 17
.\gitmap\cmd\clonepmsync_dedup_integration_test.go|36|monolithic function|length 18
.\gitmap\cmd\clonepmsync_dedup_integration_test.go|56|monolithic function|length 19
.\gitmap\cmd\clonepmsync_dedup_integration_test.go|77|monolithic function|length 17
.\gitmap\cmd\clonepmsync_dedup_integration_test.go|96|monolithic function|length 21
.\gitmap\cmd\clonepmsync_dedup_integration_test.go|119|monolithic function|length 27
.\gitmap\cmd\clonepretty.go|57|return without blank line|return nil
.\gitmap\cmd\clonepretty.go|67|return without blank line|return runErr
.\gitmap\cmd\clonepretty.go|70|return without blank line|return nil
.\gitmap\cmd\clonepretty.go|75|return without blank line|return func() {}
.\gitmap\cmd\clonepretty.go|134|return without blank line|return strings.Join(hints, "\n")
.\gitmap\cmd\clonepretty.go|53|monolithic function|length 18
.\gitmap\cmd\clonepretty.go|119|monolithic function|length 16
.\gitmap\cmd\clonepretty_dryrun_test.go|81|return without blank line|return captureStdoutForTest(t, fn)
.\gitmap\cmd\clonepretty_dryrun_test.go|19|monolithic function|length 34
.\gitmap\cmd\cloneprintargv.go|74|return without blank line|return nil
.\gitmap\cmd\cloneprintargv.go|79|return without blank line|return err
.\gitmap\cmd\cloneprintargv_test.go|16|monolithic function|length 19
.\gitmap\cmd\clonereplace.go|31|return without blank line|return res, escErr
.\gitmap\cmd\clonereplace.go|36|return without blank line|return handleFreeTarget(url, target)
.\gitmap\cmd\clonereplace.go|44|return without blank line|return handleStrategy1(url, target)
.\gitmap\cmd\clonereplace.go|64|return without blank line|return res, fmt.Errorf("git clone into temp failed: %w", err)
.\gitmap\cmd\clonereplace.go|69|return without blank line|return res, fmt.Errorf("could not empty target: %w", err)
.\gitmap\cmd\clonereplace.go|73|return without blank line|return res, fmt.Errorf("swap failed: %w", err)
.\gitmap\cmd\clonereplace.go|89|return without blank line|return runCloneCommandPretty(url, dest)
.\gitmap\cmd\clonereplace.go|97|return without blank line|return fmt.Errorf("read dir: %w", err)
.\gitmap\cmd\clonereplace.go|114|return without blank line|return fmt.Errorf("%d entries could not be removed (e.g. %s)", len(failures), failures[0])
.\gitmap\cmd\clonereplace.go|124|return without blank line|return fmt.Errorf("read src: %w", err)
.\gitmap\cmd\clonereplace.go|134|return without blank line|return fmt.Errorf("rename %s -> %s: %w", from, to, mvErr)
.\gitmap\cmd\clonereplace.go|145|return without blank line|return "fallback"
.\gitmap\cmd\clonereplace.go|155|return without blank line|return cloneReplaceResult{}, err
.\gitmap\cmd\clonereplace.go|157|return without blank line|return cloneReplaceResult{Strategy: "direct"}, nil
.\gitmap\cmd\clonereplace.go|163|return without blank line|return cloneReplaceResult{}, err
.\gitmap\cmd\clonereplace.go|165|return without blank line|return cloneReplaceResult{Strategy: "direct"}, nil
.\gitmap\cmd\clonereplace.go|24|monolithic function|length 25
.\gitmap\cmd\clonereplace.go|53|monolithic function|length 29
.\gitmap\cmd\clonereplace.go|94|monolithic function|length 24
.\gitmap\cmd\clonereplace.go|121|monolithic function|length 18
.\gitmap\cmd\clonespinner.go|26|return without blank line|return func() {}
.\gitmap\cmd\clonespinner.go|52|return without blank line|return func() {
.\gitmap\cmd\clonespinner.go|70|return without blank line|return false
.\gitmap\cmd\clonespinner.go|72|return without blank line|return (fi.Mode() & os.ModeCharDevice) != 0
.\gitmap\cmd\clonespinner.go|24|monolithic function|length 37
.\gitmap\cmd\clonestream_integration_test.go|193|monolithic function|length 19
.\gitmap\cmd\clonetermblock_golden_test.go|59|monolithic function|length 191
.\gitmap\cmd\clonetermblock_golden_test.go|257|monolithic function|length 17
.\gitmap\cmd\clonetermblock_golden_test.go|291|monolithic function|length 23
.\gitmap\cmd\clonetermdetect.go|32|return without blank line|return ""
.\gitmap\cmd\clonetermdetect.go|42|return without blank line|return ""
.\gitmap\cmd\clonetermdetect.go|64|return without blank line|return ""
.\gitmap\cmd\clonetermdetect.go|79|return without blank line|return ""
.\gitmap\cmd\clonetermdetect.go|30|monolithic function|length 16
.\gitmap\cmd\clonetermplan.go|66|return without blank line|return row.RepoName
.\gitmap\cmd\clonetermplan.go|39|monolithic function|length 21
.\gitmap\cmd\clonetermplan.go|88|monolithic function|length 28
.\gitmap\cmd\clonetermrow.go|79|return without blank line|return []string{}
.\gitmap\cmd\clonetermstream.go|127|return without blank line|return in.CmdBranch
.\gitmap\cmd\clonetermstream.go|132|return without blank line|return ""
.\gitmap\cmd\clonetermstream.go|76|monolithic function|length 18
.\gitmap\cmd\clonetermurl.go|56|return without blank line|return url
.\gitmap\cmd\clonetermurl.go|61|return without blank line|return parsed.BaseName
.\gitmap\cmd\clonetermurl.go|63|return without blank line|return name
.\gitmap\cmd\clonetermurl.go|23|monolithic function|length 28
.\gitmap\cmd\clonetermverify.go|65|return without blank line|return len(r.Mismatches) > 0
.\gitmap\cmd\clonetermverify.go|89|return without blank line|return report
.\gitmap\cmd\clonetermverify.go|129|return without blank line|return ""
.\gitmap\cmd\clonetermverify.go|139|return without blank line|return "missing-in-displayed"
.\gitmap\cmd\clonetermverify.go|142|return without blank line|return "missing-in-executed"
.\gitmap\cmd\clonetermverify.go|160|return without blank line|return nil
.\gitmap\cmd\clonetermverify.go|166|return without blank line|return err
.\gitmap\cmd\clonetermverify.go|169|return without blank line|return err
.\gitmap\cmd\clonetermverify.go|172|return without blank line|return err
.\gitmap\cmd\clonetermverify.go|178|return without blank line|return err
.\gitmap\cmd\clonetermverify.go|78|monolithic function|length 16
.\gitmap\cmd\clonetermverify.go|107|monolithic function|length 17
.\gitmap\cmd\clonetermverify.go|158|monolithic function|length 25
.\gitmap\cmd\clonetermverifyexit_test.go|113|monolithic function|length 17
.\gitmap\cmd\clonetermverifytestbanner.go|37|return without blank line|return err
.\gitmap\cmd\clonetermverifytestbanner.go|40|return without blank line|return err
.\gitmap\cmd\clonetermverifytestbanner.go|43|return without blank line|return err
.\gitmap\cmd\clonetermverify_test.go|35|monolithic function|length 19
.\gitmap\cmd\clonetermverify_test.go|58|monolithic function|length 48
.\gitmap\cmd\cloneurlconvert.go|26|return without blank line|return url, false
.\gitmap\cmd\cloneurlconvert.go|33|return without blank line|return ensureGitSuffix(trimmed), true
.\gitmap\cmd\cloneurlconvert.go|39|return without blank line|return sshSchemeToShorthand(trimmed)
.\gitmap\cmd\cloneurlconvert.go|44|return without blank line|return httpsToSSHShorthand(trimmed)
.\gitmap\cmd\cloneurlconvert.go|57|return without blank line|return url, false
.\gitmap\cmd\cloneurlconvert.go|63|return without blank line|return ensureGitSuffix(trimmed), true
.\gitmap\cmd\cloneurlconvert.go|66|return without blank line|return ensureGitSuffix(constants.PrefixHTTPS + trimmed[len("http://"):]), true
.\gitmap\cmd\cloneurlconvert.go|69|return without blank line|return shorthandToHTTPS(trimmed)
.\gitmap\cmd\cloneurlconvert.go|72|return without blank line|return sshSchemeToHTTPS(trimmed)
.\gitmap\cmd\cloneurlconvert.go|83|return without blank line|return s
.\gitmap\cmd\cloneurlconvert.go|98|return without blank line|return httpsURL, false
.\gitmap\cmd\cloneurlconvert.go|104|return without blank line|return httpsURL, false
.\gitmap\cmd\cloneurlconvert.go|116|return without blank line|return shorthand, false
.\gitmap\cmd\cloneurlconvert.go|122|return without blank line|return shorthand, false
.\gitmap\cmd\cloneurlconvert.go|142|return without blank line|return sshURL, false
.\gitmap\cmd\cloneurlconvert.go|152|return without blank line|return sshURL, false
.\gitmap\cmd\cloneurlconvert.go|164|return without blank line|return sshURL, false
.\gitmap\cmd\cloneurlconvert.go|23|monolithic function|length 25
.\gitmap\cmd\cloneurlconvert.go|54|monolithic function|length 22
.\gitmap\cmd\cloneurlconvert.go|92|monolithic function|length 16
.\gitmap\cmd\cloneurlconvert.go|132|monolithic function|length 24
.\gitmap\cmd\cloneurlconvert_test.go|5|monolithic function|length 26
.\gitmap\cmd\cloneurlconvert_test.go|33|monolithic function|length 23
.\gitmap\cmd\clonevscode.go|16|return without blank line|return true
.\gitmap\cmd\clonevscode.go|55|return without blank line|return true
.\gitmap\cmd\clonevscode.go|63|return without blank line|return runVSCodeCommand(constants.VSCodeBin,
.\gitmap\cmd\clonevscode.go|70|return without blank line|return runVSCodeCommand(constants.VSCodeBin,
.\gitmap\cmd\clonevscode.go|80|return without blank line|return false
.\gitmap\cmd\clonevscode.go|85|return without blank line|return false
.\gitmap\cmd\clonevscode.go|108|return without blank line|return nil
.\gitmap\cmd\clonevscode.go|113|return without blank line|return err
.\gitmap\cmd\clonevscode.go|123|return without blank line|return candidate
.\gitmap\cmd\clonevscode.go|154|return without blank line|return ""
.\gitmap\cmd\clonevscode.go|163|return without blank line|return ""
.\gitmap\cmd\clonevscode.go|172|return without blank line|return false
.\gitmap\cmd\clonevscode.go|177|return without blank line|return false
.\gitmap\cmd\clonevscode.go|27|monolithic function|length 23
.\gitmap\cmd\clonevscode.go|77|monolithic function|length 24
.\gitmap\cmd\clonevscode.go|131|monolithic function|length 17
.\gitmap\cmd\clone_idempotent_test.go|62|return without blank line|return err
.\gitmap\cmd\clone_idempotent_test.go|23|monolithic function|length 32
.\gitmap\cmd\clone_idempotent_test.go|86|monolithic function|length 18
.\gitmap\cmd\clone_ssh_hostkey.go|23|return without blank line|return envWithOverride(constants.EnvGitSSHCommand, cmd)
.\gitmap\cmd\clone_ssh_hostkey.go|35|return without blank line|return append(out, prefix+value)
.\gitmap\cmd\clone_ssh_hostkey.go|41|return without blank line|return constants.SSHBin + " " + constants.SSHOptionFlag + " " +
.\gitmap\cmd\clone_ssh_hostkey.go|45|return without blank line|return trimmed
.\gitmap\cmd\clone_ssh_hostkey.go|54|return without blank line|return strings.HasPrefix(lower, constants.PrefixSSH) ||
.\gitmap\cmd\clone_stale_binary_test.go|15|monolithic function|length 25
.\gitmap\cmd\clone_stale_binary_test.go|44|monolithic function|length 20
.\gitmap\cmd\clone_test.go|56|monolithic function|length 20
.\gitmap\cmd\clone_test.go|136|monolithic function|length 22
.\gitmap\cmd\cluster.go|16|monolithic function|length 44
.\gitmap\cmd\clustercommand.go|152|return without blank line|return "RUN-YYYYMMDD-001"
.\gitmap\cmd\clustercommand.go|159|return without blank line|return runRef
.\gitmap\cmd\clustercommand.go|181|return without blank line|return 0
.\gitmap\cmd\clustercommand.go|188|return without blank line|return runId
.\gitmap\cmd\clustercommand.go|19|monolithic function|length 129
.\gitmap\cmd\clusterflags.go|29|return without blank line|return strings.Join(*s, ",")
.\gitmap\cmd\clusterflags.go|34|return without blank line|return nil
.\gitmap\cmd\clusterflags.go|44|return without blank line|return strings.Join(strs, ",")
.\gitmap\cmd\clusterflags.go|51|return without blank line|return err
.\gitmap\cmd\clusterflags.go|55|return without blank line|return nil
.\gitmap\cmd\clusterflags.go|72|return without blank line|return flags, positional
.\gitmap\cmd\clusterflags.go|76|return without blank line|return len(s) >= 2 && s[0] == '-'
.\gitmap\cmd\clusterflags.go|81|return without blank line|return false
.\gitmap\cmd\clusterflags.go|84|return without blank line|return name == constants.ClusterFlagExcept || name == constants.ClusterFlagIP || name == constants.ClusterFlagID
.\gitmap\cmd\clusterflags.go|97|return without blank line|return yes, yesShort
.\gitmap\cmd\clusterflags.go|104|return without blank line|return errors.New(constants.ErrFilterExclusive)
.\gitmap\cmd\clusterflags.go|106|return without blank line|return nil
.\gitmap\cmd\clusterflags.go|116|return without blank line|return nil, errors.New("cluster: " + err.Error())
.\gitmap\cmd\clusterflags.go|119|return without blank line|return pos, validateClusterFilter(*opts)
.\gitmap\cmd\clusterflags.go|127|return without blank line|return opts, nil, err
.\gitmap\cmd\clusterflags.go|129|return without blank line|return opts, pos, nil
.\gitmap\cmd\clusterflags_test.go|22|return without blank line|return []clusterFlagTestCase{
.\gitmap\cmd\clusterflags_test.go|32|return without blank line|return []clusterFlagTestCase{
.\gitmap\cmd\clusterstatus.go|21|monolithic function|length 30
.\gitmap\cmd\clustersubcmd.go|15|return without blank line|return nil, nil
.\gitmap\cmd\clustersubcmd.go|23|return without blank line|return nil
.\gitmap\cmd\clustersubcmd.go|35|return without blank line|return fmt.Errorf("missing git sub-command")
.\gitmap\cmd\clustersubcmd.go|38|return without blank line|return fmt.Errorf("missing proj sub-command")
.\gitmap\cmd\clustersubcmd.go|53|return without blank line|return fmt.Errorf("unknown git sub-command: %s", subToken)
.\gitmap\cmd\clustersubcmd.go|64|return without blank line|return fmt.Errorf("unknown proj sub-command: %s", subToken)
.\gitmap\cmd\clustersubcmd.go|82|return without blank line|return fmt.Errorf("unknown sub-command token: %s", cmdToken)
.\gitmap\cmd\clustersubcmd.go|92|return without blank line|return nil
.\gitmap\cmd\clustersubcmd.go|103|return without blank line|return nil, err
.\gitmap\cmd\clustersubcmd.go|122|return without blank line|return nil, err
.\gitmap\cmd\clustersubcmd.go|134|return without blank line|return nil, err
.\gitmap\cmd\clustersubcmd.go|11|monolithic function|length 127
.\gitmap\cmd\clustersubcmd_test.go|19|return without blank line|return []subCmdTestCase{
.\gitmap\cmd\cluster_ops.go|70|return without blank line|return nodes, ok, fail
.\gitmap\cmd\cluster_ops.go|102|return without blank line|return fmt.Sprintf("[%d/%s]", node.DisplayId, node.Alias)
.\gitmap\cmd\cluster_ops.go|104|return without blank line|return nodeId
.\gitmap\cmd\cluster_ops.go|116|return without blank line|return exitCode, duration
.\gitmap\cmd\cluster_ops.go|131|return without blank line|return format, output
.\gitmap\cmd\cluster_ops.go|161|return without blank line|return exportClusterNodesCSV(nodes)
.\gitmap\cmd\cluster_ops.go|168|return without blank line|return data
.\gitmap\cmd\cluster_ops.go|179|return without blank line|return []byte(buf.String())
.\gitmap\cmd\cluster_ops.go|220|return without blank line|return nodes
.\gitmap\cmd\cluster_ops.go|246|return without blank line|return m
.\gitmap\cmd\cluster_ops.go|252|return without blank line|return args[i+1]
.\gitmap\cmd\cluster_ops.go|255|return without blank line|return ""
.\gitmap\cmd\cluster_ops.go|268|return without blank line|return pass1
.\gitmap\cmd\cluster_ops.go|313|return without blank line|return id, confirm
.\gitmap\cmd\cluster_ops.go|333|return without blank line|return true
.\gitmap\cmd\cluster_ops.go|336|return without blank line|return false
.\gitmap\cmd\cluster_ops.go|432|return without blank line|return beforeStr, confirm
.\gitmap\cmd\cluster_ops.go|73|monolithic function|length 18
.\gitmap\cmd\cluster_ops.go|134|monolithic function|length 16
.\gitmap\cmd\cluster_ops.go|448|monolithic function|length 19
.\gitmap\cmd\cmdconstants_unique_helpers_test.go|115|return without blank line|return false
.\gitmap\cmd\cmdconstants_unique_helpers_test.go|119|return without blank line|return true
.\gitmap\cmd\cmdconstants_unique_helpers_test.go|162|return without blank line|return false
.\gitmap\cmd\cmdconstants_unique_helpers_test.go|167|return without blank line|return true
.\gitmap\cmd\cmdconstants_unique_helpers_test.go|47|monolithic function|length 20
.\gitmap\cmd\cmdconstants_unique_helpers_test.go|87|monolithic function|length 23
.\gitmap\cmd\cmdconstants_unique_helpers_test.go|128|monolithic function|length 27
.\gitmap\cmd\cmdconstants_unique_test.go|22|monolithic function|length 17
.\gitmap\cmd\code.go|66|return without blank line|return "", "", nil
.\gitmap\cmd\code.go|68|return without blank line|return args[0], "", nil
.\gitmap\cmd\code.go|70|return without blank line|return args[0], args[1], nil
.\gitmap\cmd\code.go|72|return without blank line|return args[0], args[1], args[2:]
.\gitmap\cmd\code.go|79|return without blank line|return absoluteExisting(pathArg)
.\gitmap\cmd\code.go|83|return without blank line|return root, nil
.\gitmap\cmd\code.go|88|return without blank line|return "", fmt.Errorf("cannot determine current directory: %w", err)
.\gitmap\cmd\code.go|99|return without blank line|return "", fmt.Errorf("cannot resolve absolute path %q: %w", p, err)
.\gitmap\cmd\code.go|103|return without blank line|return "", fmt.Errorf("path does not exist: %s", abs)
.\gitmap\cmd\code.go|202|return without blank line|return strings.ToLower(cleaned)
.\gitmap\cmd\code.go|236|return without blank line|return nil, fmt.Errorf(constants.MsgDBUpsertFailed, err)
.\gitmap\cmd\code.go|27|monolithic function|length 28
.\gitmap\cmd\code.go|127|monolithic function|length 25
.\gitmap\cmd\code.go|172|monolithic function|length 23
.\gitmap\cmd\code.go|212|monolithic function|length 17
.\gitmap\cmd\code.go|249|monolithic function|length 20
.\gitmap\cmd\code.go|272|monolithic function|length 19
.\gitmap\cmd\code.go|295|monolithic function|length 31
.\gitmap\cmd\code.go|329|monolithic function|length 17
.\gitmap\cmd\code.go|360|monolithic function|length 20
.\gitmap\cmd\code_test.go|8|monolithic function|length 51
.\gitmap\cmd\codingguidelines.go|46|return without blank line|return dispatchCGWindows(opts)
.\gitmap\cmd\codingguidelines.go|78|return without blank line|return ErrCGShellNotFound
.\gitmap\cmd\codingguidelines.go|92|return without blank line|return ErrCGShellNotFound
.\gitmap\cmd\codingguidelines.go|96|return without blank line|return ErrCGShellNotFound
.\gitmap\cmd\codingguidelines.go|103|return without blank line|return err
.\gitmap\cmd\codingguidelines.go|113|return without blank line|return opts.Runner("bash", "-c", script), func() {}, nil
.\gitmap\cmd\codingguidelines.go|117|return without blank line|return nil, cleanup, err
.\gitmap\cmd\codingguidelines.go|119|return without blank line|return opts.Runner("bash", path), cleanup, nil
.\gitmap\cmd\codingguidelines.go|125|return without blank line|return "", func() {}, err
.\gitmap\cmd\codingguidelines.go|130|return without blank line|return "", func() {}, err
.\gitmap\cmd\codingguidelines.go|132|return without blank line|return path, func() { _ = os.RemoveAll(dir) }, patchCGScriptFile(path)
.\gitmap\cmd\codingguidelines.go|137|return without blank line|return cmd.Run()
.\gitmap\cmd\codingguidelines.go|143|return without blank line|return err
.\gitmap\cmd\codingguidelines.go|148|return without blank line|return os.WriteFile(path, []byte(patched), 0o700)
.\gitmap\cmd\codingguidelines.go|152|return without blank line|return cgPostfixIncrementPattern.ReplaceAllString(script, `((${1}+=1))`)
.\gitmap\cmd\codingguidelines.go|165|return without blank line|return fmt.Errorf("coding-guidelines install (%s, %s): %w", goos, url, err)
.\gitmap\cmd\codingguidelines.go|53|monolithic function|length 18
.\gitmap\cmd\codingguidelines.go|89|monolithic function|length 19
.\gitmap\cmd\codingguidelines_commit.go|45|return without blank line|return nil
.\gitmap\cmd\codingguidelines_commit.go|49|return without blank line|return err
.\gitmap\cmd\codingguidelines_commit.go|54|return without blank line|return err
.\gitmap\cmd\codingguidelines_commit.go|58|return without blank line|return nil
.\gitmap\cmd\codingguidelines_commit.go|60|return without blank line|return commitAndMaybePush(opts)
.\gitmap\cmd\codingguidelines_commit.go|73|return without blank line|return opts
.\gitmap\cmd\codingguidelines_commit.go|83|return without blank line|return cmd.Run()
.\gitmap\cmd\codingguidelines_commit.go|95|return without blank line|return false, err
.\gitmap\cmd\codingguidelines_commit.go|97|return without blank line|return len(strings.TrimSpace(string(out))) > 0, nil
.\gitmap\cmd\codingguidelines_commit.go|103|return without blank line|return err
.\gitmap\cmd\codingguidelines_commit.go|108|return without blank line|return nil
.\gitmap\cmd\codingguidelines_commit.go|113|return without blank line|return nil
.\gitmap\cmd\codingguidelines_commit.go|117|return without blank line|return err
.\gitmap\cmd\codingguidelines_commit.go|120|return without blank line|return nil
.\gitmap\cmd\codingguidelines_commit.go|132|return without blank line|return "", false
.\gitmap\cmd\codingguidelines_commit.go|136|return without blank line|return "", false
.\gitmap\cmd\codingguidelines_commit.go|138|return without blank line|return ref, true
.\gitmap\cmd\codingguidelines_commit.go|41|monolithic function|length 20
.\gitmap\cmd\codingguidelines_commit.go|100|monolithic function|length 21
.\gitmap\cmd\codingguidelines_test.go|13|return without blank line|return exec.Command("true")
.\gitmap\cmd\codingguidelines_test.go|17|return without blank line|return exec.Command("false")
.\gitmap\cmd\codingguidelines_test.go|73|return without blank line|return "", exec.ErrNotFound
.\gitmap\cmd\committransfer.go|66|return without blank line|return committransfer.RunLeft(leftDir, rightDir, opts)
.\gitmap\cmd\committransfer.go|69|return without blank line|return committransfer.RunBothInterleaved(leftDir, rightDir, opts)
.\gitmap\cmd\committransfer.go|85|return without blank line|return right.DisplayName
.\gitmap\cmd\committransfer.go|99|return without blank line|return left, movemerge.Endpoint{}, err
.\gitmap\cmd\committransfer.go|192|return without blank line|return commitTransferSpec{
.\gitmap\cmd\committransfer.go|196|return without blank line|return commitTransferSpec{
.\gitmap\cmd\committransfer.go|200|return without blank line|return commitTransferSpec{
.\gitmap\cmd\committransfer.go|34|monolithic function|length 23
.\gitmap\cmd\committransfer.go|162|monolithic function|length 24
.\gitmap\cmd\committransfer.go|189|monolithic function|length 17
.\gitmap\cmd\committransfer_flags_test.go|11|monolithic function|length 21
.\gitmap\cmd\committransfer_flags_test.go|36|monolithic function|length 20
.\gitmap\cmd\commons.go|42|return without blank line|return false
.\gitmap\cmd\commons.go|40|monolithic function|length 21
.\gitmap\cmd\completion.go|32|return without blank line|return true
.\gitmap\cmd\completion.go|35|return without blank line|return false
.\gitmap\cmd\completion.go|50|return without blank line|return map[string]func(){
.\gitmap\cmd\csvcrlf_contract_test.go|112|return without blank line|return true
.\gitmap\cmd\csvcrlf_contract_test.go|31|monolithic function|length 20
.\gitmap\cmd\csvcrlf_contract_test.go|85|monolithic function|length 16
.\gitmap\cmd\dashboard.go|34|return without blank line|return data
.\gitmap\cmd\dashboard.go|72|return without blank line|return dashFlagSet{
.\gitmap\cmd\dashboard.go|88|return without blank line|return opts, *flags.outDir, *flags.openFlag
.\gitmap\cmd\dashboard.go|92|return without blank line|return dashboard.CollectOptions{
.\gitmap\cmd\dashboard.go|113|return without blank line|return exec.Command(constants.CmdWindowsShell, constants.CmdArgSlashC, constants.CmdArgStart, path)
.\gitmap\cmd\dashboard.go|115|return without blank line|return exec.Command(constants.CmdOpen, path)
.\gitmap\cmd\dashboard.go|117|return without blank line|return exec.Command(constants.CmdXdgOpen, path)
.\gitmap\cmd\dbmigrate.go|16|monolithic function|length 19
.\gitmap\cmd\dbmigrate.go|66|monolithic function|length 18
.\gitmap\cmd\dedupe.go|38|return without blank line|return headTreeEntry{}, false
.\gitmap\cmd\dedupe.go|40|return without blank line|return headTreeEntry{path: r, sha: sha}, true
.\gitmap\cmd\dedupe.go|54|return without blank line|return "", false
.\gitmap\cmd\dedupe.go|21|monolithic function|length 27
.\gitmap\cmd\dedupe.go|74|monolithic function|length 28
.\gitmap\cmd\dedupe.go|105|monolithic function|length 19
.\gitmap\cmd\desktopsync.go|101|return without blank line|return registerOne(r.RepoName, r.AbsolutePath, cli)
.\gitmap\cmd\desktopsync.go|125|return without blank line|return added + 1, skipped, failed
.\gitmap\cmd\desktopsync.go|128|return without blank line|return added, skipped + 1, failed
.\gitmap\cmd\diff.go|85|return without blank line|return fmt.Errorf(constants.ErrDiffSameFolder, lAbs)
.\gitmap\cmd\diff.go|18|monolithic function|length 25
.\gitmap\cmd\diff.go|46|monolithic function|length 21
.\gitmap\cmd\diffprofiles.go|14|monolithic function|length 17
.\gitmap\cmd\diffprofiles.go|61|monolithic function|length 19
.\gitmap\cmd\diffprofilesjson_contract_test.go|21|return without blank line|return dpResult{
.\gitmap\cmd\diffprofilesjson_contract_test.go|20|monolithic function|length 21
.\gitmap\cmd\diffprofilesops.go|82|return without blank line|return constants.ModeSSH
.\gitmap\cmd\diffprofilesops.go|28|monolithic function|length 21
.\gitmap\cmd\diffprofilesrender.go|52|return without blank line|return err
.\gitmap\cmd\diffprofilesrender.go|57|return without blank line|return err
.\gitmap\cmd\diffprofilesrender.go|62|return without blank line|return err
.\gitmap\cmd\diffprofilesrender.go|88|return without blank line|return nil, err
.\gitmap\cmd\diffprofilesrender.go|110|return without blank line|return nil, err
.\gitmap\cmd\diffprofilesrender.go|49|monolithic function|length 24
.\gitmap\cmd\diffprofilesrender.go|96|monolithic function|length 18
.\gitmap\cmd\diffprofiles_jsonschema_contract_test.go|44|monolithic function|length 18
.\gitmap\cmd\dispatchcommittransfer.go|14|return without blank line|return false
.\gitmap\cmd\dispatchmovemerge.go|33|return without blank line|return mergeSpec{constants.CmdMergeBoth, constants.LogPrefixMergeBoth,
.\gitmap\cmd\dispatchmovemerge.go|36|return without blank line|return mergeSpec{constants.CmdMergeLeft, constants.LogPrefixMergeLeft,
.\gitmap\cmd\dispatchmovemerge.go|39|return without blank line|return mergeSpec{constants.CmdMergeRight, constants.LogPrefixMergeRight,
.\gitmap\cmd\docs.go|13|monolithic function|length 23
.\gitmap\cmd\doctor.go|46|return without blank line|return 1
.\gitmap\cmd\doctor.go|49|return without blank line|return 0
.\gitmap\cmd\doctor.go|53|return without blank line|return []DoctorCheck{
.\gitmap\cmd\doctor.go|67|return without blank line|return DoctorCheck{
.\gitmap\cmd\doctor.go|73|return without blank line|return false, err.Error()
.\gitmap\cmd\doctor.go|75|return without blank line|return true, firstDoctorLine(string(out))
.\gitmap\cmd\doctor.go|81|return without blank line|return DoctorCheck{
.\gitmap\cmd\doctor.go|87|return without blank line|return false, "chrome binary not found on this OS"
.\gitmap\cmd\doctor.go|89|return without blank line|return true, path
.\gitmap\cmd\doctor.go|95|return without blank line|return DoctorCheck{
.\gitmap\cmd\doctor.go|100|return without blank line|return false, "gitmap not on PATH"
.\gitmap\cmd\doctor.go|102|return without blank line|return true, "gitmap on PATH"
.\gitmap\cmd\doctor.go|108|return without blank line|return DoctorCheck{
.\gitmap\cmd\doctor.go|120|return without blank line|return DoctorCheck{
.\gitmap\cmd\doctor.go|126|return without blank line|return false, err.Error()
.\gitmap\cmd\doctor.go|128|return without blank line|return true, "writable: " + wd
.\gitmap\cmd\doctor.go|137|return without blank line|return c, true
.\gitmap\cmd\doctor.go|140|return without blank line|return "", false
.\gitmap\cmd\doctor.go|146|return without blank line|return []string{
.\gitmap\cmd\doctor.go|151|return without blank line|return []string{"/Applications/Google Chrome.app/Contents/MacOS/Google Chrome"}
.\gitmap\cmd\doctor.go|153|return without blank line|return []string{"/usr/bin/google-chrome", "/usr/bin/chromium"}
.\gitmap\cmd\doctor.go|171|return without blank line|return s[:i]
.\gitmap\cmd\doctor.go|174|return without blank line|return s
.\gitmap\cmd\doctor.go|34|monolithic function|length 16
.\gitmap\cmd\doctorchecks.go|58|return without blank line|return 0
.\gitmap\cmd\doctorchecks.go|74|return without blank line|return issue
.\gitmap\cmd\doctorchecks.go|165|return without blank line|return ""
.\gitmap\cmd\doctorchecks.go|204|return without blank line|return 0
.\gitmap\cmd\doctorchecks.go|260|return without blank line|return constants.DoctorUnknownSigner
.\gitmap\cmd\doctorchecks.go|265|return without blank line|return constants.DoctorUnknownSigner
.\gitmap\cmd\doctorchecks.go|119|monolithic function|length 18
.\gitmap\cmd\doctorchecks.go|140|monolithic function|length 18
.\gitmap\cmd\doctorchecks.go|234|monolithic function|length 18
.\gitmap\cmd\doctordupbin.go|32|return without blank line|return findAllBinariesWindows()
.\gitmap\cmd\doctordupbin.go|44|return without blank line|return nil
.\gitmap\cmd\doctordupbin.go|55|return without blank line|return nil
.\gitmap\cmd\doctordupbin.go|78|return without blank line|return "", false
.\gitmap\cmd\doctordupbin.go|86|return without blank line|return "", false
.\gitmap\cmd\doctordupbin.go|113|return without blank line|return formatDupFixWindows(stale)
.\gitmap\cmd\doctordupbin.go|122|return without blank line|return "Remove-Item '" + stale[0] + "' -Force"
.\gitmap\cmd\doctordupbin.go|138|return without blank line|return "sudo rm '" + stale[0] + "'"
.\gitmap\cmd\doctordupbin.go|75|monolithic function|length 16
.\gitmap\cmd\doctorfixpath.go|128|return without blank line|return "", fmt.Errorf(constants.DoctorResolveNoRepo)
.\gitmap\cmd\doctorfixpath.go|134|return without blank line|return "", fmt.Errorf(constants.DoctorResolveNoRead, err)
.\gitmap\cmd\doctorfixpath.go|144|return without blank line|return "", fmt.Errorf(constants.DoctorResolveNoDeploy)
.\gitmap\cmd\doctorfixpath.go|154|return without blank line|return "", fmt.Errorf(constants.DoctorResolveNotFound, deployed)
.\gitmap\cmd\doctorfixpath.go|13|monolithic function|length 17
.\gitmap\cmd\doctorfixpath.go|33|monolithic function|length 16
.\gitmap\cmd\doctorfixpath.go|76|monolithic function|length 16
.\gitmap\cmd\doctorfixpath.go|95|monolithic function|length 20
.\gitmap\cmd\doctorfixpath.go|141|monolithic function|length 17
.\gitmap\cmd\doctorformat.go|15|return without blank line|return "not found"
.\gitmap\cmd\doctorformat.go|21|return without blank line|return "unknown"
.\gitmap\cmd\doctorintegrity.go|16|return without blank line|return 0 // checkDatabase already reports this
.\gitmap\cmd\doctorintegrity.go|13|monolithic function|length 31
.\gitmap\cmd\doctorsetup.go|12|monolithic function|length 18
.\gitmap\cmd\doctorsync.go|23|return without blank line|return true
.\gitmap\cmd\doctorsync.go|41|return without blank line|return false
.\gitmap\cmd\doctorsync.go|58|return without blank line|return tryKillWindows(src, dst)
.\gitmap\cmd\doctorsync.go|76|return without blank line|return false
.\gitmap\cmd\doctorsync.go|97|return without blank line|return err
.\gitmap\cmd\doctorsync.go|103|return without blank line|return err
.\gitmap\cmd\doctorsync.go|35|monolithic function|length 18
.\gitmap\cmd\doctorsync.go|65|monolithic function|length 17
.\gitmap\cmd\doctorsync.go|94|monolithic function|length 16
.\gitmap\cmd\doctorvalidate.go|30|return without blank line|return filepath.Join(constants.RepoPath, constants.GitMapSubdir, constants.DefaultConfigPath)
.\gitmap\cmd\doctorvalidate.go|52|monolithic function|length 19
.\gitmap\cmd\doctorvalidate.go|91|monolithic function|length 16
.\gitmap\cmd\doctorversion.go|34|return without blank line|return "", ""
.\gitmap\cmd\doctorversion.go|49|return without blank line|return "", ""
.\gitmap\cmd\doctorversion.go|54|return without blank line|return "", ""
.\gitmap\cmd\doctorversion.go|69|return without blank line|return "", ""
.\gitmap\cmd\doctorversion.go|106|return without blank line|return 0
.\gitmap\cmd\doctorversion.go|110|return without blank line|return 0
.\gitmap\cmd\doctorversion.go|124|return without blank line|return 0
.\gitmap\cmd\doctorversion.go|104|monolithic function|length 28
.\gitmap\cmd\doctorvscodepm.go|22|monolithic function|length 24
.\gitmap\cmd\doctor_extra.go|27|return without blank line|return DoctorCheck{
.\gitmap\cmd\doctor_extra.go|33|return without blank line|return false, err.Error()
.\gitmap\cmd\doctor_extra.go|37|return without blank line|return false, "cannot create " + dir + ": " + err.Error()
.\gitmap\cmd\doctor_extra.go|41|return without blank line|return false, "not writable: " + dir
.\gitmap\cmd\doctor_extra.go|44|return without blank line|return true, "writable: " + dir
.\gitmap\cmd\doctor_extra.go|52|return without blank line|return DoctorCheck{
.\gitmap\cmd\doctor_extra.go|58|return without blank line|return true, k + " set (" + maskToken(v) + ")"
.\gitmap\cmd\doctor_extra.go|61|return without blank line|return false, "no GITHUB_TOKEN / GH_TOKEN in environment"
.\gitmap\cmd\doctor_extra.go|68|return without blank line|return DoctorCheck{
.\gitmap\cmd\doctor_extra.go|84|return without blank line|return false, summary + "; failures: " + joinSemi(fails)
.\gitmap\cmd\doctor_extra.go|86|return without blank line|return true, summary + "; " + joinSemi(oks)
.\gitmap\cmd\doctor_extra.go|94|return without blank line|return false, err.Error()
.\gitmap\cmd\doctor_extra.go|101|return without blank line|return false, err.Error()
.\gitmap\cmd\doctor_extra.go|105|return without blank line|return false, resp.Status
.\gitmap\cmd\doctor_extra.go|107|return without blank line|return true, "(" + resp.Status + ")"
.\gitmap\cmd\doctor_extra.go|118|return without blank line|return out
.\gitmap\cmd\doctor_extra.go|124|return without blank line|return v
.\gitmap\cmd\doctor_extra.go|127|return without blank line|return ""
.\gitmap\cmd\doctor_extra.go|132|return without blank line|return "****"
.\gitmap\cmd\doctor_extra.go|134|return without blank line|return t[:4] + "…" + t[len(t)-4:]
.\gitmap\cmd\doctor_extra.go|26|monolithic function|length 21
.\gitmap\cmd\doctor_extra.go|67|monolithic function|length 22
.\gitmap\cmd\doctor_extra.go|91|monolithic function|length 17
.\gitmap\cmd\doctor_fixrepo.go|65|return without blank line|return n
.\gitmap\cmd\doctor_fixrepo.go|67|return without blank line|return defaultBudget
.\gitmap\cmd\doctor_fixrepo.go|72|return without blank line|return []DoctorResult{
.\gitmap\cmd\doctor_fixrepo.go|84|return without blank line|return DoctorResult{
.\gitmap\cmd\doctor_fixrepo.go|103|return without blank line|return DoctorResult{Name: "gofmt-runs", OK: false, Detail: "mktemp: " + err.Error()}
.\gitmap\cmd\doctor_fixrepo.go|108|return without blank line|return DoctorResult{Name: "gofmt-runs", OK: false, Detail: "write sample: " + err.Error()}
.\gitmap\cmd\doctor_fixrepo.go|113|return without blank line|return DoctorResult{
.\gitmap\cmd\doctor_fixrepo.go|131|return without blank line|return DoctorResult{
.\gitmap\cmd\doctor_fixrepo.go|154|return without blank line|return 0
.\gitmap\cmd\doctor_fixrepo.go|161|return without blank line|return 0
.\gitmap\cmd\doctor_fixrepo.go|166|return without blank line|return 0
.\gitmap\cmd\doctor_fixrepo.go|180|return without blank line|return last
.\gitmap\cmd\doctor_fixrepo.go|193|return without blank line|return DoctorResult{Name: "chunker-selftest", OK: false, Detail: "empty input did not return nil"}
.\gitmap\cmd\doctor_fixrepo.go|197|return without blank line|return DoctorResult{
.\gitmap\cmd\doctor_fixrepo.go|209|return without blank line|return DoctorResult{
.\gitmap\cmd\doctor_fixrepo.go|216|return without blank line|return DoctorResult{
.\gitmap\cmd\doctor_fixrepo.go|28|monolithic function|length 32
.\gitmap\cmd\doctor_fixrepo.go|100|monolithic function|length 22
.\gitmap\cmd\doctor_fixrepo.go|129|monolithic function|length 17
.\gitmap\cmd\doctor_fixrepo.go|152|monolithic function|length 34
.\gitmap\cmd\doctor_fixrepo.go|191|monolithic function|length 37
.\gitmap\cmd\doctor_fixrepo.go|230|monolithic function|length 18
.\gitmap\cmd\doctor_run.go|93|return without blank line|return c.Run()
.\gitmap\cmd\doctor_run.go|95|return without blank line|return false, detail + "\n           run: gitmap secrets set GITHUB_TOKEN  (or export GITHUB_TOKEN=<pat>)"
.\gitmap\cmd\doctor_run.go|97|return without blank line|return false, detail + "\n           run: gitmap self-install"
.\gitmap\cmd\doctor_run.go|99|return without blank line|return false, detail
.\gitmap\cmd\doctor_run.go|18|monolithic function|length 39
.\gitmap\cmd\doctor_run.go|68|monolithic function|length 16
.\gitmap\cmd\dopending.go|25|monolithic function|length 25
.\gitmap\cmd\dopending.go|53|monolithic function|length 22
.\gitmap\cmd\dopendingretry.go|33|return without blank line|return typeName == constants.TaskTypeDelete || typeName == constants.TaskTypeRemove
.\gitmap\cmd\dopendingretry.go|38|return without blank line|return typeName == constants.TaskTypeScan ||
.\gitmap\cmd\dopendingretry.go|119|return without blank line|return fmt.Sprintf(constants.ReasonPermissionDenied, path, operation, err)
.\gitmap\cmd\dopendingretry.go|45|monolithic function|length 18
.\gitmap\cmd\dopendingretry.go|66|monolithic function|length 41
.\gitmap\cmd\downloaderconfig.go|37|return without blank line|return db
.\gitmap\cmd\downloaderconfig.go|69|return without blank line|return loadDocFromFile(args[0])
.\gitmap\cmd\downloaderconfig.go|87|return without blank line|return doc, path
.\gitmap\cmd\downloaderconfig.go|96|return without blank line|return dc
.\gitmap\cmd\downloaderconfig.go|105|return without blank line|return dc
.\gitmap\cmd\downloaderconfig.go|111|return without blank line|return dc
.\gitmap\cmd\downloaderconfig.go|119|return without blank line|return doc
.\gitmap\cmd\downloaderconfig.go|134|return without blank line|return validatePromptedDoc(doc)
.\gitmap\cmd\downloaderconfig.go|143|return without blank line|return def
.\gitmap\cmd\downloaderconfig.go|155|return without blank line|return n
.\gitmap\cmd\downloaderconfig.go|167|return without blank line|return true
.\gitmap\cmd\downloaderconfig.go|169|return without blank line|return false
.\gitmap\cmd\downloaderconfig.go|171|return without blank line|return def
.\gitmap\cmd\drain_regression_test.go|33|monolithic function|length 40
.\gitmap\cmd\env.go|25|monolithic function|length 29
.\gitmap\cmd\env.go|57|monolithic function|length 28
.\gitmap\cmd\envops.go|30|return without blank line|return fs.Arg(0), fs.Arg(1), f
.\gitmap\cmd\envops.go|74|return without blank line|return fs.Arg(0), f
.\gitmap\cmd\envplatform_unix.go|47|return without blank line|return profilePathForShell(shell)
.\gitmap\cmd\envplatform_unix.go|63|return without blank line|return filepath.Join(home, constants.EnvProfileZshRC)
.\gitmap\cmd\envplatform_unix.go|80|return without blank line|return filepath.Join(home, constants.EnvProfileZshRC)
.\gitmap\cmd\envplatform_unix.go|131|return without blank line|return ""
.\gitmap\cmd\envregistry.go|19|return without blank line|return model.EnvRegistry{
.\gitmap\cmd\envregistry.go|78|return without blank line|return v
.\gitmap\cmd\envregistry.go|14|monolithic function|length 20
.\gitmap\cmd\envregistry.go|37|monolithic function|length 20
.\gitmap\cmd\env_unit_test.go|9|monolithic function|length 21
.\gitmap\cmd\escapecwd.go|25|return without blank line|return "", nil
.\gitmap\cmd\escapecwd.go|28|return without blank line|return escapeCwdToParent(cwd, target)
.\gitmap\cmd\escapecwd.go|41|return without blank line|return cwd, fmt.Errorf("escapeCwdIfInside: chdir %q: %w", parent, chErr)
.\gitmap\cmd\escapecwd.go|51|return without blank line|return cleaned
.\gitmap\cmd\escapecwd.go|62|return without blank line|return true
.\gitmap\cmd\escapecwd.go|67|return without blank line|return false
.\gitmap\cmd\escapecwd.go|71|return without blank line|return true
.\gitmap\cmd\escapecwd_test.go|107|return without blank line|return strings.EqualFold(cleanExistingPath(left), cleanExistingPath(right))
.\gitmap\cmd\escapecwd_test.go|11|monolithic function|length 22
.\gitmap\cmd\escapecwd_test.go|35|monolithic function|length 17
.\gitmap\cmd\escapecwd_test.go|74|monolithic function|length 30
.\gitmap\cmd\exec.go|106|return without blank line|return 1, 0, 0
.\gitmap\cmd\exec.go|109|return without blank line|return 0, 1, 0
.\gitmap\cmd\exec.go|134|return without blank line|return []model.ScanRecord{{
.\gitmap\cmd\exec.go|141|return without blank line|return loadRecordsByGroup(groupName)
.\gitmap\cmd\exec.go|144|return without blank line|return loadAllRecordsDB()
.\gitmap\cmd\exec.go|166|return without blank line|return nil, err
.\gitmap\cmd\exec.go|177|return without blank line|return s
.\gitmap\cmd\exec.go|16|monolithic function|length 34
.\gitmap\cmd\exec.go|70|monolithic function|length 17
.\gitmap\cmd\exec.go|132|monolithic function|length 16
.\gitmap\cmd\exec_pending_test.go|11|monolithic function|length 24
.\gitmap\cmd\exec_pending_test.go|80|monolithic function|length 24
.\gitmap\cmd\exec_pending_test.go|123|monolithic function|length 16
.\gitmap\cmd\exec_pending_test.go|143|monolithic function|length 28
.\gitmap\cmd\expandhome_test.go|85|return without blank line|return `C:\tmp\x`
.\gitmap\cmd\expandhome_test.go|20|monolithic function|length 59
.\gitmap\cmd\export.go|25|return without blank line|return args[0]
.\gitmap\cmd\export.go|32|monolithic function|length 19
.\gitmap\cmd\exportjson_contract_test.go|23|return without blank line|return model.DatabaseExport{
.\gitmap\cmd\exportrender.go|46|return without blank line|return err
.\gitmap\cmd\exportrender.go|64|return without blank line|return []exportArrayField{
.\gitmap\cmd\exportrender.go|78|return without blank line|return json.RawMessage("[]"), nil
.\gitmap\cmd\exportrender.go|84|return without blank line|return nil, err
.\gitmap\cmd\exportrender.go|95|return without blank line|return len(v) == 0
.\gitmap\cmd\exportrender.go|97|return without blank line|return len(v) == 0
.\gitmap\cmd\exportrender.go|99|return without blank line|return len(v) == 0
.\gitmap\cmd\exportrender.go|101|return without blank line|return len(v) == 0
.\gitmap\cmd\exportrender.go|103|return without blank line|return len(v) == 0
.\gitmap\cmd\export_jsonschema_contract_test.go|41|monolithic function|length 17
.\gitmap\cmd\export_nested_jsonschema_contract_test.go|20|return without blank line|return model.DatabaseExport{
.\gitmap\cmd\export_nested_jsonschema_contract_test.go|37|monolithic function|length 17
.\gitmap\cmd\export_nested_jsonschema_contract_test.go|58|monolithic function|length 20
.\gitmap\cmd\findnext.go|22|monolithic function|length 20
.\gitmap\cmd\findnextflags.go|35|return without blank line|return 0, false, err
.\gitmap\cmd\findnextflags.go|51|return without blank line|return classifyEqualsForm(tok[:eq], tok[eq+1:], curID, curJSON)
.\gitmap\cmd\findnextflags.go|55|return without blank line|return 0, curID, true, nil
.\gitmap\cmd\findnextflags.go|57|return without blank line|return classifyScanFolderSpaceForm(args, i, curJSON)
.\gitmap\cmd\findnextflags.go|68|return without blank line|return 0, 0, false, fmt.Errorf(constants.ErrFindNextBoolTakesNoValueFmt,
.\gitmap\cmd\findnextflags.go|73|return without blank line|return 0, 0, false, fmt.Errorf(constants.ErrFindNextBadIntFmt,
.\gitmap\cmd\findnextflags.go|87|return without blank line|return 0, 0, false, fmt.Errorf(constants.ErrFindNextMissingValueFmt,
.\gitmap\cmd\findnextflags.go|93|return without blank line|return 0, 0, false, fmt.Errorf(constants.ErrFindNextBadIntFmt,
.\gitmap\cmd\findnextflags.go|106|return without blank line|return fmt.Errorf(constants.ErrFindNextUnexpectedArgFmt, tok)
.\gitmap\cmd\findnextflags.go|109|return without blank line|return fmt.Errorf(constants.ErrFindNextUnknownFlagSuggestFmt, tok, guess)
.\gitmap\cmd\findnextflags.go|130|return without blank line|return best, true
.\gitmap\cmd\findnextflags.go|65|monolithic function|length 16
.\gitmap\cmd\findnextflags_test.go|11|monolithic function|length 25
.\gitmap\cmd\findnextflags_test.go|92|monolithic function|length 18
.\gitmap\cmd\findnextjson_contract_test.go|48|monolithic function|length 21
.\gitmap\cmd\findnextrender.go|39|return without blank line|return stablejson.WriteArray(w, buildFindNextJSONItems(rows))
.\gitmap\cmd\findnext_jsonschema_contract_test.go|40|monolithic function|length 17
.\gitmap\cmd\findnext_jsonschema_contract_test.go|64|monolithic function|length 19
.\gitmap\cmd\fixauth.go|79|return without blank line|return email
.\gitmap\cmd\fixauth.go|171|return without blank line|return keyPath
.\gitmap\cmd\fixauth.go|174|return without blank line|return "~" + strings.ReplaceAll(keyPath[len(home):], "\\", "/")
.\gitmap\cmd\fixauth.go|28|monolithic function|length 26
.\gitmap\cmd\fixauth.go|57|monolithic function|length 17
.\gitmap\cmd\fixauth.go|102|monolithic function|length 28
.\gitmap\cmd\fixauth.go|182|monolithic function|length 17
.\gitmap\cmd\fixrepo.go|88|return without blank line|return 2
.\gitmap\cmd\fixrepo.go|90|return without blank line|return 3
.\gitmap\cmd\fixrepo.go|92|return without blank line|return 5
.\gitmap\cmd\fixrepo.go|94|return without blank line|return current - 1
.\gitmap\cmd\fixrepo.go|97|return without blank line|return constants.FixRepoDefaultSpan
.\gitmap\cmd\fixrepo.go|101|return without blank line|return n
.\gitmap\cmd\fixrepo.go|111|return without blank line|return nil
.\gitmap\cmd\fixrepo.go|119|return without blank line|return nil
.\gitmap\cmd\fixrepo.go|155|return without blank line|return constants.FixRepoTargetsNone
.\gitmap\cmd\fixrepo.go|40|monolithic function|length 39
.\gitmap\cmd\fixrepo.go|85|monolithic function|length 20
.\gitmap\cmd\fixrepo.go|109|monolithic function|length 18
.\gitmap\cmd\fixrepo_backup.go|121|return without blank line|return err
.\gitmap\cmd\fixrepo_backup.go|125|return without blank line|return err
.\gitmap\cmd\fixrepo_backup.go|130|return without blank line|return err
.\gitmap\cmd\fixrepo_backup.go|134|return without blank line|return err
.\gitmap\cmd\fixrepo_backup.go|144|return without blank line|return target
.\gitmap\cmd\fixrepo_backup.go|119|monolithic function|length 19
.\gitmap\cmd\fixrepo_config.go|59|return without blank line|return resolveExplicitConfigPath(explicit)
.\gitmap\cmd\fixrepo_config.go|65|return without blank line|return "", nil
.\gitmap\cmd\fixrepo_config.go|74|return without blank line|return "", fmt.Errorf("config file not found: %s", explicit)
.\gitmap\cmd\fixrepo_config.go|84|return without blank line|return fixRepoConfig{}, err
.\gitmap\cmd\fixrepo_config.go|88|return without blank line|return fixRepoConfig{}, err
.\gitmap\cmd\fixrepo_config.go|122|return without blank line|return true
.\gitmap\cmd\fixrepo_config.go|127|return without blank line|return true
.\gitmap\cmd\fixrepo_config.go|37|monolithic function|length 16
.\gitmap\cmd\fixrepo_config.go|95|monolithic function|length 18
.\gitmap\cmd\fixrepo_config.go|151|monolithic function|length 23
.\gitmap\cmd\fixrepo_flags.go|28|return without blank line|return false
.\gitmap\cmd\fixrepo_flags.go|31|return without blank line|return err == nil && n > 0
.\gitmap\cmd\fixrepo_flags.go|39|return without blank line|return a
.\gitmap\cmd\fixrepo_flags.go|41|return without blank line|return "-" + a
.\gitmap\cmd\fixrepo_flags.go|63|return without blank line|return out, err
.\gitmap\cmd\fixrepo_flags.go|105|return without blank line|return 0, err
.\gitmap\cmd\fixrepo_flags.go|108|return without blank line|return consumed, nil
.\gitmap\cmd\fixrepo_flags.go|112|return without blank line|return 0, err
.\gitmap\cmd\fixrepo_flags.go|115|return without blank line|return consumed, nil
.\gitmap\cmd\fixrepo_flags.go|119|return without blank line|return 0, err
.\gitmap\cmd\fixrepo_flags.go|122|return without blank line|return consumed, nil
.\gitmap\cmd\fixrepo_flags.go|133|return without blank line|return out, fmt.Errorf("multiple mode flags: %s", strings.Join(modes, " "))
.\gitmap\cmd\fixrepo_flags.go|136|return without blank line|return out, fmt.Errorf("unknown flag(s): %s\n%s", strings.Join(unknown, " "), fixRepoFlagHint())
.\gitmap\cmd\fixrepo_flags.go|149|return without blank line|return true
.\gitmap\cmd\fixrepo_flags.go|162|return without blank line|return "--" + constants.FixRepoFlagAll
.\gitmap\cmd\fixrepo_flags.go|199|return without blank line|return 0, true, errors.New("--config requires a path")
.\gitmap\cmd\fixrepo_flags.go|233|return without blank line|return 0, true, fmt.Errorf("%s requires a value (no-version|nv)", a)
.\gitmap\cmd\fixrepo_flags.go|236|return without blank line|return 2, true, applyRestrictValue(out, args[i+1])
.\gitmap\cmd\fixrepo_flags.go|240|return without blank line|return 1, true, applyRestrictValue(out, a[len(p):])
.\gitmap\cmd\fixrepo_flags.go|273|return without blank line|return 0, true, fmt.Errorf("%s requires a positive integer", a)
.\gitmap\cmd\fixrepo_flags.go|276|return without blank line|return 2, true, applyGofmtMaxCmdLen(out, args[i+1])
.\gitmap\cmd\fixrepo_flags.go|279|return without blank line|return 1, true, applyGofmtMaxCmdLen(out, a[len(prefix):])
.\gitmap\cmd\fixrepo_flags.go|289|return without blank line|return fmt.Errorf("--%s: %q is not an integer", constants.FixRepoFlagGofmtMaxCmdLen, v)
.\gitmap\cmd\fixrepo_flags.go|292|return without blank line|return fmt.Errorf("--%s: %d below floor %d",
.\gitmap\cmd\fixrepo_flags.go|192|monolithic function|length 28
.\gitmap\cmd\fixrepo_flags.go|225|monolithic function|length 20
.\gitmap\cmd\fixrepo_flags.go|267|monolithic function|length 16
.\gitmap\cmd\fixrepo_gofmt.go|44|return without blank line|return opts.gofmtMaxCmdLen
.\gitmap\cmd\fixrepo_gofmt.go|55|return without blank line|return emitGofmtDryRunPreview(goFiles, opts)
.\gitmap\cmd\fixrepo_gofmt.go|127|return without blank line|return paths
.\gitmap\cmd\fixrepo_gofmt.go|189|return without blank line|return nil
.\gitmap\cmd\fixrepo_gofmt.go|219|return without blank line|return strings.EqualFold(filepath.Ext(rel), ".go")
.\gitmap\cmd\fixrepo_gofmt.go|53|monolithic function|length 16
.\gitmap\cmd\fixrepo_gofmt.go|78|monolithic function|length 27
.\gitmap\cmd\fixrepo_gofmt.go|145|monolithic function|length 34
.\gitmap\cmd\fixrepo_gofmt.go|187|monolithic function|length 26
.\gitmap\cmd\fixrepo_gofmt_test.go|31|monolithic function|length 30
.\gitmap\cmd\fixrepo_gofmt_test.go|63|monolithic function|length 62
.\gitmap\cmd\fixrepo_identity.go|90|return without blank line|return h, o, r, true
.\gitmap\cmd\fixrepo_identity.go|93|return without blank line|return h, o, r, true
.\gitmap\cmd\fixrepo_identity.go|96|return without blank line|return h, o, r, true
.\gitmap\cmd\fixrepo_identity.go|113|return without blank line|return "", "", "", false
.\gitmap\cmd\fixrepo_identity.go|123|return without blank line|return "", "", "", false
.\gitmap\cmd\fixrepo_identity.go|133|return without blank line|return "", "", "", false
.\gitmap\cmd\fixrepo_rewrite.go|23|return without blank line|return rewriteFixRepoFileR(fullPath, base, current, targets, dryRun, false)
.\gitmap\cmd\fixrepo_rewrite.go|30|return without blank line|return 0, err
.\gitmap\cmd\fixrepo_rewrite.go|34|return without blank line|return 0, nil
.\gitmap\cmd\fixrepo_rewrite.go|37|return without blank line|return count, nil
.\gitmap\cmd\fixrepo_rewrite.go|40|return without blank line|return 0, err
.\gitmap\cmd\fixrepo_rewrite.go|49|return without blank line|return applyAllTargetsR(text, base, current, targets, false)
.\gitmap\cmd\fixrepo_rewrite.go|86|return without blank line|return text, 0
.\gitmap\cmd\fixrepo_rewrite.go|134|return without blank line|return false
.\gitmap\cmd\fixrepo_rewrite.go|137|return without blank line|return false
.\gitmap\cmd\fixrepo_rewrite.go|149|return without blank line|return true
.\gitmap\cmd\fixrepo_rewrite.go|151|return without blank line|return true
.\gitmap\cmd\fixrepo_rewrite.go|153|return without blank line|return true
.\gitmap\cmd\fixrepo_rewrite.go|155|return without blank line|return true
.\gitmap\cmd\fixrepo_rewrite.go|168|return without blank line|return text, 0
.\gitmap\cmd\fixrepo_rewrite.go|216|return without blank line|return c >= '0' && c <= '9'
.\gitmap\cmd\fixrepo_rewrite.go|27|monolithic function|length 17
.\gitmap\cmd\fixrepo_rewrite.go|56|monolithic function|length 19
.\gitmap\cmd\fixrepo_rewrite.go|94|monolithic function|length 19
.\gitmap\cmd\fixrepo_rewrite.go|177|monolithic function|length 16
.\gitmap\cmd\fixrepo_rewrite_barebase_test.go|24|monolithic function|length 16
.\gitmap\cmd\fixrepo_rewrite_preview.go|31|return without blank line|return 0, nil, err
.\gitmap\cmd\fixrepo_rewrite_preview.go|64|return without blank line|return updated, hits, total
.\gitmap\cmd\fixrepo_rewrite_preview_test.go|10|monolithic function|length 16
.\gitmap\cmd\fixrepo_rewrite_preview_test.go|28|monolithic function|length 20
.\gitmap\cmd\fixrepo_rewrite_preview_test.go|63|monolithic function|length 23
.\gitmap\cmd\fixrepo_rewrite_scan.go|34|return without blank line|return nil
.\gitmap\cmd\fixrepo_rewrite_scan.go|48|return without blank line|return 0
.\gitmap\cmd\fixrepo_rewrite_scan.go|63|monolithic function|length 19
.\gitmap\cmd\fixrepo_rewrite_scan_test.go|21|monolithic function|length 68
.\gitmap\cmd\fixrepo_rewrite_scan_test.go|95|monolithic function|length 29
.\gitmap\cmd\fixrepo_rewrite_v9tov12_test.go|149|return without blank line|return CountUnguardedTokenHits(body, token)
.\gitmap\cmd\fixrepo_rewrite_v9tov12_test.go|234|return without blank line|return ""
.\gitmap\cmd\fixrepo_rewrite_v9tov12_test.go|251|return without blank line|return ScanUnguardedTokenHits(body, token)
.\gitmap\cmd\fixrepo_rewrite_v9tov12_test.go|259|return without blank line|return 0, 0, ""
.\gitmap\cmd\fixrepo_rewrite_v9tov12_test.go|276|return without blank line|return ""
.\gitmap\cmd\fixrepo_rewrite_v9tov12_test.go|64|monolithic function|length 29
.\gitmap\cmd\fixrepo_rewrite_v9tov12_test.go|123|monolithic function|length 18
.\gitmap\cmd\fixrepo_rewrite_v9tov12_test.go|208|monolithic function|length 17
.\gitmap\cmd\fixrepo_rewrite_versionscope_test.go|10|monolithic function|length 55
.\gitmap\cmd\fixrepo_scan.go|150|return without blank line|return ""
.\gitmap\cmd\fixrepo_scan.go|165|return without blank line|return fmt.Sprintf(constants.FixRepoMsgDryRunHitBare, h.count)
.\gitmap\cmd\fixrepo_scan.go|180|return without blank line|return nil
.\gitmap\cmd\fixrepo_scan.go|197|return without blank line|return false
.\gitmap\cmd\fixrepo_scan.go|200|return without blank line|return false
.\gitmap\cmd\fixrepo_scan.go|203|return without blank line|return false
.\gitmap\cmd\fixrepo_scan.go|213|return without blank line|return true
.\gitmap\cmd\fixrepo_scan.go|216|return without blank line|return true
.\gitmap\cmd\fixrepo_scan.go|219|return without blank line|return true
.\gitmap\cmd\fixrepo_scan.go|239|return without blank line|return true
.\gitmap\cmd\fixrepo_scan.go|246|return without blank line|return true
.\gitmap\cmd\fixrepo_scan.go|174|monolithic function|length 17
.\gitmap\cmd\fixrepo_strict.go|35|return without blank line|return true
.\gitmap\cmd\fixrepo_strict.go|33|monolithic function|length 27
.\gitmap\cmd\fixrepo_strict_packages.go|36|return without blank line|return nil
.\gitmap\cmd\fixrepo_strict_packages.go|66|return without blank line|return "", false
.\gitmap\cmd\fixrepo_strict_packages.go|70|return without blank line|return "", false
.\gitmap\cmd\fixrepo_strict_packages.go|74|return without blank line|return ".", true
.\gitmap\cmd\fixrepo_strict_packages.go|34|monolithic function|length 19
.\gitmap\cmd\fixrepo_strict_packages_test.go|104|monolithic function|length 19
.\gitmap\cmd\fixrepo_tips.go|18|return without blank line|return "  accepted flags:\n" +
.\gitmap\cmd\fixrepo_tips.go|38|monolithic function|length 19
.\gitmap\cmd\githubdesktop.go|40|return without blank line|return cwd
.\gitmap\cmd\githubdesktop.go|45|return without blank line|return args[0]
.\gitmap\cmd\githubdesktop.go|17|monolithic function|length 17
.\gitmap\cmd\githubdesktop.go|61|monolithic function|length 16
.\gitmap\cmd\glyphsflag.go|51|return without blank line|return args[i+1], 2, true
.\gitmap\cmd\glyphsflag.go|54|return without blank line|return "", 1, true
.\gitmap\cmd\glyphsflag.go|57|return without blank line|return v, 1, true
.\gitmap\cmd\glyphsflag.go|60|return without blank line|return v, 1, true
.\gitmap\cmd\glyphsflag.go|20|monolithic function|length 25
.\gitmap\cmd\glyphsflag.go|48|monolithic function|length 16
.\gitmap\cmd\gomod.go|22|monolithic function|length 34
.\gitmap\cmd\gomod.go|59|monolithic function|length 24
.\gitmap\cmd\gomodbranch.go|86|return without blank line|return constants.DefaultBranch
.\gitmap\cmd\gomodbranch.go|97|return without blank line|return false
.\gitmap\cmd\gomodreplace.go|30|return without blank line|return strings.TrimSpace(strings.TrimPrefix(line, constants.GoModModuleLine))
.\gitmap\cmd\gomodreplace.go|82|return without blank line|return nil
.\gitmap\cmd\gomodreplace.go|85|return without blank line|return filepath.SkipDir
.\gitmap\cmd\gomodreplace.go|88|return without blank line|return nil
.\gitmap\cmd\gomodreplace.go|91|return without blank line|return nil
.\gitmap\cmd\gomodreplace.go|109|return without blank line|return true
.\gitmap\cmd\gomodreplace.go|115|return without blank line|return true
.\gitmap\cmd\gomodreplace.go|126|return without blank line|return nil
.\gitmap\cmd\gomodreplace.go|149|return without blank line|return true
.\gitmap\cmd\gomodreplace.go|160|return without blank line|return false
.\gitmap\cmd\gomodreplace.go|41|monolithic function|length 18
.\gitmap\cmd\gomodreplace.go|77|monolithic function|length 24
.\gitmap\cmd\gomodreplace.go|124|monolithic function|length 17
.\gitmap\cmd\gomod_integration_test.go|18|monolithic function|length 29
.\gitmap\cmd\gomod_integration_test.go|49|monolithic function|length 17
.\gitmap\cmd\gomod_integration_test.go|68|monolithic function|length 36
.\gitmap\cmd\gomod_integration_test.go|138|monolithic function|length 18
.\gitmap\cmd\gomod_integration_test.go|158|monolithic function|length 30
.\gitmap\cmd\group.go|22|monolithic function|length 16
.\gitmap\cmd\group.go|41|monolithic function|length 36
.\gitmap\cmd\group.go|80|monolithic function|length 23
.\gitmap\cmd\group.go|106|monolithic function|length 19
.\gitmap\cmd\groupadd.go|12|monolithic function|length 18
.\gitmap\cmd\groupadd.go|33|monolithic function|length 16
.\gitmap\cmd\grouplist.go|13|monolithic function|length 20
.\gitmap\cmd\groupremove.go|12|monolithic function|length 18
.\gitmap\cmd\groupremove.go|33|monolithic function|length 16
.\gitmap\cmd\groupshow.go|22|monolithic function|length 18
.\gitmap\cmd\hasanyupdates.go|60|return without blank line|return 0, 0, false
.\gitmap\cmd\hasanyupdates.go|65|return without blank line|return 0, 0, false
.\gitmap\cmd\hasanyupdates.go|14|monolithic function|length 20
.\gitmap\cmd\hasanyupdates.go|56|monolithic function|length 16
.\gitmap\cmd\haschange.go|100|return without blank line|return constants.HCTrue
.\gitmap\cmd\haschange.go|114|return without blank line|return 0, 0, false
.\gitmap\cmd\haschange.go|118|return without blank line|return 0, 0, false
.\gitmap\cmd\haschange.go|27|monolithic function|length 22
.\gitmap\cmd\helpcheck.go|34|return without blank line|return true
.\gitmap\cmd\helpdashboard.go|78|return without blank line|return dlErr
.\gitmap\cmd\helpdashboard.go|87|return without blank line|return mkErr
.\gitmap\cmd\helpdashboard.go|93|return without blank line|return extractErr
.\gitmap\cmd\helpdashboard.go|96|return without blank line|return nil
.\gitmap\cmd\helpdashboard.go|112|return without blank line|return "."
.\gitmap\cmd\helpdashboard.go|117|return without blank line|return filepath.Dir(exe)
.\gitmap\cmd\helpdashboard.go|153|return without blank line|return http.HandlerFunc(func(w http.ResponseWriter, r *http.Request) {
.\gitmap\cmd\helpdashboard.go|22|monolithic function|length 41
.\gitmap\cmd\helpdashboard.go|66|monolithic function|length 31
.\gitmap\cmd\helpdashboard.go|124|monolithic function|length 19
.\gitmap\cmd\helpdashboard.go|150|monolithic function|length 21
.\gitmap\cmd\helpdashboard.go|174|monolithic function|length 39
.\gitmap\cmd\helpdashboard_download.go|45|return without blank line|return url, n, nil
.\gitmap\cmd\helpdashboard_download.go|60|return without blank line|return 0, fmt.Errorf("build request: %w", err)
.\gitmap\cmd\helpdashboard_download.go|65|return without blank line|return 0, fmt.Errorf("http get: %w", err)
.\gitmap\cmd\helpdashboard_download.go|70|return without blank line|return 0, fmt.Errorf("http %d", resp.StatusCode)
.\gitmap\cmd\helpdashboard_download.go|75|return without blank line|return 0, fmt.Errorf("create file: %w", err)
.\gitmap\cmd\helpdashboard_download.go|81|return without blank line|return n, fmt.Errorf("download body: %w", err)
.\gitmap\cmd\helpdashboard_download.go|85|return without blank line|return 0, fmt.Errorf("empty response body")
.\gitmap\cmd\helpdashboard_download.go|33|monolithic function|length 21
.\gitmap\cmd\helpdashboard_download.go|57|monolithic function|length 32
.\gitmap\cmd\helpdashboard_extract.go|20|return without blank line|return fmt.Errorf("open zip: %w", err)
.\gitmap\cmd\helpdashboard_extract.go|26|return without blank line|return fmt.Errorf("resolve target dir: %w", err)
.\gitmap\cmd\helpdashboard_extract.go|34|return without blank line|return entryErr
.\gitmap\cmd\helpdashboard_extract.go|39|return without blank line|return fmt.Errorf("archive exceeds maximum extraction size (%d bytes)", maxDocsSiteSize)
.\gitmap\cmd\helpdashboard_extract.go|52|return without blank line|return 0, fmt.Errorf("illegal file path in zip: %s", f.Name)
.\gitmap\cmd\helpdashboard_extract.go|56|return without blank line|return handleExtractDir(absDestPath)
.\gitmap\cmd\helpdashboard_extract.go|60|return without blank line|return 0, fmt.Errorf("create parent dir: %w", mkErr)
.\gitmap\cmd\helpdashboard_extract.go|65|return without blank line|return 0, fmt.Errorf("open entry %s: %w", f.Name, openErr)
.\gitmap\cmd\helpdashboard_extract.go|71|return without blank line|return 0, fmt.Errorf("create file %s: %w", absDestPath, createErr)
.\gitmap\cmd\helpdashboard_extract.go|78|return without blank line|return written, fmt.Errorf("write file %s: %w", absDestPath, copyErr)
.\gitmap\cmd\helpdashboard_extract.go|88|return without blank line|return 0, fmt.Errorf("create dir %s: %w", absDestPath, mkErr)
.\gitmap\cmd\helpdashboard_extract.go|90|return without blank line|return 0, nil
.\gitmap\cmd\helpdashboard_extract.go|17|monolithic function|length 27
.\gitmap\cmd\helpdashboard_extract.go|48|monolithic function|length 34
.\gitmap\cmd\helpdashboard_target.go|19|return without blank line|return filepath.Join(docsDir, constants.HDDistDir)
.\gitmap\cmd\helpdashboard_target.go|30|return without blank line|return filepath.Join(docsDir, constants.HDDistDir)
.\gitmap\cmd\helpdashboard_target.go|16|monolithic function|length 19
.\gitmap\cmd\helpjson_jsonschema_contract_test.go|42|monolithic function|length 27
.\gitmap\cmd\hints.go|26|return without blank line|return []hintEntry{
.\gitmap\cmd\hints.go|35|return without blank line|return []hintEntry{
.\gitmap\cmd\hints.go|44|return without blank line|return []hintEntry{
.\gitmap\cmd\hints.go|52|return without blank line|return []hintEntry{
.\gitmap\cmd\hints.go|61|return without blank line|return []hintEntry{
.\gitmap\cmd\hints.go|70|return without blank line|return []hintEntry{
.\gitmap\cmd\hints.go|79|return without blank line|return []hintEntry{
.\gitmap\cmd\hints.go|87|return without blank line|return []hintEntry{
.\gitmap\cmd\hints.go|96|return without blank line|return []hintEntry{
.\gitmap\cmd\hints.go|105|return without blank line|return []hintEntry{
.\gitmap\cmd\hints.go|113|return without blank line|return []hintEntry{
.\gitmap\cmd\history.go|56|return without blank line|return records
.\gitmap\cmd\history.go|61|return without blank line|return db.ListHistoryByCommand(cmdFilter)
.\gitmap\cmd\history.go|63|return without blank line|return db.ListHistory()
.\gitmap\cmd\history.go|79|return without blank line|return records[:limit]
.\gitmap\cmd\history.go|128|return without blank line|return historyRowTokens{
.\gitmap\cmd\history.go|164|return without blank line|return colorize(constants.ColorGreen, padRight("✓ "+constants.MsgHistoryStatusOK, 8))
.\gitmap\cmd\history.go|166|return without blank line|return colorize(constants.ColorRed, padRight("✗ "+constants.MsgHistoryStatusFail, 8))
.\gitmap\cmd\history.go|191|return without blank line|return hints
.\gitmap\cmd\history.go|238|return without blank line|return hint
.\gitmap\cmd\history.go|241|return without blank line|return recloneTransportHint(r)
.\gitmap\cmd\history.go|243|return without blank line|return ""
.\gitmap\cmd\history.go|248|return without blank line|return "gitmap cfr " + r.Args + " --https"
.\gitmap\cmd\history.go|251|return without blank line|return "gitmap cfr " + r.Args + " --ssh"
.\gitmap\cmd\history.go|253|return without blank line|return ""
.\gitmap\cmd\history.go|263|return without blank line|return humanizeDuration(time.Since(t)) + " ago"
.\gitmap\cmd\history.go|266|return without blank line|return "—"
.\gitmap\cmd\history.go|274|return without blank line|return time.Time{}, false
.\gitmap\cmd\history.go|279|return without blank line|return t, true
.\gitmap\cmd\history.go|282|return without blank line|return time.Time{}, false
.\gitmap\cmd\history.go|293|return without blank line|return fmt.Sprintf("%ds", int(d.Seconds()))
.\gitmap\cmd\history.go|296|return without blank line|return fmt.Sprintf("%dm", int(d.Minutes()))
.\gitmap\cmd\history.go|299|return without blank line|return fmt.Sprintf("%dh", int(d.Hours()))
.\gitmap\cmd\history.go|301|return without blank line|return fmt.Sprintf("%dd", int(d.Hours()/24))
.\gitmap\cmd\history.go|310|return without blank line|return s
.\gitmap\cmd\history.go|312|return without blank line|return s + strings.Repeat(" ", w-len(s))
.\gitmap\cmd\history.go|317|return without blank line|return s
.\gitmap\cmd\history.go|320|return without blank line|return s[:w]
.\gitmap\cmd\history.go|322|return without blank line|return s[:w-1] + "…"
.\gitmap\cmd\history.go|327|return without blank line|return s
.\gitmap\cmd\history.go|329|return without blank line|return color + s + constants.ColorReset
.\gitmap\cmd\historyjson_contract_test.go|40|return without blank line|return model.CommandHistoryRecord{
.\gitmap\cmd\historyrender.go|39|return without blank line|return stablejson.WriteArray(w, buildHistoryJSONItems(records))
.\gitmap\cmd\historyrender.go|51|return without blank line|return items
.\gitmap\cmd\historyrender.go|55|return without blank line|return append(historyRecordMetaFields(r), historyRecordTimingFields(r)...)
.\gitmap\cmd\historyrender.go|59|return without blank line|return []stablejson.Field{
.\gitmap\cmd\historyrender.go|70|return without blank line|return []stablejson.Field{
.\gitmap\cmd\historyrewrite.go|61|return without blank line|return "history-pin"
.\gitmap\cmd\historyrewrite.go|63|return without blank line|return "history-purge"
.\gitmap\cmd\historyrewrite.go|70|return without blank line|return nil
.\gitmap\cmd\historyrewrite.go|82|return without blank line|return out
.\gitmap\cmd\historyrewrite.go|37|monolithic function|length 18
.\gitmap\cmd\historyrewrite_flags.go|36|return without blank line|return opts, paths
.\gitmap\cmd\historyrewrite_flags.go|47|return without blank line|return rawHistoryFlags{
.\gitmap\cmd\historyrewrite_flags.go|61|return without blank line|return historyOpts{
.\gitmap\cmd\historyrewrite_flags.go|109|return without blank line|return flags, positional
.\gitmap\cmd\historyrewrite_flags.go|115|return without blank line|return tok == "--"+constants.HistoryFlagMessage ||
.\gitmap\cmd\historyrewrite_flags.go|86|monolithic function|length 24
.\gitmap\cmd\historyrewrite_paths.go|22|return without blank line|return out
.\gitmap\cmd\historyrewrite_paths_test.go|12|monolithic function|length 59
.\gitmap\cmd\historyrewrite_pin.go|34|return without blank line|return "", err
.\gitmap\cmd\historyrewrite_pin.go|42|return without blank line|return writeManifestFile(sandbox, entries)
.\gitmap\cmd\historyrewrite_pin.go|49|return without blank line|return "", err
.\gitmap\cmd\historyrewrite_pin.go|53|return without blank line|return "", err
.\gitmap\cmd\historyrewrite_pin.go|55|return without blank line|return manifest, nil
.\gitmap\cmd\historyrewrite_pin.go|71|return without blank line|return nil, fmt.Errorf("git log for %s: %w", path, err)
.\gitmap\cmd\historyrewrite_pin.go|73|return without blank line|return parseBlobShasFromRawLog(string(out)), nil
.\gitmap\cmd\historyrewrite_pin.go|93|return without blank line|return out
.\gitmap\cmd\historyrewrite_pin.go|121|return without blank line|return strings.ReplaceAll(tmpl, "__MANIFEST__", quoted)
.\gitmap\cmd\historyrewrite_pin.go|78|monolithic function|length 16
.\gitmap\cmd\historyrewrite_pin.go|99|monolithic function|length 23
.\gitmap\cmd\historyrewrite_pin_test.go|89|return without blank line|return string(b)
.\gitmap\cmd\historyrewrite_pin_test.go|30|monolithic function|length 55
.\gitmap\cmd\historyrewrite_push.go|38|return without blank line|return false
.\gitmap\cmd\historyrewrite_push.go|40|return without blank line|return strings.TrimSpace(line) == "yes"
.\gitmap\cmd\historyrewrite_sandbox.go|47|return without blank line|return url
.\gitmap\cmd\historyrewrite_sandbox.go|68|return without blank line|return sandbox
.\gitmap\cmd\historyrewrite_sandbox.go|131|return without blank line|return nil
.\gitmap\cmd\historyrewrite_sandbox.go|134|return without blank line|return []string{"--commit-callback", buildScopedMessagePython(opts.message, touched)}
.\gitmap\cmd\historyrewrite_sandbox.go|147|return without blank line|return nil
.\gitmap\cmd\historyrewrite_sandbox.go|157|return without blank line|return shas
.\gitmap\cmd\historyrewrite_sandbox.go|173|return without blank line|return fmt.Sprintf(`
.\gitmap\cmd\historyrewrite_sandbox.go|202|return without blank line|return exitErr.ExitCode()
.\gitmap\cmd\historyrewrite_sandbox.go|204|return without blank line|return -1
.\gitmap\cmd\historyrewrite_sandbox.go|52|monolithic function|length 17
.\gitmap\cmd\historyrewrite_sandbox.go|141|monolithic function|length 17
.\gitmap\cmd\historyrewrite_sandbox.go|167|monolithic function|length 17
.\gitmap\cmd\historyrewrite_verify.go|71|return without blank line|return clean
.\gitmap\cmd\historyrewrite_verify.go|81|return without blank line|return "", false
.\gitmap\cmd\historyrewrite_verify.go|84|return without blank line|return hex.EncodeToString(sum[:]), true
.\gitmap\cmd\historyrewrite_verify.go|95|return without blank line|return n
.\gitmap\cmd\history_jsonschema_contract_test.go|41|monolithic function|length 17
.\gitmap\cmd\history_jsonschema_contract_test.go|65|monolithic function|length 19
.\gitmap\cmd\hygiene_integration_test.go|20|monolithic function|length 25
.\gitmap\cmd\hygiene_integration_test.go|58|monolithic function|length 34
.\gitmap\cmd\hygiene_integration_test.go|96|monolithic function|length 16
.\gitmap\cmd\hygiene_integration_test.go|115|monolithic function|length 16
.\gitmap\cmd\hygiene_integration_test.go|135|monolithic function|length 23
.\gitmap\cmd\hygiene_parallel.go|21|return without blank line|return 2
.\gitmap\cmd\hygiene_parallel.go|24|return without blank line|return 8
.\gitmap\cmd\hygiene_parallel.go|36|return without blank line|return nil
.\gitmap\cmd\hygiene_parallel.go|128|return without blank line|return hygieneFormatTable, nil
.\gitmap\cmd\hygiene_parallel.go|130|return without blank line|return hygieneFormatJSON, nil
.\gitmap\cmd\hygiene_parallel.go|132|return without blank line|return hygieneFormatCSV, nil
.\gitmap\cmd\hygiene_parallel.go|33|monolithic function|length 38
.\gitmap\cmd\hygiene_parallel.go|75|monolithic function|length 38
.\gitmap\cmd\importcmd.go|42|monolithic function|length 16
.\gitmap\cmd\inject.go|94|return without blank line|return os.Getwd()
.\gitmap\cmd\inject.go|98|return without blank line|return "", fmt.Errorf("expected 0 or 1 folder argument, got %d", len(positional))
.\gitmap\cmd\inject.go|103|return without blank line|return "", fmt.Errorf("folder not found or not a directory: %s", positional[0])
.\gitmap\cmd\inject.go|39|monolithic function|length 45
.\gitmap\cmd\inject.go|90|monolithic function|length 17
.\gitmap\cmd\inject.go|117|monolithic function|length 35
.\gitmap\cmd\inject_idempotency.go|42|return without blank line|return store.InjectTimestamps{}
.\gitmap\cmd\inject_idempotency.go|48|return without blank line|return store.InjectTimestamps{}
.\gitmap\cmd\inject_idempotency.go|74|return without blank line|return true
.\gitmap\cmd\inject_idempotency.go|89|return without blank line|return true
.\gitmap\cmd\install.go|30|return without blank line|return opts, list
.\gitmap\cmd\install.go|83|return without blank line|return map[string]func(installOptions){
.\gitmap\cmd\install.go|93|return without blank line|return map[string]func(installOptions){
.\gitmap\cmd\install.go|107|return without blank line|return func(installOptions) { runInstallCleanCode() }
.\gitmap\cmd\install.go|110|return without blank line|return h
.\gitmap\cmd\install.go|112|return without blank line|return specialToolHandler(tool)
.\gitmap\cmd\install.go|117|return without blank line|return false
.\gitmap\cmd\install.go|121|return without blank line|return false
.\gitmap\cmd\install.go|123|return without blank line|return true
.\gitmap\cmd\install.go|151|return without blank line|return false
.\gitmap\cmd\install.go|154|return without blank line|return true
.\gitmap\cmd\install.go|170|return without blank line|return true
.\gitmap\cmd\install.go|173|return without blank line|return true
.\gitmap\cmd\install.go|176|return without blank line|return false
.\gitmap\cmd\install.go|198|return without blank line|return answer == "y" || answer == "Y"
.\gitmap\cmd\installcleancode.go|69|return without blank line|return resolvePowerShellBinaryWithLookPath(exec.LookPath)
.\gitmap\cmd\installcleancode.go|83|return without blank line|return path
.\gitmap\cmd\installcleancode.go|38|monolithic function|length 26
.\gitmap\cmd\installctx.go|96|return without blank line|return "gitmap"
.\gitmap\cmd\installctx.go|119|return without blank line|return [][]string{
.\gitmap\cmd\installctx.go|133|return without blank line|return categoryCommands(key, e, exe)
.\gitmap\cmd\installctx.go|183|return without blank line|return ""
.\gitmap\cmd\installctx.go|193|return without blank line|return `pwsh -NoExit -NoProfile -Command "Set-Location '%V'; Write-Host -NoNewline 'gitmap '"`
.\gitmap\cmd\installctx.go|203|return without blank line|return fmt.Sprintf(`pwsh -NoProfile -WindowStyle Hidden -Command "Set-Location '%%V'; %s& '%s' %s 2>&1 | Out-String | %% { msg.exe * $_ }"`, prefix, target, args)
.\gitmap\cmd\installctx.go|191|monolithic function|length 16
.\gitmap\cmd\installctxentries.go|25|return without blank line|return []ctxEntry{
.\gitmap\cmd\installctxentries.go|42|return without blank line|return []ctxEntry{
.\gitmap\cmd\installctxentries.go|50|return without blank line|return []ctxEntry{
.\gitmap\cmd\installctxentries.go|61|return without blank line|return []ctxEntry{
.\gitmap\cmd\installctxentries.go|72|return without blank line|return []ctxEntry{
.\gitmap\cmd\installctxentries.go|82|return without blank line|return []ctxEntry{
.\gitmap\cmd\installctxentries.go|89|return without blank line|return []ctxEntry{
.\gitmap\cmd\installctxentries.go|102|return without blank line|return []ctxEntry{
.\gitmap\cmd\installctxentries_argv_test.go|95|return without blank line|return out
.\gitmap\cmd\installctxentries_argv_test.go|69|monolithic function|length 27
.\gitmap\cmd\installctxentries_argv_test.go|98|monolithic function|length 24
.\gitmap\cmd\installctxexplain.go|17|return without blank line|return ""
.\gitmap\cmd\installctxexplain.go|28|return without blank line|return ""
.\gitmap\cmd\installctxexplain.go|40|return without blank line|return ""
.\gitmap\cmd\installctxflatten.go|29|monolithic function|length 22
.\gitmap\cmd\installctxflatten.go|77|monolithic function|length 27
.\gitmap\cmd\installctxlinux.go|63|return without blank line|return false
.\gitmap\cmd\installctxlinux.go|86|return without blank line|return false
.\gitmap\cmd\installctxlinux.go|119|return without blank line|return "#!/bin/sh\n" + cd + "\nx-terminal-emulator -e sh -c 'printf \"gitmap \"; exec $SHELL' &\n"
.\gitmap\cmd\installctxlinux.go|121|return without blank line|return fmt.Sprintf("#!/bin/sh\n%s\n%sOUT=$(printf %%s '%s'; '%s' %s 2>&1)\nnotify-send 'gitmap' \"$(echo \"$OUT\" | head -c 200)\" || echo \"$OUT\"\n", cd, guard, announce, target, args)
.\gitmap\cmd\installctxlinux.go|123|return without blank line|return fmt.Sprintf("#!/bin/sh\n%s\n%sx-terminal-emulator -e sh -c \"%s'%s' %s; exec $SHELL\" &\n", cd, guard, echoSh, target, args)
.\gitmap\cmd\installctxlinux.go|134|return without blank line|return ""
.\gitmap\cmd\installctxlinux.go|173|return without blank line|return `cd "%f" && x-terminal-emulator -e sh -c 'printf "gitmap "; exec $SHELL'`
.\gitmap\cmd\installctxlinux.go|175|return without blank line|return fmt.Sprintf(`cd "%%f" && %sOUT=$(printf %%%%s '%s'; '%s' %s 2>&1) && notify-send 'gitmap' "$OUT"`, guard, announce, target, args)
.\gitmap\cmd\installctxlinux.go|177|return without blank line|return fmt.Sprintf(`cd "%%f" && %sx-terminal-emulator -e sh -c "%s'%s' %s; exec $SHELL"`, guard, echoSh, target, args)
.\gitmap\cmd\installctxlinux.go|16|monolithic function|length 21
.\gitmap\cmd\installctxlinux.go|60|monolithic function|length 19
.\gitmap\cmd\installctxlinux.go|83|monolithic function|length 20
.\gitmap\cmd\installctxlinux.go|107|monolithic function|length 18
.\gitmap\cmd\installctxlinux.go|159|monolithic function|length 20
.\gitmap\cmd\installctxlinuxthunar.go|18|return without blank line|return false
.\gitmap\cmd\installctxlinuxthunar.go|44|return without blank line|return "<?xml version=\"1.0\" encoding=\"UTF-8\"?>\n<actions>\n" + block + "</actions>\n"
.\gitmap\cmd\installctxlinuxthunar.go|53|return without blank line|return cur[:i] + block + cur[i+j+len(end):]
.\gitmap\cmd\installctxlinuxthunar.go|56|return without blank line|return cur[:k] + block + cur[k:]
.\gitmap\cmd\installctxlinuxthunar.go|101|return without blank line|return 0
.\gitmap\cmd\installctxlinuxthunar.go|107|return without blank line|return 0
.\gitmap\cmd\installctxlinuxthunar.go|111|return without blank line|return 0
.\gitmap\cmd\installctxlinuxthunar.go|15|monolithic function|length 20
.\gitmap\cmd\installctxlinuxthunar.go|41|monolithic function|length 19
.\gitmap\cmd\installctxlinuxthunar.go|98|monolithic function|length 23
.\gitmap\cmd\installctxmac.go|66|return without blank line|return "", err
.\gitmap\cmd\installctxmac.go|70|return without blank line|return "", err
.\gitmap\cmd\installctxmac.go|90|return without blank line|return false
.\gitmap\cmd\installctxmac.go|94|return without blank line|return false
.\gitmap\cmd\installctxmac.go|121|return without blank line|return `osascript -e 'tell application "Terminal" to do script "cd \"'"$1"'\" && printf \"gitmap \""' -e 'tell application "Terminal" to activate'`
.\gitmap\cmd\installctxmac.go|151|return without blank line|return `<?xml version="1.0" encoding="UTF-8"?>
.\gitmap\cmd\installctxmac.go|15|monolithic function|length 19
.\gitmap\cmd\installctxmac.go|38|monolithic function|length 22
.\gitmap\cmd\installctxmac.go|80|monolithic function|length 18
.\gitmap\cmd\installctxmac.go|113|monolithic function|length 33
.\gitmap\cmd\installctxmac.go|164|monolithic function|length 20
.\gitmap\cmd\installctxmenu.go|13|monolithic function|length 19
.\gitmap\cmd\installctxmenu.go|35|monolithic function|length 19
.\gitmap\cmd\installctxmenu.go|57|monolithic function|length 16
.\gitmap\cmd\installctxmenu.go|76|monolithic function|length 47
.\gitmap\cmd\installctx_argv_e2e_test.go|56|return without blank line|return strings.ReplaceAll(p, ".", "/")
.\gitmap\cmd\installctx_argv_e2e_test.go|175|return without blank line|return true
.\gitmap\cmd\installctx_argv_e2e_test.go|17|monolithic function|length 33
.\gitmap\cmd\installctx_argv_e2e_test.go|64|monolithic function|length 29
.\gitmap\cmd\installctx_argv_e2e_test.go|111|monolithic function|length 20
.\gitmap\cmd\installctx_argv_e2e_test.go|137|monolithic function|length 32
.\gitmap\cmd\installctx_darwin_e2e_test.go|26|monolithic function|length 16
.\gitmap\cmd\installctx_darwin_e2e_test.go|48|monolithic function|length 20
.\gitmap\cmd\installctx_darwin_e2e_test.go|90|monolithic function|length 22
.\gitmap\cmd\installctx_darwin_e2e_test.go|114|monolithic function|length 21
.\gitmap\cmd\installctx_darwin_e2e_test.go|140|monolithic function|length 20
.\gitmap\cmd\installctx_darwin_e2e_test.go|165|monolithic function|length 23
.\gitmap\cmd\installctx_darwin_e2e_test.go|213|monolithic function|length 17
.\gitmap\cmd\installctx_harness_test.go|46|return without blank line|return ctxFlatLeaf{
.\gitmap\cmd\installctx_harness_test.go|82|return without blank line|return slugifyCtx(constants.CtxFlatPrefix + constants.CtxFlatSeparator + e.MUIVerb)
.\gitmap\cmd\installctx_harness_test.go|86|return without blank line|return slugifyCtx(constants.CtxFlatPrefix + constants.CtxFlatSeparator + parent.MUIVerb + constants.CtxFlatChildJoiner + child.MUIVerb)
.\gitmap\cmd\installctx_harness_test.go|107|return without blank line|return l.Exe
.\gitmap\cmd\installctx_harness_test.go|120|return without blank line|return `C:\fake\gitmap.exe`
.\gitmap\cmd\installctx_harness_test.go|144|return without blank line|return n, false
.\gitmap\cmd\installctx_icon_test.go|71|return without blank line|return true
.\gitmap\cmd\installctx_icon_test.go|75|return without blank line|return true
.\gitmap\cmd\installctx_icon_test.go|14|monolithic function|length 23
.\gitmap\cmd\installctx_icon_test.go|43|monolithic function|length 17
.\gitmap\cmd\installctx_icon_test.go|64|monolithic function|length 17
.\gitmap\cmd\installctx_linux_e2e_test.go|333|return without blank line|return str
.\gitmap\cmd\installctx_parity_e2e_test.go|169|return without blank line|return keysOf(m)
.\gitmap\cmd\installctx_parity_e2e_test.go|210|return without blank line|return ""
.\gitmap\cmd\installctx_parity_e2e_test.go|17|monolithic function|length 71
.\gitmap\cmd\installctx_parity_e2e_test.go|96|monolithic function|length 16
.\gitmap\cmd\installctx_parity_e2e_test.go|135|monolithic function|length 21
.\gitmap\cmd\installctx_parity_e2e_test.go|180|monolithic function|length 23
.\gitmap\cmd\installctx_windows_e2e_test.go|38|return without blank line|return false
.\gitmap\cmd\installctx_windows_e2e_test.go|48|return without blank line|return true
.\gitmap\cmd\installctx_windows_e2e_test.go|127|return without blank line|return key[i+1:]
.\gitmap\cmd\installctx_windows_e2e_test.go|138|return without blank line|return p[i+1:]
.\gitmap\cmd\installctx_windows_e2e_test.go|171|return without blank line|return []string{`-NoExit`, `gitmap `}
.\gitmap\cmd\installctx_windows_e2e_test.go|173|return without blank line|return []string{`-WindowStyle Hidden`, `msg.exe`, l.resolvedTarget(exe)}
.\gitmap\cmd\installctx_windows_e2e_test.go|175|return without blank line|return []string{`-NoExit`, l.resolvedTarget(exe), strings.Join(l.Args, " ")}
.\gitmap\cmd\installctx_windows_e2e_test.go|59|monolithic function|length 16
.\gitmap\cmd\installctx_windows_e2e_test.go|95|monolithic function|length 28
.\gitmap\cmd\installctx_windows_e2e_test.go|149|monolithic function|length 17
.\gitmap\cmd\installctx_windows_e2e_test.go|196|monolithic function|length 23
.\gitmap\cmd\installctx_windows_e2e_test.go|246|monolithic function|length 20
.\gitmap\cmd\installdetect.go|13|return without blank line|return override
.\gitmap\cmd\installdetect.go|22|return without blank line|return detectWindowsManager()
.\gitmap\cmd\installdetect.go|25|return without blank line|return detectDarwinManager()
.\gitmap\cmd\installdetect.go|34|return without blank line|return constants.PkgMgrChocolatey
.\gitmap\cmd\installdetect.go|37|return without blank line|return constants.PkgMgrWinget
.\gitmap\cmd\installdetect.go|46|return without blank line|return constants.PkgMgrBrew
.\gitmap\cmd\installdetect.go|55|return without blank line|return constants.PkgMgrApt
.\gitmap\cmd\installdetect.go|58|return without blank line|return constants.PkgMgrDnf
.\gitmap\cmd\installdetect.go|61|return without blank line|return constants.PkgMgrPacman
.\gitmap\cmd\installeddir.go|10|monolithic function|length 22
.\gitmap\cmd\installlist.go|77|return without blank line|return cats
.\gitmap\cmd\installlist.go|97|return without blank line|return out
.\gitmap\cmd\installlist.go|103|return without blank line|return out
.\gitmap\cmd\installlist.go|109|return without blank line|return out
.\gitmap\cmd\installlist.go|114|return without blank line|return constants.StatusInstalled, ver
.\gitmap\cmd\installlist.go|118|return without blank line|return constants.StatusInstalled, "found"
.\gitmap\cmd\installlist.go|120|return without blank line|return constants.StatusNotInstalled, "—"
.\gitmap\cmd\installlist.go|124|return without blank line|return err == nil
.\gitmap\cmd\installlist.go|128|return without blank line|return "—"
.\gitmap\cmd\installlist.go|130|return without blank line|return t.VersionString
.\gitmap\cmd\installlist.go|23|monolithic function|length 17
.\gitmap\cmd\installlist.go|49|monolithic function|length 20
.\gitmap\cmd\installlist.go|93|monolithic function|length 17
.\gitmap\cmd\installnpp.go|17|return without blank line|return constants.ToolNpp
.\gitmap\cmd\installnpp.go|114|return without blank line|return resolveSettingsPath(
.\gitmap\cmd\installnpp.go|30|monolithic function|length 16
.\gitmap\cmd\installnpp.go|69|monolithic function|length 40
.\gitmap\cmd\installnppextract.go|15|monolithic function|length 25
.\gitmap\cmd\installnppextract.go|43|monolithic function|length 25
.\gitmap\cmd\installnppextract.go|79|monolithic function|length 28
.\gitmap\cmd\installnppextract.go|110|monolithic function|length 18
.\gitmap\cmd\installobs.go|98|return without blank line|return ""
.\gitmap\cmd\installobs.go|107|return without blank line|return filepath.Join(dir, entry.Name())
.\gitmap\cmd\installobs.go|244|return without blank line|return 0, err
.\gitmap\cmd\installobs.go|249|return without blank line|return 0, err
.\gitmap\cmd\installobs.go|285|return without blank line|return 0
.\gitmap\cmd\installobs.go|287|return without blank line|return 1
.\gitmap\cmd\installobs.go|295|return without blank line|return 0
.\gitmap\cmd\installobs.go|297|return without blank line|return 1
.\gitmap\cmd\installobs.go|310|return without blank line|return 0
.\gitmap\cmd\installobs.go|312|return without blank line|return n
.\gitmap\cmd\installobs.go|22|monolithic function|length 37
.\gitmap\cmd\installobs.go|62|monolithic function|length 30
.\gitmap\cmd\installobs.go|95|monolithic function|length 17
.\gitmap\cmd\installobs.go|118|monolithic function|length 65
.\gitmap\cmd\installobs.go|186|monolithic function|length 50
.\gitmap\cmd\installobs.go|239|monolithic function|length 39
.\gitmap\cmd\installscripts.go|25|return without blank line|return []scriptSource{
.\gitmap\cmd\installscripts.go|41|return without blank line|return "", err
.\gitmap\cmd\installscripts.go|50|return without blank line|return "", err
.\gitmap\cmd\installscripts.go|52|return without blank line|return tmpDir, nil
.\gitmap\cmd\installscripts.go|59|return without blank line|return false
.\gitmap\cmd\installscripts.go|64|return without blank line|return false
.\gitmap\cmd\installscripts.go|67|return without blank line|return true
.\gitmap\cmd\installscripts.go|77|return without blank line|return copied
.\gitmap\cmd\installscripts.go|104|return without blank line|return resolveScriptsDirWindows()
.\gitmap\cmd\installscripts.go|129|return without blank line|return candidates
.\gitmap\cmd\installscripts.go|135|return without blank line|return ""
.\gitmap\cmd\installscripts.go|139|return without blank line|return ""
.\gitmap\cmd\installscripts.go|141|return without blank line|return filepath.VolumeName(cfg.DeployPath)
.\gitmap\cmd\installscripts.go|148|return without blank line|return filepath.Join(drive+"\\", "gitmap-scripts")
.\gitmap\cmd\installscripts.go|35|monolithic function|length 18
.\gitmap\cmd\installscripts.go|81|monolithic function|length 16
.\gitmap\cmd\installtools.go|40|return without blank line|return false
.\gitmap\cmd\installtools.go|46|return without blank line|return true
.\gitmap\cmd\installtools.go|76|return without blank line|return cmd
.\gitmap\cmd\installtools.go|78|return without blank line|return buildWindowsInstallCommand(manager, pkg, version)
.\gitmap\cmd\installtools.go|84|return without blank line|return buildAptCommand(pkg, version), true
.\gitmap\cmd\installtools.go|86|return without blank line|return buildBrewCommand(tool, pkg), true
.\gitmap\cmd\installtools.go|88|return without blank line|return buildSnapCommand(pkg), true
.\gitmap\cmd\installtools.go|90|return without blank line|return nil, false
.\gitmap\cmd\installtools.go|95|return without blank line|return buildWingetCommand(pkg, version)
.\gitmap\cmd\installtools.go|97|return without blank line|return buildChocoCommand(pkg, version)
.\gitmap\cmd\installtools.go|106|return without blank line|return args
.\gitmap\cmd\installtools.go|115|return without blank line|return args
.\gitmap\cmd\installtools.go|124|return without blank line|return []string{"sudo", "apt", "install", "-y", target}
.\gitmap\cmd\installtools.go|130|return without blank line|return []string{"brew", "install", "--cask", pkg}
.\gitmap\cmd\installtools.go|132|return without blank line|return []string{"brew", "install", pkg}
.\gitmap\cmd\installtools.go|137|return without blank line|return []string{"sudo", "snap", "install", pkg}
.\gitmap\cmd\installtools.go|145|return without blank line|return true
.\gitmap\cmd\installtools.go|147|return without blank line|return false
.\gitmap\cmd\installtools.go|181|return without blank line|return nil, cmd.Run()
.\gitmap\cmd\installtools.go|183|return without blank line|return cmd.CombinedOutput()
.\gitmap\cmd\installtools.go|214|return without blank line|return ""
.\gitmap\cmd\installtools.go|220|return without blank line|return ""
.\gitmap\cmd\installtools.go|222|return without blank line|return logPath
.\gitmap\cmd\installtools.go|233|return without blank line|return header + string(output)
.\gitmap\cmd\installtools.go|235|return without blank line|return header + "(no output captured — verbose mode pipes directly to stdout/stderr)\n"
.\gitmap\cmd\installtools.go|242|return without blank line|return resolveWingetPackage(tool)
.\gitmap\cmd\installtools.go|244|return without blank line|return resolveAptPackage(tool)
.\gitmap\cmd\installtools.go|246|return without blank line|return resolveBrewPackage(tool)
.\gitmap\cmd\installtools.go|248|return without blank line|return resolveSnapPackage(tool)
.\gitmap\cmd\installtools.go|250|return without blank line|return resolveChocoPackage(tool)
.\gitmap\cmd\installtools.go|288|return without blank line|return pkg
.\gitmap\cmd\installtools.go|290|return without blank line|return tool
.\gitmap\cmd\installtools.go|305|return without blank line|return pkg
.\gitmap\cmd\installtools.go|307|return without blank line|return tool
.\gitmap\cmd\installtools.go|332|return without blank line|return pkg
.\gitmap\cmd\installtools.go|334|return without blank line|return tool
.\gitmap\cmd\installtools.go|363|return without blank line|return pkg
.\gitmap\cmd\installtools.go|365|return without blank line|return tool
.\gitmap\cmd\installtools.go|376|return without blank line|return pkg
.\gitmap\cmd\installtools.go|378|return without blank line|return tool
.\gitmap\cmd\installverify.go|16|return without blank line|return true
.\gitmap\cmd\installverify.go|19|return without blank line|return true
.\gitmap\cmd\installverify.go|22|return without blank line|return true
.\gitmap\cmd\installverify.go|25|return without blank line|return true
.\gitmap\cmd\installverify.go|28|return without blank line|return true
.\gitmap\cmd\installverify.go|31|return without blank line|return true
.\gitmap\cmd\installverify.go|95|return without blank line|return ""
.\gitmap\cmd\installverify.go|107|return without blank line|return path
.\gitmap\cmd\installverify.go|119|return without blank line|return "installed (at " + exePath + ")"
.\gitmap\cmd\installverify.go|124|return without blank line|return ""
.\gitmap\cmd\installverify.go|136|return without blank line|return ""
.\gitmap\cmd\installverify.go|141|return without blank line|return ""
.\gitmap\cmd\installverify.go|170|return without blank line|return binary
.\gitmap\cmd\installverify.go|14|monolithic function|length 21
.\gitmap\cmd\installverify.go|38|monolithic function|length 33
.\gitmap\cmd\installverify.go|74|monolithic function|length 16
.\gitmap\cmd\installverify.go|93|monolithic function|length 18
.\gitmap\cmd\installverify.go|114|monolithic function|length 16
.\gitmap\cmd\installverify.go|148|monolithic function|length 26
.\gitmap\cmd\installvscode.go|19|monolithic function|length 68
.\gitmap\cmd\installvscode.go|90|monolithic function|length 30
.\gitmap\cmd\installvscode.go|123|monolithic function|length 45
.\gitmap\cmd\installwt.go|18|monolithic function|length 64
.\gitmap\cmd\installwt.go|85|monolithic function|length 35
.\gitmap\cmd\install_custom.go|45|return without blank line|return exec.Command("powershell", "-NoProfile", "-Command", psCmd)
.\gitmap\cmd\install_custom.go|48|return without blank line|return exec.Command("bash", "-c", shCmd)
.\gitmap\cmd\install_unit_test.go|195|return without blank line|return true
.\gitmap\cmd\install_unit_test.go|200|return without blank line|return true
.\gitmap\cmd\install_unit_test.go|16|monolithic function|length 23
.\gitmap\cmd\install_unit_test.go|43|monolithic function|length 29
.\gitmap\cmd\install_unit_test.go|123|monolithic function|length 19
.\gitmap\cmd\install_unit_test.go|171|monolithic function|length 19
.\gitmap\cmd\interactive.go|24|monolithic function|length 25
.\gitmap\cmd\join.go|13|monolithic function|length 31
.\gitmap\cmd\jsoncontract_golden_determinism_contract_test.go|72|monolithic function|length 16
.\gitmap\cmd\jsoncontract_golden_determinism_test.go|51|monolithic function|length 17
.\gitmap\cmd\jsoncontract_helpers_test.go|48|monolithic function|length 19
.\gitmap\cmd\jsonextract.go|9|return without blank line|return ""
.\gitmap\cmd\jsonextract.go|19|return without blank line|return -1
.\gitmap\cmd\jsonextract.go|33|return without blank line|return ""
.\gitmap\cmd\jsonextract.go|38|return without blank line|return s[idx+1 : idx+1+end]
.\gitmap\cmd\jsonextract.go|48|return without blank line|return i
.\gitmap\cmd\jsonschema_helpers_test.go|37|return without blank line|return candidate
.\gitmap\cmd\jsonschema_helpers_test.go|73|return without blank line|return nil
.\gitmap\cmd\jsonschema_helpers_test.go|79|return without blank line|return nil
.\gitmap\cmd\jsonschema_helpers_test.go|31|monolithic function|length 17
.\gitmap\cmd\jsonsnapshot_helpers_failuremsg_test.go|29|monolithic function|length 149
.\gitmap\cmd\jsonsnapshot_helpers_test.go|121|return without blank line|return keys
.\gitmap\cmd\jsonsnapshot_helpers_test.go|128|return without blank line|return false
.\gitmap\cmd\jsonsnapshot_helpers_test.go|132|return without blank line|return false
.\gitmap\cmd\jsonsnapshot_helpers_test.go|135|return without blank line|return true
.\gitmap\cmd\jsonsnapshot_helpers_test.go|59|monolithic function|length 34
.\gitmap\cmd\jsonsnapshot_helpers_test.go|98|monolithic function|length 19
.\gitmap\cmd\latestbranch.go|94|return without blank line|return refs
.\gitmap\cmd\latestbranch.go|109|return without blank line|return refs
.\gitmap\cmd\latestbranch.go|138|monolithic function|length 22
.\gitmap\cmd\latestbranchrender.go|57|return without blank line|return stablejson.WriteObject(w, fields)
.\gitmap\cmd\latestbranchrender.go|62|return without blank line|return err
.\gitmap\cmd\latestbranchrender.go|89|return without blank line|return nil, err
.\gitmap\cmd\latestbranchrender.go|71|monolithic function|length 22
.\gitmap\cmd\latestbranchresolve.go|55|return without blank line|return []string{constants.LBUnknownBranch}
.\gitmap\cmd\latestbranchresolve.go|47|monolithic function|length 18
.\gitmap\cmd\latestbranchswitch.go|59|return without blank line|return name
.\gitmap\cmd\latestbranchswitch.go|63|return without blank line|return gitutil.StripRemotePrefix(result.latest.RemoteRef)
.\gitmap\cmd\latestbranchswitch.go|25|monolithic function|length 18
.\gitmap\cmd\latestbranch_jsonschema_contract_test.go|47|monolithic function|length 30
.\gitmap\cmd\lfscommon.go|102|return without blank line|return false
.\gitmap\cmd\lfscommon.go|121|return without blank line|return fmt.Errorf("%w: %s", err, strings.TrimSpace(string(out)))
.\gitmap\cmd\lfscommon.go|165|return without blank line|return fmt.Errorf("%w: %s", err, strings.TrimSpace(string(out)))
.\gitmap\cmd\lfscommon.go|178|return without blank line|return tracked
.\gitmap\cmd\lfscommon.go|183|return without blank line|return tracked
.\gitmap\cmd\lfscommon.go|51|monolithic function|length 31
.\gitmap\cmd\lfscommon.go|132|monolithic function|length 20
.\gitmap\cmd\lfscommon.go|173|monolithic function|length 29
.\gitmap\cmd\lfscommon.go|234|monolithic function|length 25
.\gitmap\cmd\lfscommon_test.go|8|monolithic function|length 16
.\gitmap\cmd\list.go|59|return without blank line|return records
.\gitmap\cmd\list.go|66|return without blank line|return true
.\gitmap\cmd\list.go|99|return without blank line|return db.ShowGroup(group)
.\gitmap\cmd\list.go|136|return without blank line|return nil, err
.\gitmap\cmd\list.go|140|return without blank line|return nil, err
.\gitmap\cmd\listreleases.go|43|return without blank line|return args[i+1]
.\gitmap\cmd\listreleases.go|53|return without blank line|return releases
.\gitmap\cmd\listreleases.go|70|return without blank line|return true
.\gitmap\cmd\listreleases.go|86|return without blank line|return n
.\gitmap\cmd\listreleases.go|96|return without blank line|return releases
.\gitmap\cmd\listreleases.go|13|monolithic function|length 24
.\gitmap\cmd\listreleasesallrepos.go|48|return without blank line|return records
.\gitmap\cmd\listreleasesallrepos.go|95|return without blank line|return true
.\gitmap\cmd\listreleasesload.go|19|return without blank line|return nil
.\gitmap\cmd\listreleasesload.go|42|return without blank line|return model.ReleaseRecord{
.\gitmap\cmd\listreleasesload.go|61|return without blank line|return records[i].CreatedAt > records[j].CreatedAt
.\gitmap\cmd\listreleasesload.go|108|return without blank line|return nil
.\gitmap\cmd\listreleasesload.go|82|monolithic function|length 19
.\gitmap\cmd\listreleasesload.go|105|monolithic function|length 17
.\gitmap\cmd\listreleasesload.go|150|monolithic function|length 20
.\gitmap\cmd\listreleasesrender.go|80|return without blank line|return stablejson.WriteArray(w, buildListReleasesJSONItems(records))
.\gitmap\cmd\listreleasesrender.go|115|return without blank line|return stablejson.WriteArray(w, buildListReleasesAllReposJSONItems(records))
.\gitmap\cmd\listreleasesrender.go|87|monolithic function|length 22
.\gitmap\cmd\listreleasesrender.go|122|monolithic function|length 21
.\gitmap\cmd\listreleases_jsonschema_contract_test.go|213|return without blank line|return json.MarshalIndent(v, "", "  ")
.\gitmap\cmd\listreleases_jsonschema_contract_test.go|161|monolithic function|length 19
.\gitmap\cmd\listreleases_jsonschema_contract_test.go|185|monolithic function|length 19
.\gitmap\cmd\listversions.go|40|return without blank line|return args[i+1]
.\gitmap\cmd\listversions.go|50|return without blank line|return entries
.\gitmap\cmd\listversions.go|67|return without blank line|return true
.\gitmap\cmd\listversions.go|83|return without blank line|return n
.\gitmap\cmd\listversions.go|93|return without blank line|return entries
.\gitmap\cmd\listversions.go|117|return without blank line|return map[string]string{}
.\gitmap\cmd\listversions.go|123|return without blank line|return map[string]string{}
.\gitmap\cmd\listversions.go|18|monolithic function|length 16
.\gitmap\cmd\listversions.go|114|monolithic function|length 18
.\gitmap\cmd\listversionsrender.go|29|return without blank line|return stablejson.WriteArray(w, buildListVersionsJSONItems(entries))
.\gitmap\cmd\listversionsrender.go|36|monolithic function|length 16
.\gitmap\cmd\listversionsutil.go|31|return without blank line|return versions[i].GreaterThan(versions[j])
.\gitmap\cmd\listversionsutil.go|61|return without blank line|return map[string][]string{}
.\gitmap\cmd\listversionsutil.go|15|monolithic function|length 20
.\gitmap\cmd\listversionsutil.go|38|monolithic function|length 17
.\gitmap\cmd\listversions_jsonschema_contract_test.go|24|monolithic function|length 17
.\gitmap\cmd\listversions_jsonschema_contract_test.go|46|monolithic function|length 19
.\gitmap\cmd\llmdocs.go|27|return without blank line|return llmDocsOptions{}, err
.\gitmap\cmd\llmdocs.go|30|return without blank line|return llmDocsOptions{}, fmt.Errorf(constants.ErrLLMDocsFormat, *format)
.\gitmap\cmd\llmdocs.go|32|return without blank line|return llmDocsOptions{toStdout: *toStdout, format: *format, sections: *sections}, nil
.\gitmap\cmd\llmdocs.go|37|return without blank line|return constants.ExtJSON
.\gitmap\cmd\llmdocs.go|89|return without blank line|return nil
.\gitmap\cmd\llmdocs.go|104|return without blank line|return set
.\gitmap\cmd\llmdocs.go|110|return without blank line|return true
.\gitmap\cmd\llmdocs.go|119|return without blank line|return buildLLMJSON(sections)
.\gitmap\cmd\llmdocs.go|130|return without blank line|return "{}\n"
.\gitmap\cmd\llmdocs.go|87|monolithic function|length 18
.\gitmap\cmd\llmdocscommands.go|62|return without blank line|return []llmCmdGroup{
.\gitmap\cmd\llmdocscommands.go|76|return without blank line|return []llmCmdGroup{
.\gitmap\cmd\llmdocsgroups.go|6|return without blank line|return llmCmdGroup{
.\gitmap\cmd\llmdocsgroups.go|24|return without blank line|return llmCmdGroup{
.\gitmap\cmd\llmdocsgroups.go|36|return without blank line|return llmCmdGroup{
.\gitmap\cmd\llmdocsgroups.go|51|return without blank line|return llmCmdGroup{
.\gitmap\cmd\llmdocsgroups.go|65|return without blank line|return llmCmdGroup{
.\gitmap\cmd\llmdocsgroups.go|79|return without blank line|return llmCmdGroup{
.\gitmap\cmd\llmdocsgroups.go|96|return without blank line|return llmCmdGroup{
.\gitmap\cmd\llmdocsgroups.go|111|return without blank line|return llmCmdGroup{
.\gitmap\cmd\llmdocsgroups.go|124|return without blank line|return llmCmdGroup{
.\gitmap\cmd\llmdocsgroups.go|135|return without blank line|return llmCmdGroup{
.\gitmap\cmd\llmdocsgroups.go|149|return without blank line|return llmCmdGroup{
.\gitmap\cmd\llmdocsgroups.go|159|return without blank line|return llmCmdGroup{
.\gitmap\cmd\llmdocsgroups.go|169|return without blank line|return llmCmdGroup{
.\gitmap\cmd\llmdocsgroups.go|181|return without blank line|return llmCmdGroup{
.\gitmap\cmd\llmdocsgroups.go|193|return without blank line|return llmCmdGroup{
.\gitmap\cmd\llmdocsgroups.go|213|return without blank line|return llmCmdGroup{
.\gitmap\cmd\llmdocsgroups.go|192|monolithic function|length 17
.\gitmap\cmd\llmdocsheader.go|23|monolithic function|length 18
.\gitmap\cmd\llmdocsjson_contract_test.go|49|monolithic function|length 58
.\gitmap\cmd\llmdocsrender.go|60|return without blank line|return err
.\gitmap\cmd\llmdocsrender.go|102|return without blank line|return nil, err
.\gitmap\cmd\llmdocsrender.go|110|return without blank line|return nil, nil
.\gitmap\cmd\llmdocsrender.go|112|return without blank line|return renderLLMDocsCommandsRaw()
.\gitmap\cmd\llmdocsrender.go|137|return without blank line|return nil, err
.\gitmap\cmd\llmdocsrender.go|55|monolithic function|length 39
.\gitmap\cmd\llmdocs_jsonschema_contract_test.go|17|monolithic function|length 17
.\gitmap\cmd\llmdocs_jsonschema_contract_test.go|39|monolithic function|length 17
.\gitmap\cmd\llmdocs_jsonschema_contract_test.go|60|monolithic function|length 28
.\gitmap\cmd\llmdocs_test.go|69|monolithic function|length 18
.\gitmap\cmd\macro_cmd.go|13|monolithic function|length 23
.\gitmap\cmd\macro_cmd.go|39|monolithic function|length 43
.\gitmap\cmd\macro_cmd.go|84|monolithic function|length 17
.\gitmap\cmd\mkdir.go|9|monolithic function|length 40
.\gitmap\cmd\mkdir_test.go|9|monolithic function|length 25
.\gitmap\cmd\move.go|29|return without blank line|return false
.\gitmap\cmd\move.go|34|return without blank line|return false
.\gitmap\cmd\move.go|36|return without blank line|return executeRepoMove(db, *rec, destPath, opts)
.\gitmap\cmd\move.go|42|return without blank line|return nil, "", false
.\gitmap\cmd\move.go|46|return without blank line|return nil, "", false
.\gitmap\cmd\move.go|48|return without blank line|return rec, destPath, true
.\gitmap\cmd\move.go|54|return without blank line|return true
.\gitmap\cmd\move.go|58|return without blank line|return true
.\gitmap\cmd\move.go|61|return without blank line|return true
.\gitmap\cmd\move.go|82|return without blank line|return &txn.Journal{}
.\gitmap\cmd\move.go|86|return without blank line|return &txn.Journal{}
.\gitmap\cmd\move.go|88|return without blank line|return createMoveTxnJournal(db, left, right)
.\gitmap\cmd\move.go|132|return without blank line|return fs, mf
.\gitmap\cmd\movemergeflags.go|40|return without blank line|return movemerge.Options{
.\gitmap\cmd\movemergeflags.go|61|return without blank line|return movemerge.PreferLeft
.\gitmap\cmd\movemergeflags.go|63|return without blank line|return movemerge.PreferRight
.\gitmap\cmd\movemergeflags.go|65|return without blank line|return movemerge.PreferNewer
.\gitmap\cmd\movemergeflags.go|67|return without blank line|return movemerge.PreferSkip
.\gitmap\cmd\movemergeflags.go|19|monolithic function|length 17
.\gitmap\cmd\movemergeflags.go|39|monolithic function|length 16
.\gitmap\cmd\multigroup.go|24|monolithic function|length 16
.\gitmap\cmd\multigroup.go|43|monolithic function|length 23
.\gitmap\cmd\multigroupops.go|62|monolithic function|length 16
.\gitmap\cmd\mv_db.go|11|return without blank line|return err
.\gitmap\cmd\mv_db.go|15|return without blank line|return nil
.\gitmap\cmd\mv_flags.go|27|return without blank line|return opts, positional
.\gitmap\cmd\mv_flags.go|10|monolithic function|length 18
.\gitmap\cmd\mv_preflight.go|18|return without blank line|return filepath.Join(grandParent, repoName), nil
.\gitmap\cmd\mv_preflight.go|23|return without blank line|return "", err
.\gitmap\cmd\mv_preflight.go|26|return without blank line|return filepath.Join(absDest, repoName), nil
.\gitmap\cmd\mv_preflight.go|28|return without blank line|return absDest, nil
.\gitmap\cmd\mv_preflight.go|33|return without blank line|return fmt.Errorf("source directory %q does not exist", srcPath)
.\gitmap\cmd\mv_preflight.go|36|return without blank line|return fmt.Errorf("source and destination are identical")
.\gitmap\cmd\mv_preflight.go|39|return without blank line|return fmt.Errorf("destination %q already exists", destPath)
.\gitmap\cmd\mv_preflight.go|42|return without blank line|return fmt.Errorf("cannot move repository into its own subdirectory")
.\gitmap\cmd\mv_preflight.go|44|return without blank line|return nil
.\gitmap\cmd\mv_preflight.go|10|monolithic function|length 19
.\gitmap\cmd\mv_prompt.go|22|return without blank line|return false
.\gitmap\cmd\mv_prompt.go|25|return without blank line|return ans == "y" || ans == "yes"
.\gitmap\cmd\mv_test.go|8|monolithic function|length 23
.\gitmap\cmd\open.go|66|return without blank line|return root, nil
.\gitmap\cmd\open.go|71|return without blank line|return "", err
.\gitmap\cmd\open.go|76|return without blank line|return "", err
.\gitmap\cmd\open.go|23|monolithic function|length 35
.\gitmap\cmd\open.go|64|monolithic function|length 16
.\gitmap\cmd\orphans.go|42|return without blank line|return orphanRepo{}, false
.\gitmap\cmd\orphans.go|46|return without blank line|return orphanRepo{}, false
.\gitmap\cmd\orphans.go|48|return without blank line|return orphanRepo{path: r, remote: remote, status: status}, true
.\gitmap\cmd\orphans.go|105|return without blank line|return "", false
.\gitmap\cmd\orphans.go|116|return without blank line|return 0
.\gitmap\cmd\orphans.go|121|return without blank line|return 0
.\gitmap\cmd\orphans.go|125|return without blank line|return 0
.\gitmap\cmd\orphans.go|139|return without blank line|return formatSSHParts(parts)
.\gitmap\cmd\orphans.go|144|return without blank line|return u
.\gitmap\cmd\orphans.go|152|return without blank line|return ""
.\gitmap\cmd\orphans.go|154|return without blank line|return "https://" + parts[0] + "/" + parts[1]
.\gitmap\cmd\orphans.go|162|return without blank line|return false
.\gitmap\cmd\orphans.go|23|monolithic function|length 42
.\gitmap\cmd\orphans.go|68|monolithic function|length 31
.\gitmap\cmd\orphans.go|113|monolithic function|length 17
.\gitmap\cmd\outputfilenames_contract_test.go|39|monolithic function|length 27
.\gitmap\cmd\outputfilenames_contract_test.go|74|monolithic function|length 28
.\gitmap\cmd\outputfilenames_contract_test.go|107|monolithic function|length 22
.\gitmap\cmd\outputfilenames_contract_test.go|141|monolithic function|length 35
.\gitmap\cmd\outputfilenames_contract_test.go|185|monolithic function|length 30
.\gitmap\cmd\pending.go|13|monolithic function|length 34
.\gitmap\cmd\pendingclear.go|109|return without blank line|return 0, fmt.Errorf(constants.ErrPendingClearUnknownMode, a)
.\gitmap\cmd\pendingclear.go|112|return without blank line|return 0, fmt.Errorf(constants.ErrPendingClearBadID, a)
.\gitmap\cmd\pendingclear.go|122|return without blank line|return err
.\gitmap\cmd\pendingclear.go|134|return without blank line|return true
.\gitmap\cmd\pendingclear.go|138|return without blank line|return true
.\gitmap\cmd\pendingclear.go|147|return without blank line|return nil
.\gitmap\cmd\pendingclear.go|151|return without blank line|return nil
.\gitmap\cmd\pendingclear.go|166|return without blank line|return "", false, false, 0, err
.\gitmap\cmd\pendingclear.go|193|return without blank line|return constants.MsgPendingClearReasonURL, true
.\gitmap\cmd\pendingclear.go|196|return without blank line|return constants.MsgPendingClearReasonChar, true
.\gitmap\cmd\pendingclear.go|205|return without blank line|return constants.MsgPendingClearReasonByID, true
.\gitmap\cmd\pendingclear.go|214|return without blank line|return constants.MsgPendingClearReasonOrph, true
.\gitmap\cmd\pendingclear.go|225|return without blank line|return constants.MsgPendingClearReasonAll, true
.\gitmap\cmd\pendingclear.go|228|return without blank line|return classifyIDTask(t.ID, idMatch)
.\gitmap\cmd\pendingclear.go|231|return without blank line|return classifyIllegalTask(t.TargetPath)
.\gitmap\cmd\pendingclear.go|241|return without blank line|return true
.\gitmap\cmd\pendingclear.go|254|return without blank line|return false
.\gitmap\cmd\pendingclear.go|258|return without blank line|return true
.\gitmap\cmd\pendingclear.go|269|return without blank line|return false
.\gitmap\cmd\pendingclear.go|276|return without blank line|return true
.\gitmap\cmd\pendingclear.go|287|return without blank line|return false
.\gitmap\cmd\pendingtaskhelper.go|35|return without blank line|return existing, nil
.\gitmap\cmd\pendingtaskhelper.go|42|return without blank line|return 0, nil
.\gitmap\cmd\pendingtaskhelper.go|46|return without blank line|return taskID, nil
.\gitmap\cmd\pendingtaskhelper.go|53|return without blank line|return db.FindPendingTaskDuplicate(typeID, targetPath)
.\gitmap\cmd\pendingtaskhelper.go|61|return without blank line|return strings.Join(args, " ")
.\gitmap\cmd\pendingtaskhelper.go|15|monolithic function|length 32
.\gitmap\cmd\pendingtaskhelper.go|65|monolithic function|length 18
.\gitmap\cmd\pendingtaskhelper.go|86|monolithic function|length 18
.\gitmap\cmd\pendingtaskhelper_test.go|143|monolithic function|length 23
.\gitmap\cmd\pendingtaskhelper_test.go|198|monolithic function|length 16
.\gitmap\cmd\pendingtaskhelper_test.go|231|monolithic function|length 28
.\gitmap\cmd\prettyflag.go|66|return without blank line|return resolvePositivePretty(value, hasValue, mode, out, arg)
.\gitmap\cmd\prettyflag.go|68|return without blank line|return render.PrettyOff
.\gitmap\cmd\prettyflag.go|71|return without blank line|return mode
.\gitmap\cmd\prettyflag.go|82|return without blank line|return arg, "", false
.\gitmap\cmd\prettyflag.go|87|return without blank line|return arg[:eq], arg[eq+1:], true
.\gitmap\cmd\prettyflag.go|99|return without blank line|return true
.\gitmap\cmd\prettyflag.go|112|return without blank line|return render.PrettyOn
.\gitmap\cmd\prettyflag.go|116|return without blank line|return render.PrettyOn
.\gitmap\cmd\prettyflag.go|118|return without blank line|return render.PrettyOff
.\gitmap\cmd\prettyflag.go|120|return without blank line|return render.PrettyAuto
.\gitmap\cmd\prettyflag.go|109|monolithic function|length 16
.\gitmap\cmd\prettyflag_test.go|96|monolithic function|length 22
.\gitmap\cmd\probe.go|76|return without blank line|return db.ListRepos()
.\gitmap\cmd\probe.go|81|return without blank line|return nil, fmt.Errorf(constants.ErrSFAbsResolve, args[0], err)
.\gitmap\cmd\probe.go|86|return without blank line|return nil, err
.\gitmap\cmd\probe.go|89|return without blank line|return nil, fmt.Errorf(constants.ErrProbeNoRepo, absPath)
.\gitmap\cmd\probe.go|74|monolithic function|length 19
.\gitmap\cmd\probe.go|125|monolithic function|length 18
.\gitmap\cmd\probeflags.go|53|return without blank line|return opts, err
.\gitmap\cmd\probeflags.go|71|return without blank line|return i, true, nil
.\gitmap\cmd\probeflags.go|74|return without blank line|return next, true, err
.\gitmap\cmd\probeflags.go|77|return without blank line|return next, true, err
.\gitmap\cmd\probeflags.go|80|return without blank line|return next, true, err
.\gitmap\cmd\probeflags.go|92|return without blank line|return i, false, nil
.\gitmap\cmd\probeflags.go|96|return without blank line|return i, true, err
.\gitmap\cmd\probeflags.go|99|return without blank line|return i, true, fmt.Errorf(
.\gitmap\cmd\probeflags.go|112|return without blank line|return args[i][eq+1:], i, nil
.\gitmap\cmd\probeflags.go|115|return without blank line|return "", i, fmt.Errorf("version probe: %s requires a value", args[i])
.\gitmap\cmd\probeflags.go|129|return without blank line|return i, false, nil
.\gitmap\cmd\probeflags.go|133|return without blank line|return i, true, err
.\gitmap\cmd\probeflags.go|145|return without blank line|return i, false, nil
.\gitmap\cmd\probeflags.go|149|return without blank line|return i, true, err
.\gitmap\cmd\probeflags.go|159|return without blank line|return token == flag || strings.HasPrefix(token, flag+"=")
.\gitmap\cmd\probeflags.go|168|return without blank line|return n, i, err
.\gitmap\cmd\probeflags.go|171|return without blank line|return 0, i, errors.New(missingFmt)
.\gitmap\cmd\probeflags.go|183|return without blank line|return 0, fmt.Errorf(errFmt, s)
.\gitmap\cmd\probeflags.go|194|return without blank line|return constants.ProbeMaxWorkers
.\gitmap\cmd\probeflags.go|44|monolithic function|length 18
.\gitmap\cmd\probeflags.go|67|monolithic function|length 17
.\gitmap\cmd\probeflags.go|90|monolithic function|length 16
.\gitmap\cmd\proberender.go|34|return without blank line|return stablejson.WriteArray(w, buildProbeJSONItems(entries))
.\gitmap\cmd\proberender.go|41|monolithic function|length 16
.\gitmap\cmd\probereporjson_contract_test.go|36|return without blank line|return probeJSONEntry{
.\gitmap\cmd\probereport.go|54|return without blank line|return probeJSONEntry{
.\gitmap\cmd\probereport.go|81|return without blank line|return r.SSHUrl
.\gitmap\cmd\probereport.go|84|return without blank line|return r.HTTPSUrl
.\gitmap\cmd\probereport.go|106|return without blank line|return ok, none, fail + 1
.\gitmap\cmd\probereport.go|113|return without blank line|return ok + 1, none, fail
.\gitmap\cmd\probereport.go|153|return without blank line|return fmt.Sprintf("(probe failed: %s)", r.Error)
.\gitmap\cmd\probereport.go|156|return without blank line|return fmt.Sprintf("%s %s %s", constants.GitBin, constants.GitClone, url)
.\gitmap\cmd\probereport.go|168|return without blank line|return ""
.\gitmap\cmd\probereport.go|100|monolithic function|length 21
.\gitmap\cmd\proberepor_jsonschema_contract_test.go|32|monolithic function|length 17
.\gitmap\cmd\proberepor_jsonschema_contract_test.go|54|monolithic function|length 19
.\gitmap\cmd\profile.go|25|monolithic function|length 29
.\gitmap\cmd\profileops.go|12|monolithic function|length 19
.\gitmap\cmd\profileops.go|34|monolithic function|length 17
.\gitmap\cmd\profileops.go|54|monolithic function|length 18
.\gitmap\cmd\profileutil.go|17|return without blank line|return true
.\gitmap\cmd\projectrepos.go|14|monolithic function|length 19
.\gitmap\cmd\projectrepos.go|64|monolithic function|length 26
.\gitmap\cmd\projectreposjson_contract_test.go|36|return without blank line|return model.DetectedProject{
.\gitmap\cmd\projectreposoutput.go|30|return without blank line|return p.RepoName
.\gitmap\cmd\projectreposrender.go|34|return without blank line|return stablejson.WriteArray(w, buildProjectReposJSONItems(projects))
.\gitmap\cmd\projectreposrender.go|39|monolithic function|length 19
.\gitmap\cmd\projectrepos_jsonschema_contract_test.go|28|monolithic function|length 17
.\gitmap\cmd\projectrepos_jsonschema_contract_test.go|50|monolithic function|length 19
.\gitmap\cmd\prune.go|49|return without blank line|return true
.\gitmap\cmd\prune.go|52|return without blank line|return true
.\gitmap\cmd\prune.go|55|return without blank line|return false
.\gitmap\cmd\prune.go|62|return without blank line|return strings.EqualFold(answer, constants.PromptAnswerY)
.\gitmap\cmd\prune.go|80|return without blank line|return 0
.\gitmap\cmd\prune.go|84|return without blank line|return 1
.\gitmap\cmd\pruneops.go|64|return without blank line|return strings.TrimPrefix(branch, constants.ReleaseBranchPrefix)
.\gitmap\cmd\pull.go|103|return without blank line|return false
.\gitmap\cmd\pull.go|105|return without blank line|return isGitRepoCWD()
.\gitmap\cmd\pull.go|116|return without blank line|return false
.\gitmap\cmd\pull.go|119|return without blank line|return false
.\gitmap\cmd\pull.go|129|return without blank line|return true
.\gitmap\cmd\pull.go|138|return without blank line|return false
.\gitmap\cmd\pull.go|140|return without blank line|return strings.TrimSpace(string(out)) == "true"
.\gitmap\cmd\pull.go|202|return without blank line|return useSSH, useHTTPS, rest
.\gitmap\cmd\pull.go|279|return without blank line|return []model.ScanRecord{{
.\gitmap\cmd\pull.go|286|return without blank line|return loadRecordsByGroup(groupName)
.\gitmap\cmd\pull.go|289|return without blank line|return loadAllRecordsDB()
.\gitmap\cmd\pull.go|304|return without blank line|return lookupBySlugJSON(slug)
.\gitmap\cmd\pull.go|312|return without blank line|return repos
.\gitmap\cmd\pull.go|334|return without blank line|return nil, err
.\gitmap\cmd\pull.go|350|return without blank line|return exact
.\gitmap\cmd\pull.go|33|monolithic function|length 62
.\gitmap\cmd\pull.go|114|monolithic function|length 16
.\gitmap\cmd\pull.go|153|monolithic function|length 30
.\gitmap\cmd\pull.go|221|monolithic function|length 19
.\gitmap\cmd\pull.go|243|monolithic function|length 20
.\gitmap\cmd\pull.go|277|monolithic function|length 21
.\gitmap\cmd\pull.go|391|monolithic function|length 20
.\gitmap\cmd\pullall.go|19|return without blank line|return args
.\gitmap\cmd\pullfilter.go|18|return without blank line|return records
.\gitmap\cmd\pullfilter.go|24|return without blank line|return records
.\gitmap\cmd\pullfilter.go|35|return without blank line|return nil, false
.\gitmap\cmd\pullfilter.go|41|return without blank line|return nil, false
.\gitmap\cmd\pullfilter.go|32|monolithic function|length 18
.\gitmap\cmd\pullparallel.go|17|monolithic function|length 18
.\gitmap\cmd\pullreleasecd.go|65|return without blank line|return nil, fmt.Errorf("usage: gitmap prc <name-or-url> <version>[, ...]")
.\gitmap\cmd\pullreleasecd.go|79|return without blank line|return nil, fmt.Errorf("entry %q missing version (expected `<name-or-url> <version>`)", seg)
.\gitmap\cmd\pullreleasecd.go|82|return without blank line|return nil, fmt.Errorf("entry %q has extra tokens; only `<name-or-url> <version>` allowed", seg)
.\gitmap\cmd\pullreleasecd.go|88|return without blank line|return nil, fmt.Errorf("no entries parsed")
.\gitmap\cmd\pullreleasecd.go|140|return without blank line|return token, "", err
.\gitmap\cmd\pullreleasecd.go|143|return without blank line|return token, path, nil
.\gitmap\cmd\pullreleasecd.go|147|return without blank line|return "", "", fmt.Errorf("clone %s: %w", token, err)
.\gitmap\cmd\pullreleasecd.go|153|return without blank line|return slug, "", err
.\gitmap\cmd\pullreleasecd.go|161|return without blank line|return strings.Contains(token, "://") || strings.HasPrefix(token, constants.PrefixSSH)
.\gitmap\cmd\pullreleasecd.go|178|return without blank line|return "", fmt.Errorf("open db: %w", err)
.\gitmap\cmd\pullreleasecd.go|184|return without blank line|return "", fmt.Errorf("lookup %s: %w", slug, err)
.\gitmap\cmd\pullreleasecd.go|187|return without blank line|return "", fmt.Errorf("repo %q not found — run `gitmap scan` first", slug)
.\gitmap\cmd\pullreleasecd.go|19|monolithic function|length 24
.\gitmap\cmd\pullreleasecd.go|63|monolithic function|length 29
.\gitmap\cmd\pullreleasecd.go|106|monolithic function|length 21
.\gitmap\cmd\pullreleasecd.go|132|monolithic function|length 25
.\gitmap\cmd\pullreleasecd.go|175|monolithic function|length 16
.\gitmap\cmd\pullreleasecd_test.go|9|monolithic function|length 66
.\gitmap\cmd\pullreleasecd_test.go|78|monolithic function|length 17
.\gitmap\cmd\pullreleasecd_test.go|98|monolithic function|length 16
.\gitmap\cmd\push.go|89|return without blank line|return false
.\gitmap\cmd\push.go|91|return without blank line|return isGitRepoCWD()
.\gitmap\cmd\push.go|97|return without blank line|return false
.\gitmap\cmd\push.go|100|return without blank line|return false
.\gitmap\cmd\push.go|110|return without blank line|return true
.\gitmap\cmd\push.go|130|return without blank line|return opts
.\gitmap\cmd\push.go|244|return without blank line|return cmd.Run(), buf.String()
.\gitmap\cmd\push.go|252|return without blank line|return cmd.Run()
.\gitmap\cmd\push.go|258|return without blank line|return false
.\gitmap\cmd\push.go|260|return without blank line|return strings.Contains(lower, "fetch first") || strings.Contains(lower, "non-fast-forward")
.\gitmap\cmd\push.go|281|return without blank line|return out
.\gitmap\cmd\push.go|31|monolithic function|length 52
.\gitmap\cmd\push.go|95|monolithic function|length 16
.\gitmap\cmd\push.go|113|monolithic function|length 18
.\gitmap\cmd\push.go|172|monolithic function|length 19
.\gitmap\cmd\push.go|193|monolithic function|length 16
.\gitmap\cmd\push.go|213|monolithic function|length 23
.\gitmap\cmd\pushparallel.go|17|monolithic function|length 18
.\gitmap\cmd\pushpull_transport_e2e_test.go|136|return without blank line|return strings.TrimSpace(string(out))
.\gitmap\cmd\pushpull_transport_e2e_test.go|13|monolithic function|length 74
.\gitmap\cmd\pushpull_transport_e2e_test.go|91|monolithic function|length 27
.\gitmap\cmd\reclonetransport.go|40|return without blank line|return url
.\gitmap\cmd\reclonetransport.go|45|return without blank line|return url
.\gitmap\cmd\reclonetransport.go|52|return without blank line|return url
.\gitmap\cmd\reclonetransport.go|55|return without blank line|return url
.\gitmap\cmd\reclonetransport.go|59|return without blank line|return url
.\gitmap\cmd\reclonetransport.go|64|return without blank line|return outSSH
.\gitmap\cmd\reclonetransport.go|69|return without blank line|return outHTTPS
.\gitmap\cmd\reclonetransport.go|71|return without blank line|return url
.\gitmap\cmd\reclonetransport.go|38|monolithic function|length 34
.\gitmap\cmd\reclonetransport.go|78|monolithic function|length 33
.\gitmap\cmd\reclone_autopickup.go|44|monolithic function|length 22
.\gitmap\cmd\reclone_autopickup.go|87|monolithic function|length 18
.\gitmap\cmd\reclone_confirm.go|38|monolithic function|length 20
.\gitmap\cmd\reclone_confirm.go|66|monolithic function|length 18
.\gitmap\cmd\reclone_summary.go|149|return without blank line|return strings.Repeat("  ", depth)
.\gitmap\cmd\reclone_summary.go|60|monolithic function|length 19
.\gitmap\cmd\reclone_validate.go|120|return without blank line|return nil
.\gitmap\cmd\reclone_validate.go|133|return without blank line|return []string{constants.MsgRecloneValidateMissingDest}
.\gitmap\cmd\reclone_validate.go|136|return without blank line|return []string{constants.MsgRecloneValidateAbsoluteDest}
.\gitmap\cmd\reclone_validate.go|140|return without blank line|return []string{constants.MsgRecloneValidateTraversalDest}
.\gitmap\cmd\reclone_validate.go|156|return without blank line|return false
.\gitmap\cmd\reclone_validate.go|159|return without blank line|return true
.\gitmap\cmd\reclone_validate.go|171|return without blank line|return false
.\gitmap\cmd\reclone_validate.go|176|return without blank line|return false
.\gitmap\cmd\reclone_validate.go|190|return without blank line|return true
.\gitmap\cmd\reclone_validate.go|192|return without blank line|return true
.\gitmap\cmd\reclone_validate.go|194|return without blank line|return true
.\gitmap\cmd\reclone_validate.go|208|return without blank line|return false
.\gitmap\cmd\reclone_validate.go|221|return without blank line|return constants.MsgRecloneValidateUnnamedRepo
.\gitmap\cmd\reclone_validate.go|247|return without blank line|return constants.MsgRecloneValidateEmptyDest
.\gitmap\cmd\reclone_validate.go|104|monolithic function|length 20
.\gitmap\cmd\regoldens.go|100|return without blank line|return []string{"go", "test", cfg.pkg, "-run", cfg.pattern, "-count=1"}
.\gitmap\cmd\regoldens.go|131|return without blank line|return extractExitCode(err)
.\gitmap\cmd\regoldens.go|171|return without blank line|return strings.HasPrefix(kv, goTestUpdateTriggerEnv+"=") ||
.\gitmap\cmd\regoldens.go|181|return without blank line|return exitErr.ExitCode()
.\gitmap\cmd\regoldens_diff.go|67|return without blank line|return false
.\gitmap\cmd\regoldens_diff.go|69|return without blank line|return strings.TrimSpace(string(out)) == "true"
.\gitmap\cmd\regoldens_diff.go|78|return without blank line|return nil, fmt.Errorf("git status: %w", err)
.\gitmap\cmd\regoldens_diff.go|82|return without blank line|return nil, fmt.Errorf("git diff numstat: %w", err)
.\gitmap\cmd\regoldens_diff.go|84|return without blank line|return mergeStatusAndNumstat(statuses, numstat), nil
.\gitmap\cmd\regoldens_diff.go|93|return without blank line|return nil, err
.\gitmap\cmd\regoldens_diff.go|111|return without blank line|return result, nil
.\gitmap\cmd\regoldens_diff.go|120|return without blank line|return strings.TrimSpace(raw[idx+4:]), strings.TrimSpace(raw[:idx])
.\gitmap\cmd\regoldens_diff.go|122|return without blank line|return strings.TrimSpace(raw), ""
.\gitmap\cmd\regoldens_diff.go|131|return without blank line|return "A"
.\gitmap\cmd\regoldens_diff.go|134|return without blank line|return "D"
.\gitmap\cmd\regoldens_diff.go|137|return without blank line|return "R"
.\gitmap\cmd\regoldens_diff.go|140|return without blank line|return "A"
.\gitmap\cmd\regoldens_diff.go|142|return without blank line|return "M"
.\gitmap\cmd\regoldens_diff.go|151|return without blank line|return nil, err
.\gitmap\cmd\regoldens_diff.go|167|return without blank line|return result, nil
.\gitmap\cmd\regoldens_diff.go|182|return without blank line|return entries
.\gitmap\cmd\regoldens_diff.go|194|return without blank line|return "", fmt.Errorf("%w: %s", err, strings.TrimSpace(stderr.String()))
.\gitmap\cmd\regoldens_diff.go|197|return without blank line|return "", err
.\gitmap\cmd\regoldens_diff.go|199|return without blank line|return string(out), nil
.\gitmap\cmd\regoldens_diff.go|41|monolithic function|length 17
.\gitmap\cmd\regoldens_diff.go|90|monolithic function|length 22
.\gitmap\cmd\regoldens_diff.go|148|monolithic function|length 20
.\gitmap\cmd\regoldens_diff_print.go|21|return without blank line|return goldenDiffStatusRank(entries[i].status) < goldenDiffStatusRank(entries[j].status)
.\gitmap\cmd\regoldens_diff_print.go|23|return without blank line|return entries[i].path < entries[j].path
.\gitmap\cmd\regoldens_diff_print.go|32|return without blank line|return 0
.\gitmap\cmd\regoldens_diff_print.go|34|return without blank line|return 1
.\gitmap\cmd\regoldens_diff_print.go|36|return without blank line|return 2
.\gitmap\cmd\regoldens_diff_print.go|38|return without blank line|return 3
.\gitmap\cmd\regoldens_diff_print.go|40|return without blank line|return 4
.\gitmap\cmd\regoldens_diff_scope.go|26|return without blank line|return false
.\gitmap\cmd\regoldens_diff_scope.go|32|return without blank line|return strings.Contains(strings.ToLower(base), goldenDiffBasenameFragment)
.\gitmap\cmd\regoldens_diff_test.go|31|monolithic function|length 16
.\gitmap\cmd\regoldens_exec.go|38|return without blank line|return runGoTestPass(cfg, withGate)
.\gitmap\cmd\regoldens_exec.go|72|return without blank line|return false
.\gitmap\cmd\regoldens_exec.go|80|return without blank line|return true
.\gitmap\cmd\regoldens_precheck.go|60|return without blank line|return buf.Bytes()
.\gitmap\cmd\regoldens_precheck.go|68|return without blank line|return append(out,
.\gitmap\cmd\regoldens_precheck.go|78|return without blank line|return strings.Contains(string(captured), constants.RegoldensNonDetMarker)
.\gitmap\cmd\reinstall.go|59|return without blank line|return constants.ReinstallModeRepo, false
.\gitmap\cmd\reinstall.go|61|return without blank line|return constants.ReinstallModeSelf, false
.\gitmap\cmd\reinstall.go|64|return without blank line|return constants.ReinstallModeRepo, true
.\gitmap\cmd\reinstall.go|66|return without blank line|return constants.ReinstallModeSelf, true
.\gitmap\cmd\reinstall.go|94|return without blank line|return false
.\gitmap\cmd\reinstall.go|142|return without blank line|return filepath.Join(constants.RepoPath, name), name
.\gitmap\cmd\reinstall.go|152|return without blank line|return exec.Command("pwsh", "-ExecutionPolicy", "Bypass", "-NoProfile",
.\gitmap\cmd\reinstall.go|52|monolithic function|length 21
.\gitmap\cmd\reinstall.go|112|monolithic function|length 23
.\gitmap\cmd\release.go|36|return without blank line|return false
.\gitmap\cmd\release.go|39|return without blank line|return true
.\gitmap\cmd\release.go|42|return without blank line|return true
.\gitmap\cmd\release.go|56|return without blank line|return bump
.\gitmap\cmd\release.go|60|return without blank line|return bump
.\gitmap\cmd\release.go|66|return without blank line|return constants.BumpMinor
.\gitmap\cmd\release.go|74|return without blank line|return cfg
.\gitmap\cmd\release.go|78|return without blank line|return release.Options{
.\gitmap\cmd\release.go|117|return without blank line|return nil
.\gitmap\cmd\release.go|126|return without blank line|return nil
.\gitmap\cmd\release.go|168|return without blank line|return fs, h
.\gitmap\cmd\release.go|181|return without blank line|return version, *h.assets, *h.commit, *h.branch, *h.bump, *h.notes, *h.targets, []string(h.zgGroups), []string(h.zgItems), *h.bundle, *h.draft, *h.dryRun, *h.verbose, *h.compress, *h.checksums, *h.bin, *h.listTargets, *h.noCommit, *h.yes
.\gitmap\cmd\release.go|192|return without blank line|return v
.\gitmap\cmd\release.go|194|return without blank line|return versionPrefix + strings.TrimLeft(v, versionTrimChars)
.\gitmap\cmd\release.go|226|return without blank line|return "--targets flag"
.\gitmap\cmd\release.go|229|return without blank line|return "config.json (release.targets)"
.\gitmap\cmd\release.go|231|return without blank line|return "built-in defaults"
.\gitmap\cmd\releasealias.go|28|monolithic function|length 17
.\gitmap\cmd\releasealias.go|48|monolithic function|length 16
.\gitmap\cmd\releasealias.go|67|monolithic function|length 24
.\gitmap\cmd\releasealias_git.go|34|return without blank line|return ""
.\gitmap\cmd\releasealias_git.go|84|return without blank line|return false
.\gitmap\cmd\releasealias_git.go|97|return without blank line|return ""
.\gitmap\cmd\releasealias_git.go|31|monolithic function|length 23
.\gitmap\cmd\releasealias_git.go|57|monolithic function|length 18
.\gitmap\cmd\releasealias_git.go|91|monolithic function|length 18
.\gitmap\cmd\releaseargs.go|42|return without blank line|return knownValueFlags[flagName]
.\gitmap\cmd\releaseautobump.go|19|return without blank line|return release.Version{}, release.Version{}, false
.\gitmap\cmd\releaseautobump.go|24|return without blank line|return release.Version{}, release.Version{}, false
.\gitmap\cmd\releaseautobump.go|36|return without blank line|return release.ResolveLatestVersion()
.\gitmap\cmd\releaseautobump.go|58|return without blank line|return false
.\gitmap\cmd\releaseautobump.go|69|return without blank line|return false
.\gitmap\cmd\releaseautobump.go|72|return without blank line|return false
.\gitmap\cmd\releaseautoregister.go|23|return without blank line|return fmt.Errorf("could not resolve cwd: %w", err)
.\gitmap\cmd\releaseautoregister.go|34|return without blank line|return fmt.Errorf("upsert repo failed: %w", err)
.\gitmap\cmd\releaseautoregister.go|39|return without blank line|return fmt.Errorf("ensure scan folder failed: %w", err)
.\gitmap\cmd\releaseautoregister.go|43|return without blank line|return fmt.Errorf("tag repo failed: %w", err)
.\gitmap\cmd\releaseautoregister.go|20|monolithic function|length 32
.\gitmap\cmd\releasebranch.go|32|monolithic function|length 22
.\gitmap\cmd\releasepending.go|51|monolithic function|length 16
.\gitmap\cmd\releasepending.go|70|monolithic function|length 17
.\gitmap\cmd\releasepersist.go|52|return without blank line|return 0, err
.\gitmap\cmd\releasepersist.go|65|return without blank line|return 0, err
.\gitmap\cmd\releasepersist.go|69|return without blank line|return id, nil
.\gitmap\cmd\releasepersist.go|73|return without blank line|return 0, fmt.Errorf("auto-register failed: %w", err)
.\gitmap\cmd\releasepersist.go|81|return without blank line|return model.ReleaseRecord{
.\gitmap\cmd\releasepersist.go|15|monolithic function|length 30
.\gitmap\cmd\releasepull.go|46|return without blank line|return args
.\gitmap\cmd\releasepull.go|132|return without blank line|return constants.RPModeRebase
.\gitmap\cmd\releasepull.go|135|return without blank line|return constants.RPModeMerge
.\gitmap\cmd\releasepull.go|190|return without blank line|return constants.GitPullRebaseFlag
.\gitmap\cmd\releasepull.go|192|return without blank line|return constants.GitNoRebaseFlag
.\gitmap\cmd\releasepull.go|194|return without blank line|return constants.GitFFOnlyFlag
.\gitmap\cmd\releasepull.go|71|monolithic function|length 17
.\gitmap\cmd\releasepull.go|93|monolithic function|length 22
.\gitmap\cmd\releasepull.go|118|monolithic function|length 21
.\gitmap\cmd\releasepull.go|161|monolithic function|length 23
.\gitmap\cmd\releaserebase.go|39|return without blank line|return versionPattern.MatchString(s)
.\gitmap\cmd\releaserebase.go|48|return without blank line|return false
.\gitmap\cmd\releaserebase.go|51|return without blank line|return false
.\gitmap\cmd\releaserebase.go|54|return without blank line|return false
.\gitmap\cmd\releaserebase.go|45|monolithic function|length 18
.\gitmap\cmd\releaserebase.go|84|monolithic function|length 25
.\gitmap\cmd\releaserebase.go|134|monolithic function|length 22
.\gitmap\cmd\releaserecentclone.go|27|return without blank line|return false
.\gitmap\cmd\releaserecentclone.go|66|return without blank line|return target, false
.\gitmap\cmd\releaserecentclone.go|72|return without blank line|return target, false
.\gitmap\cmd\releaserecentclone.go|76|return without blank line|return target, false
.\gitmap\cmd\releaserecentclone.go|24|monolithic function|length 32
.\gitmap\cmd\releaserecentclone.go|60|monolithic function|length 23
.\gitmap\cmd\releasescan.go|28|return without blank line|return false
.\gitmap\cmd\releasescan.go|33|return without blank line|return false
.\gitmap\cmd\releasescan.go|38|return without blank line|return false
.\gitmap\cmd\releasescan.go|48|return without blank line|return []string{"node_modules", ".gitmap", "vendor", "dist", "build"}
.\gitmap\cmd\releasescan.go|70|return without blank line|return scanReleaseTarget{}, false
.\gitmap\cmd\releasescan.go|75|return without blank line|return scanReleaseTarget{}, false
.\gitmap\cmd\releasescan.go|91|return without blank line|return release.Version{}, release.Version{}, false
.\gitmap\cmd\releasescan.go|94|return without blank line|return release.Version{}, release.Version{}, false
.\gitmap\cmd\releasescan.go|25|monolithic function|length 19
.\gitmap\cmd\releasescan.go|67|monolithic function|length 17
.\gitmap\cmd\releasescan.go|107|monolithic function|length 16
.\gitmap\cmd\releasescan.go|160|monolithic function|length 20
.\gitmap\cmd\releaseself.go|29|monolithic function|length 24
.\gitmap\cmd\releaseundo.go|82|return without blank line|return version, keepRemote, dryRun, yes
.\gitmap\cmd\releaseundo.go|91|return without blank line|return reply == "y" || reply == "yes"
.\gitmap\cmd\releaseundo.go|117|return without blank line|return done
.\gitmap\cmd\releaseundo.go|124|return without blank line|return cmd.Run()
.\gitmap\cmd\releaseundo.go|131|return without blank line|return "", false
.\gitmap\cmd\releaseundo.go|147|return without blank line|return "", false
.\gitmap\cmd\releaseundo.go|152|return without blank line|return a.Major < b.Major
.\gitmap\cmd\releaseundo.go|155|return without blank line|return a.Minor < b.Minor
.\gitmap\cmd\releaseundo.go|157|return without blank line|return a.Patch < b.Patch
.\gitmap\cmd\releaseundo.go|159|return without blank line|return versions[len(versions)-1].String(), true
.\gitmap\cmd\releaseundo.go|27|monolithic function|length 42
.\gitmap\cmd\releaseundo.go|95|monolithic function|length 23
.\gitmap\cmd\releaseundo.go|128|monolithic function|length 32
.\gitmap\cmd\releaseundorange.go|32|return without blank line|return 2
.\gitmap\cmd\releaseundorange.go|42|return without blank line|return 1
.\gitmap\cmd\releaseundorange.go|46|return without blank line|return 0
.\gitmap\cmd\releaseundorange.go|56|return without blank line|return nil, fmt.Errorf("range must be of form vX.Y.Z..vX.Y.Z, got %q", spec)
.\gitmap\cmd\releaseundorange.go|60|return without blank line|return nil, fmt.Errorf("range endpoints must share major.minor (%s vs %s)", lo, hi)
.\gitmap\cmd\releaseundorange.go|63|return without blank line|return nil, fmt.Errorf("range endpoints reversed (%s > %s)", lo, hi)
.\gitmap\cmd\releaseundorange.go|69|return without blank line|return out, nil
.\gitmap\cmd\releaseundorange.go|28|monolithic function|length 19
.\gitmap\cmd\releaseundorange.go|53|monolithic function|length 17
.\gitmap\cmd\release_notes_opts.go|38|return without blank line|return i, false
.\gitmap\cmd\release_notes_opts.go|43|return without blank line|return i + 1, true
.\gitmap\cmd\release_notes_opts.go|46|return without blank line|return i + 1, true
.\gitmap\cmd\release_notes_opts.go|49|return without blank line|return i + 1, true
.\gitmap\cmd\release_notes_opts.go|51|return without blank line|return i, false
.\gitmap\cmd\release_notes_opts.go|56|return without blank line|return nextI, nil
.\gitmap\cmd\release_notes_opts.go|60|return without blank line|return i, nil
.\gitmap\cmd\release_notes_opts.go|62|return without blank line|return i, fmt.Errorf("unknown arg %q", args[i])
.\gitmap\cmd\release_notes_opts.go|70|return without blank line|return fmt.Errorf("need <tagA>..<tagB>, --since, or --since-tag")
.\gitmap\cmd\release_notes_opts.go|72|return without blank line|return nil
.\gitmap\cmd\release_notes_opts.go|81|return without blank line|return opts, err
.\gitmap\cmd\release_notes_opts.go|85|return without blank line|return opts, validateReleaseNotesOpts(&opts)
.\gitmap\cmd\release_notes_opts.go|96|return without blank line|return args
.\gitmap\cmd\release_notes_opts.go|104|return without blank line|return nil, fmt.Errorf("git log: %v\n%s", err, out)
.\gitmap\cmd\release_notes_opts.go|108|return without blank line|return nil, nil
.\gitmap\cmd\release_notes_opts.go|110|return without blank line|return strings.Split(trimmed, "\n"), nil
.\gitmap\cmd\release_notes_opts.go|120|return without blank line|return groups
.\gitmap\cmd\release_notes_opts.go|138|return without blank line|return true
.\gitmap\cmd\release_notes_opts.go|141|return without blank line|return false
.\gitmap\cmd\release_notes_opts.go|148|return without blank line|return entry.category
.\gitmap\cmd\release_notes_opts.go|151|return without blank line|return "Other"
.\gitmap\cmd\release_notes_opts.go|159|return without blank line|return header + renderFlat(lines)
.\gitmap\cmd\release_notes_opts.go|161|return without blank line|return renderJSON(opts, lines)
.\gitmap\cmd\release_notes_opts.go|163|return without blank line|return header + renderGrouped(lines)
.\gitmap\cmd\release_notes_opts.go|165|return without blank line|return header + renderGrouped(lines)
.\gitmap\cmd\release_notes_opts.go|174|return without blank line|return fmt.Sprintf("## Changes (%s)\n\n", scope)
.\gitmap\cmd\release_notes_opts.go|182|return without blank line|return b.String()
.\gitmap\cmd\release_notes_opts.go|191|return without blank line|return keys
.\gitmap\cmd\release_notes_opts.go|208|return without blank line|return b.String()
.\gitmap\cmd\release_notes_opts.go|229|return without blank line|return entries
.\gitmap\cmd\release_notes_opts.go|235|return without blank line|return string(buf) + "\n"
.\gitmap\cmd\release_notes_opts.go|240|return without blank line|return ln[:idx], ln[idx+1:]
.\gitmap\cmd\release_notes_opts.go|242|return without blank line|return ln, ""
.\gitmap\cmd\release_notes_opts.go|248|return without blank line|return subj
.\gitmap\cmd\release_notes_opts.go|250|return without blank line|return fmt.Sprintf("%s (%s)", subj, sha)
.\gitmap\cmd\release_notes_opts.go|36|monolithic function|length 16
.\gitmap\cmd\release_test.go|7|monolithic function|length 25
.\gitmap\cmd\release_tools.go|43|return without blank line|return cmd.Run()
.\gitmap\cmd\release_tools.go|17|monolithic function|length 20
.\gitmap\cmd\release_tools.go|46|monolithic function|length 19
.\gitmap\cmd\remotetransport.go|24|return without blank line|return false, "", "", nil
.\gitmap\cmd\remotetransport.go|33|return without blank line|return false, "", "", err
.\gitmap\cmd\remotetransport.go|49|return without blank line|return false, old, old, nil
.\gitmap\cmd\remotetransport.go|53|return without blank line|return false, old, converted, err
.\gitmap\cmd\remotetransport.go|64|return without blank line|return "", fmt.Errorf("read remote.origin.url in %s: %w (is `git remote add origin <url>` set?)", dir, err)
.\gitmap\cmd\remotetransport.go|75|return without blank line|return fmt.Errorf("git remote set-url origin %s: %w (%s)", url, err, strings.TrimSpace(string(out)))
.\gitmap\cmd\remotetransport.go|22|monolithic function|length 36
.\gitmap\cmd\replace.go|65|return without blank line|return replaceModeAudit
.\gitmap\cmd\replace.go|68|return without blank line|return classifySingleArgMode(positional[0])
.\gitmap\cmd\replace.go|71|return without blank line|return replaceModeLiteral
.\gitmap\cmd\replace.go|73|return without blank line|return replaceModeUnknown
.\gitmap\cmd\replace.go|78|return without blank line|return replaceModeAll
.\gitmap\cmd\replace.go|81|return without blank line|return replaceModeVersionN
.\gitmap\cmd\replace.go|83|return without blank line|return replaceModeUnknown
.\gitmap\cmd\replace.go|89|return without blank line|return false
.\gitmap\cmd\replace.go|93|return without blank line|return false
.\gitmap\cmd\replace.go|96|return without blank line|return true
.\gitmap\cmd\replace.go|107|return without blank line|return n
.\gitmap\cmd\replace.go|115|return without blank line|return 0, false
.\gitmap\cmd\replace.go|118|return without blank line|return n, true
.\gitmap\cmd\replaceapply.go|40|return without blank line|return hits, total
.\gitmap\cmd\replaceapply.go|49|return without blank line|return replaceHit{}, false
.\gitmap\cmd\replaceapply.go|61|return without blank line|return replaceHit{}, false
.\gitmap\cmd\replaceapply.go|63|return without blank line|return replaceHit{path: path, count: count, updated: data}, true
.\gitmap\cmd\replaceapply.go|77|return without blank line|return files, total
.\gitmap\cmd\replaceapply.go|85|return without blank line|return err
.\gitmap\cmd\replaceapply.go|91|return without blank line|return err
.\gitmap\cmd\replaceapply.go|96|return without blank line|return err
.\gitmap\cmd\replaceapply.go|99|return without blank line|return os.Rename(tmpName, path)
.\gitmap\cmd\replaceapply.go|117|return without blank line|return false
.\gitmap\cmd\replaceapply.go|120|return without blank line|return ans == "y" || ans == "Y"
.\gitmap\cmd\replaceapply.go|45|monolithic function|length 19
.\gitmap\cmd\replaceapply.go|81|monolithic function|length 19
.\gitmap\cmd\replaceaudit.go|42|return without blank line|return out
.\gitmap\cmd\replaceaudit.go|52|return without blank line|return total
.\gitmap\cmd\replaceaudit.go|61|return without blank line|return 0
.\gitmap\cmd\replaceaudit.go|72|return without blank line|return hits
.\gitmap\cmd\replaceaudit.go|79|return without blank line|return true
.\gitmap\cmd\replaceaudit.go|82|return without blank line|return false
.\gitmap\cmd\replaceaudit.go|57|monolithic function|length 16
.\gitmap\cmd\replaceaudit_test.go|108|return without blank line|return scanAuditFile(path, needles)
.\gitmap\cmd\replaceaudit_test.go|19|monolithic function|length 22
.\gitmap\cmd\replaceaudit_test.go|99|monolithic function|length 24
.\gitmap\cmd\replaceextfilter_test.go|11|monolithic function|length 22
.\gitmap\cmd\replaceextfilter_test.go|48|monolithic function|length 26
.\gitmap\cmd\replaceextfilter_test.go|96|monolithic function|length 33
.\gitmap\cmd\replaceextfilter_test.go|134|monolithic function|length 18
.\gitmap\cmd\replaceflags.go|35|return without blank line|return opts, nil, errors.New("replace: " + err.Error())
.\gitmap\cmd\replaceflags.go|66|return without blank line|return fs, r
.\gitmap\cmd\replaceflags.go|79|return without blank line|return true
.\gitmap\cmd\replaceflags.go|81|return without blank line|return false
.\gitmap\cmd\replaceflags.go|87|return without blank line|return true
.\gitmap\cmd\replaceflags.go|102|return without blank line|return opts, out
.\gitmap\cmd\replaceflags.go|133|return without blank line|return false
.\gitmap\cmd\replaceflags.go|136|return without blank line|return name == constants.ReplaceFlagExt || name == constants.ReplaceFlagExtCase
.\gitmap\cmd\replaceflags.go|143|return without blank line|return false
.\gitmap\cmd\replaceflags.go|146|return without blank line|return true
.\gitmap\cmd\replaceflags.go|149|return without blank line|return (c >= 'a' && c <= 'z') || (c >= 'A' && c <= 'Z')
.\gitmap\cmd\replaceflags.go|158|return without blank line|return nil
.\gitmap\cmd\replaceflags.go|173|return without blank line|return out
.\gitmap\cmd\replaceflags.go|185|return without blank line|return ""
.\gitmap\cmd\replaceflags.go|190|return without blank line|return piece
.\gitmap\cmd\replaceflags.go|29|monolithic function|length 16
.\gitmap\cmd\replaceflags.go|72|monolithic function|length 17
.\gitmap\cmd\replaceflags.go|110|monolithic function|length 16
.\gitmap\cmd\replaceflags.go|156|monolithic function|length 18
.\gitmap\cmd\replaceversion.go|33|return without blank line|return m[1], num
.\gitmap\cmd\replaceversion.go|41|return without blank line|return url[i+1:]
.\gitmap\cmd\replaceversion.go|44|return without blank line|return url[i+1:]
.\gitmap\cmd\replaceversion.go|46|return without blank line|return url
.\gitmap\cmd\replaceversion.go|56|return without blank line|return nil
.\gitmap\cmd\replaceversion.go|66|return without blank line|return out
.\gitmap\cmd\replaceversion.go|71|return without blank line|return []replacePair{
.\gitmap\cmd\replaceversion.go|51|monolithic function|length 16
.\gitmap\cmd\replaceversionparse_test.go|11|monolithic function|length 17
.\gitmap\cmd\replaceversionparse_test.go|58|monolithic function|length 24
.\gitmap\cmd\replaceversionparse_test.go|90|monolithic function|length 22
.\gitmap\cmd\replaceversionrun.go|71|return without blank line|return all, total
.\gitmap\cmd\replaceversionrun.go|84|return without blank line|return files
.\gitmap\cmd\replaceversionrun.go|90|return without blank line|return true
.\gitmap\cmd\replaceversionrun.go|94|return without blank line|return true
.\gitmap\cmd\replaceversionrun.go|97|return without blank line|return false
.\gitmap\cmd\replaceversionrun.go|103|return without blank line|return true
.\gitmap\cmd\replaceversionrun.go|107|return without blank line|return true
.\gitmap\cmd\replaceversionrun.go|110|return without blank line|return false
.\gitmap\cmd\replaceversionrun.go|11|monolithic function|length 21
.\gitmap\cmd\replaceversionrun.go|35|monolithic function|length 20
.\gitmap\cmd\replaceversion_test.go|38|return without blank line|return false
.\gitmap\cmd\replaceversion_test.go|42|return without blank line|return false
.\gitmap\cmd\replaceversion_test.go|45|return without blank line|return true
.\gitmap\cmd\replaceversion_test.go|8|monolithic function|length 25
.\gitmap\cmd\replacewalk.go|24|return without blank line|return clean
.\gitmap\cmd\replacewalk.go|36|return without blank line|return walkErr
.\gitmap\cmd\replacewalk.go|38|return without blank line|return visitReplaceEntry(root, path, d, exts, caseInsensitive, &out)
.\gitmap\cmd\replacewalk.go|40|return without blank line|return out, err
.\gitmap\cmd\replacewalk.go|45|return without blank line|return filepath.SkipDir
.\gitmap\cmd\replacewalk.go|47|return without blank line|return nil
.\gitmap\cmd\replacewalk.go|57|return without blank line|return handleDirReplaceWalk(root, path, d)
.\gitmap\cmd\replacewalk.go|60|return without blank line|return nil
.\gitmap\cmd\replacewalk.go|63|return without blank line|return nil
.\gitmap\cmd\replacewalk.go|66|return without blank line|return nil
.\gitmap\cmd\replacewalk.go|76|return without blank line|return true
.\gitmap\cmd\replacewalk.go|80|return without blank line|return false
.\gitmap\cmd\replacewalk.go|87|return without blank line|return true
.\gitmap\cmd\replacewalk.go|90|return without blank line|return false
.\gitmap\cmd\replacewalk.go|97|return without blank line|return true
.\gitmap\cmd\replacewalk.go|100|return without blank line|return false
.\gitmap\cmd\replacewalk.go|110|return without blank line|return false
.\gitmap\cmd\replacewalk.go|115|return without blank line|return true
.\gitmap\cmd\replacewalk.go|118|return without blank line|return false
.\gitmap\cmd\replacewalk.go|126|return without blank line|return true
.\gitmap\cmd\replacewalk.go|132|return without blank line|return bytes.IndexByte(buf[:n], 0) >= 0
.\gitmap\cmd\replacewalk.go|74|monolithic function|length 17
.\gitmap\cmd\replacewalk_test.go|126|return without blank line|return out
.\gitmap\cmd\replacewalk_test.go|131|return without blank line|return false
.\gitmap\cmd\replacewalk_test.go|135|return without blank line|return false
.\gitmap\cmd\replacewalk_test.go|138|return without blank line|return true
.\gitmap\cmd\replacewalk_test.go|13|monolithic function|length 33
.\gitmap\cmd\replacewalk_test.go|54|monolithic function|length 24
.\gitmap\cmd\replace_winpath_test.go|9|monolithic function|length 17
.\gitmap\cmd\reporeclone.go|31|return without blank line|return false
.\gitmap\cmd\reporeclone.go|64|return without blank line|return "", false
.\gitmap\cmd\reporeclone.go|72|return without blank line|return "", false
.\gitmap\cmd\reporeclone.go|76|return without blank line|return "", false
.\gitmap\cmd\reporeclone.go|85|return without blank line|return "", false
.\gitmap\cmd\reporeclone.go|89|return without blank line|return "", false
.\gitmap\cmd\reporeclone.go|93|return without blank line|return "", false
.\gitmap\cmd\reporeclone.go|160|return without blank line|return false
.\gitmap\cmd\reporeclone.go|169|return without blank line|return false
.\gitmap\cmd\reporeclone.go|179|return without blank line|return fs.Bool(constants.FlagRepoRecloneYes, false,
.\gitmap\cmd\reporeclone.go|62|monolithic function|length 18
.\gitmap\cmd\reporeclone.go|108|monolithic function|length 37
.\gitmap\cmd\reporeclone_e2e_test.go|16|monolithic function|length 38
.\gitmap\cmd\reporeclone_test.go|11|monolithic function|length 29
.\gitmap\cmd\reporeclone_test.go|45|monolithic function|length 27
.\gitmap\cmd\reporeclone_test.go|96|monolithic function|length 21
.\gitmap\cmd\rescan.go|29|return without blank line|return model.ScanCache{}, err
.\gitmap\cmd\rescan.go|86|return without blank line|return append(args, flag, value)
.\gitmap\cmd\rescan.go|95|return without blank line|return append(args, flag)
.\gitmap\cmd\rescan.go|38|monolithic function|length 19
.\gitmap\cmd\rescansubtree.go|92|return without blank line|return "", nil, fmt.Errorf(
.\gitmap\cmd\rescansubtree.go|95|return without blank line|return positionals[0], flags, nil
.\gitmap\cmd\rescansubtree.go|97|return without blank line|return "", nil, fmt.Errorf(
.\gitmap\cmd\rescansubtree.go|108|return without blank line|return true
.\gitmap\cmd\rescansubtree.go|111|return without blank line|return false
.\gitmap\cmd\rescansubtree.go|128|return without blank line|return true
.\gitmap\cmd\rescansubtree.go|130|return without blank line|return false
.\gitmap\cmd\rescansubtree.go|140|return without blank line|return "", fmt.Errorf("  Error: cannot resolve %q: %w", path, err)
.\gitmap\cmd\rescansubtree.go|144|return without blank line|return "", fmt.Errorf(
.\gitmap\cmd\rescansubtree.go|150|return without blank line|return "", fmt.Errorf("  Error: cannot stat %s: %w", abs, err)
.\gitmap\cmd\rescansubtree.go|153|return without blank line|return "", fmt.Errorf(
.\gitmap\cmd\rescansubtree.go|156|return without blank line|return abs, nil
.\gitmap\cmd\rescansubtree.go|174|return without blank line|return out
.\gitmap\cmd\rescansubtree.go|184|return without blank line|return true
.\gitmap\cmd\rescansubtree.go|190|return without blank line|return true
.\gitmap\cmd\rescansubtree.go|193|return without blank line|return false
.\gitmap\cmd\rescansubtree.go|201|return without blank line|return false
.\gitmap\cmd\rescansubtree.go|205|return without blank line|return false
.\gitmap\cmd\rescansubtree.go|208|return without blank line|return true
.\gitmap\cmd\rescansubtree.go|225|return without blank line|return scanArgs[i+1]
.\gitmap\cmd\rescansubtree.go|228|return without blank line|return "auto"
.\gitmap\cmd\rescansubtree.go|231|return without blank line|return a[len(prefixDouble):]
.\gitmap\cmd\rescansubtree.go|234|return without blank line|return a[len(prefixSingle):]
.\gitmap\cmd\rescansubtree.go|237|return without blank line|return "auto"
.\gitmap\cmd\rescansubtree.go|40|monolithic function|length 19
.\gitmap\cmd\rescansubtree.go|68|monolithic function|length 33
.\gitmap\cmd\rescansubtree.go|137|monolithic function|length 20
.\gitmap\cmd\rescansubtree.go|215|monolithic function|length 23
.\gitmap\cmd\rescansubtree_test.go|174|return without blank line|return true
.\gitmap\cmd\rescansubtree_test.go|178|return without blank line|return true
.\gitmap\cmd\rescansubtree_test.go|181|return without blank line|return false
.\gitmap\cmd\rescansubtree_test.go|188|return without blank line|return "0"
.\gitmap\cmd\rescansubtree_test.go|205|return without blank line|return string(buf[i:])
.\gitmap\cmd\rescansubtree_test.go|12|monolithic function|length 69
.\gitmap\cmd\rescansubtree_test.go|86|monolithic function|length 29
.\gitmap\cmd\rescansubtree_test.go|118|monolithic function|length 36
.\gitmap\cmd\rescansubtree_test.go|186|monolithic function|length 20
.\gitmap\cmd\reset.go|71|return without blank line|return nil
.\gitmap\cmd\reset.go|42|monolithic function|length 16
.\gitmap\cmd\resolver.go|15|return without blank line|return nil, fmt.Errorf("list repos: %w", err)
.\gitmap\cmd\resolver.go|19|return without blank line|return resolveByPWD(all)
.\gitmap\cmd\resolver.go|22|return without blank line|return rec, nil
.\gitmap\cmd\resolver.go|25|return without blank line|return rec, nil
.\gitmap\cmd\resolver.go|28|return without blank line|return rec, nil
.\gitmap\cmd\resolver.go|30|return without blank line|return nil, fmt.Errorf("no repository matched %q", target)
.\gitmap\cmd\resolver.go|37|return without blank line|return nil, targets
.\gitmap\cmd\resolver.go|56|return without blank line|return out, missing
.\gitmap\cmd\resolver.go|62|return without blank line|return resolveByGlob(t, all)
.\gitmap\cmd\resolver.go|66|return without blank line|return []model.ScanRecord{*rec}
.\gitmap\cmd\resolver.go|68|return without blank line|return nil
.\gitmap\cmd\resolver.go|75|return without blank line|return &r
.\gitmap\cmd\resolver.go|78|return without blank line|return nil
.\gitmap\cmd\resolver.go|12|monolithic function|length 19
.\gitmap\cmd\resolver.go|34|monolithic function|length 23
.\gitmap\cmd\resolver_alias.go|12|return without blank line|return nil
.\gitmap\cmd\resolver_alias.go|16|return without blank line|return &r
.\gitmap\cmd\resolver_alias.go|19|return without blank line|return nil
.\gitmap\cmd\resolver_glob.go|19|return without blank line|return out
.\gitmap\cmd\resolver_glob.go|23|return without blank line|return strings.ContainsAny(s, "*?[")
.\gitmap\cmd\resolver_glob.go|28|return without blank line|return err == nil && ok
.\gitmap\cmd\resolver_path.go|15|return without blank line|return &r
.\gitmap\cmd\resolver_path.go|23|return without blank line|return &r
.\gitmap\cmd\resolver_path.go|33|return without blank line|return &r
.\gitmap\cmd\resolver_path.go|36|return without blank line|return nil
.\gitmap\cmd\resolver_path.go|11|monolithic function|length 26
.\gitmap\cmd\resolver_pwd.go|14|return without blank line|return nil, fmt.Errorf("get current directory: %w", err)
.\gitmap\cmd\resolver_pwd.go|18|return without blank line|return &r, nil
.\gitmap\cmd\resolver_pwd.go|21|return without blank line|return nil, fmt.Errorf("current directory (%s) is not a tracked repository", pwd)
.\gitmap\cmd\resolver_test.go|10|monolithic function|length 39
.\gitmap\cmd\revert.go|40|monolithic function|length 17
.\gitmap\cmd\revertscript.go|61|return without blank line|return fmt.Sprintf(constants.RevertPSHeader, repoPath) +
.\gitmap\cmd\reverttxn.go|68|return without blank line|return true
.\gitmap\cmd\reverttxn.go|80|return without blank line|return v, true
.\gitmap\cmd\reverttxn.go|83|return without blank line|return args[i+1], true
.\gitmap\cmd\reverttxn.go|201|return without blank line|return false
.\gitmap\cmd\reverttxn.go|21|monolithic function|length 18
.\gitmap\cmd\reverttxn.go|43|monolithic function|length 18
.\gitmap\cmd\reverttxn_lastn.go|86|return without blank line|return false
.\gitmap\cmd\reverttxn_lastn.go|54|monolithic function|length 20
.\gitmap\cmd\rm.go|83|return without blank line|return yes, dbOnly, out
.\gitmap\cmd\rm.go|95|return without blank line|return out
.\gitmap\cmd\rm.go|113|return without blank line|return ok
.\gitmap\cmd\rm.go|124|return without blank line|return ans == "y" || ans == "yes"
.\gitmap\cmd\rm.go|129|return without blank line|return err
.\gitmap\cmd\rm.go|132|return without blank line|return fmt.Errorf("db delete: %w", err)
.\gitmap\cmd\rm.go|136|return without blank line|return nil
.\gitmap\cmd\rm.go|141|return without blank line|return nil
.\gitmap\cmd\rm.go|144|return without blank line|return fmt.Errorf("remove dir: %w", err)
.\gitmap\cmd\rm.go|146|return without blank line|return nil
.\gitmap\cmd\rm.go|41|monolithic function|length 27
.\gitmap\cmd\rm.go|98|monolithic function|length 16
.\gitmap\cmd\rm_resolver_test.go|7|monolithic function|length 16
.\gitmap\cmd\root.go|193|return without blank line|return false
.\gitmap\cmd\root.go|197|return without blank line|return false
.\gitmap\cmd\root.go|201|return without blank line|return true
.\gitmap\cmd\root.go|204|return without blank line|return false
.\gitmap\cmd\root.go|209|return without blank line|return len(s) > 1 && s[0] == '-'
.\gitmap\cmd\root.go|218|return without blank line|return true
.\gitmap\cmd\root.go|221|return without blank line|return false
.\gitmap\cmd\root.go|236|return without blank line|return out
.\gitmap\cmd\root.go|242|return without blank line|return append(out, piece)
.\gitmap\cmd\root.go|244|return without blank line|return out
.\gitmap\cmd\root.go|257|return without blank line|return s[i:j]
.\gitmap\cmd\root.go|262|return without blank line|return b == ' ' || b == '\t' || b == '\n' || b == '\r'
.\gitmap\cmd\root.go|15|monolithic function|length 73
.\gitmap\cmd\root.go|108|monolithic function|length 76
.\gitmap\cmd\rootadd.go|30|return without blank line|return false
.\gitmap\cmd\rootadd.go|28|monolithic function|length 24
.\gitmap\cmd\rootcore.go|10|return without blank line|return runDispatchTable(command, coreDispatchEntries())
.\gitmap\cmd\rootcore.go|22|return without blank line|return entries
.\gitmap\cmd\rootcore.go|26|return without blank line|return []dispatchEntry{
.\gitmap\cmd\rootcore.go|38|return without blank line|return []dispatchEntry{
.\gitmap\cmd\rootcore.go|51|return without blank line|return []dispatchEntry{
.\gitmap\cmd\rootcore.go|62|return without blank line|return []dispatchEntry{
.\gitmap\cmd\rootcore.go|75|return without blank line|return []dispatchEntry{
.\gitmap\cmd\rootcore.go|83|return without blank line|return []dispatchEntry{
.\gitmap\cmd\rootcore.go|107|return without blank line|return true
.\gitmap\cmd\rootcore.go|110|return without blank line|return true
.\gitmap\cmd\rootcore.go|112|return without blank line|return false
.\gitmap\cmd\rootcore.go|125|return without blank line|return false
.\gitmap\cmd\rootcore.go|127|return without blank line|return true
.\gitmap\cmd\rootcore.go|139|return without blank line|return false
.\gitmap\cmd\rootcore.go|141|return without blank line|return true
.\gitmap\cmd\rootdata.go|9|return without blank line|return runDispatchTable(command, dataDispatchEntries())
.\gitmap\cmd\rootdata.go|19|return without blank line|return entries
.\gitmap\cmd\rootdata.go|23|return without blank line|return []dispatchEntry{
.\gitmap\cmd\rootdata.go|35|return without blank line|return []dispatchEntry{
.\gitmap\cmd\rootdata.go|47|return without blank line|return []dispatchEntry{
.\gitmap\cmd\rootdata.go|59|return without blank line|return []dispatchEntry{
.\gitmap\cmd\rootdispatch.go|37|return without blank line|return true
.\gitmap\cmd\rootdispatch.go|47|return without blank line|return os.Args[2:]
.\gitmap\cmd\rootflags.go|113|return without blank line|return manifest
.\gitmap\cmd\rootflags.go|197|return without blank line|return fs.Arg(0)
.\gitmap\cmd\rootflags.go|395|return without blank line|return fs.Arg(0)
.\gitmap\cmd\rootflags.go|406|return without blank line|return ""
.\gitmap\cmd\rootflags.go|410|return without blank line|return ""
.\gitmap\cmd\rootflags.go|316|monolithic function|length 17
.\gitmap\cmd\rootprojectrepos.go|10|monolithic function|length 28
.\gitmap\cmd\rootrelease.go|9|return without blank line|return runDispatchTable(command, releaseDispatchEntries())
.\gitmap\cmd\rootrelease.go|14|return without blank line|return []dispatchEntry{
.\gitmap\cmd\rootrelease.go|13|monolithic function|length 19
.\gitmap\cmd\rootrelease_pullrelease_aliases_test.go|86|return without blank line|return entry
.\gitmap\cmd\rootrelease_pullrelease_aliases_test.go|90|return without blank line|return dispatchEntry{}
.\gitmap\cmd\rootrelease_pullrelease_aliases_test.go|102|return without blank line|return string(data)
.\gitmap\cmd\rootrelease_pullrelease_aliases_test.go|62|monolithic function|length 16
.\gitmap\cmd\roottooling.go|9|return without blank line|return runDispatchTable(command, toolingDispatchEntries())
.\gitmap\cmd\roottooling.go|23|return without blank line|return entries
.\gitmap\cmd\roottooling.go|27|return without blank line|return []dispatchEntry{
.\gitmap\cmd\roottooling.go|40|return without blank line|return []dispatchEntry{
.\gitmap\cmd\roottooling.go|54|return without blank line|return []dispatchEntry{
.\gitmap\cmd\roottooling.go|68|return without blank line|return []dispatchEntry{
.\gitmap\cmd\roottooling.go|83|return without blank line|return []dispatchEntry{
.\gitmap\cmd\roottooling.go|101|return without blank line|return []dispatchEntry{
.\gitmap\cmd\roottooling.go|119|return without blank line|return []dispatchEntry{
.\gitmap\cmd\roottooling.go|131|return without blank line|return []dispatchEntry{
.\gitmap\cmd\roottooling.go|82|monolithic function|length 16
.\gitmap\cmd\roottooling.go|100|monolithic function|length 16
.\gitmap\cmd\rootusage.go|109|return without blank line|return constants.ColorCyan + header + constants.ColorReset
.\gitmap\cmd\rootusage.go|47|monolithic function|length 16
.\gitmap\cmd\rootusagecompact.go|19|return without blank line|return []compactGroup{
.\gitmap\cmd\rootusagecompact.go|60|return without blank line|return strings.ToLower(arg)
.\gitmap\cmd\rootusagecompact.go|18|monolithic function|length 21
.\gitmap\cmd\rootusagecompact.go|82|monolithic function|length 19
.\gitmap\cmd\rootusagefilter.go|16|return without blank line|return strings.TrimSpace(args[i+1])
.\gitmap\cmd\rootusagefilter.go|19|return without blank line|return ""
.\gitmap\cmd\rootusagefilter.go|22|return without blank line|return strings.TrimSpace(v)
.\gitmap\cmd\rootusagefilter.go|25|return without blank line|return strings.TrimSpace(v)
.\gitmap\cmd\rootusagefilter.go|121|return without blank line|return line
.\gitmap\cmd\rootusagefilter.go|12|monolithic function|length 18
.\gitmap\cmd\rootusagefilter.go|34|monolithic function|length 22
.\gitmap\cmd\rootusagefilter.go|60|monolithic function|length 21
.\gitmap\cmd\rootusagefilter.go|96|monolithic function|length 19
.\gitmap\cmd\rootusagefilter.go|119|monolithic function|length 23
.\gitmap\cmd\rootusagefilter_fuzzy.go|43|return without blank line|return scoredRows[i].score > scoredRows[j].score
.\gitmap\cmd\rootusagefilter_fuzzy.go|60|return without blank line|return 0
.\gitmap\cmd\rootusagefilter_fuzzy.go|71|return without blank line|return 0
.\gitmap\cmd\rootusagefilter_fuzzy.go|79|return without blank line|return 2
.\gitmap\cmd\rootusagefilter_fuzzy.go|81|return without blank line|return 1
.\gitmap\cmd\rootusagefilter_fuzzy.go|29|monolithic function|length 25
.\gitmap\cmd\rootusagefilter_fuzzy.go|58|monolithic function|length 17
.\gitmap\cmd\rootusagefilter_rows.go|16|monolithic function|length 63
.\gitmap\cmd\rootusageflags.go|10|monolithic function|length 23
.\gitmap\cmd\rootusageflags.go|59|monolithic function|length 16
.\gitmap\cmd\rootusageflags.go|137|monolithic function|length 20
.\gitmap\cmd\rootusagefooter.go|47|return without blank line|return // avoid duplicate block when cwd IS the gitmap source repo
.\gitmap\cmd\rootusagefooter.go|112|return without blank line|return ""
.\gitmap\cmd\rootusagefooter.go|115|return without blank line|return ""
.\gitmap\cmd\rootusagefooter.go|131|return without blank line|return false
.\gitmap\cmd\rootusagefooter.go|142|return without blank line|return v
.\gitmap\cmd\rootusagefooter.go|160|return without blank line|return ""
.\gitmap\cmd\rootusagefooter.go|166|return without blank line|return ""
.\gitmap\cmd\rootusagefooter.go|52|monolithic function|length 17
.\gitmap\cmd\rootusagefooter.go|80|monolithic function|length 27
.\gitmap\cmd\rootusagejson.go|29|monolithic function|length 28
.\gitmap\cmd\rootusagejson.go|60|monolithic function|length 17
.\gitmap\cmd\rootusagejson_test.go|36|monolithic function|length 33
.\gitmap\cmd\rootutility.go|14|return without blank line|return strings.HasPrefix(arg, "-")
.\gitmap\cmd\rootutility.go|19|return without blank line|return runDispatchTable(command, utilityDispatchEntries())
.\gitmap\cmd\rootutility.go|24|return without blank line|return []dispatchEntry{
.\gitmap\cmd\rootutility.go|99|return without blank line|return constants.CmdRm
.\gitmap\cmd\rootutility.go|101|return without blank line|return constants.CmdStale
.\gitmap\cmd\rootutility.go|103|return without blank line|return constants.CmdRecent
.\gitmap\cmd\rootutility.go|105|return without blank line|return constants.CmdPR
.\gitmap\cmd\rootutility.go|107|return without blank line|return constants.CmdCluster
.\gitmap\cmd\rootutility.go|109|return without blank line|return topic
.\gitmap\cmd\rootutility.go|23|monolithic function|length 32
.\gitmap\cmd\rootutility.go|59|monolithic function|length 21
.\gitmap\cmd\root_url_shortcut_test.go|12|monolithic function|length 64
.\gitmap\cmd\root_url_shortcut_test.go|81|monolithic function|length 23
.\gitmap\cmd\root_url_shortcut_test.go|109|monolithic function|length 22
.\gitmap\cmd\safety_snapshot.go|40|return without blank line|return 0, err
.\gitmap\cmd\safety_snapshot.go|50|return without blank line|return nil
.\gitmap\cmd\safety_snapshot.go|54|return without blank line|return nil
.\gitmap\cmd\safety_snapshot.go|58|return without blank line|return nil
.\gitmap\cmd\safety_snapshot.go|62|return without blank line|return err
.\gitmap\cmd\safety_snapshot.go|65|return without blank line|return nil
.\gitmap\cmd\safety_snapshot.go|69|return without blank line|return nil
.\gitmap\cmd\safety_snapshot.go|74|return without blank line|return nil
.\gitmap\cmd\safety_snapshot.go|76|return without blank line|return count, err
.\gitmap\cmd\safety_snapshot.go|102|return without blank line|return ""
.\gitmap\cmd\safety_snapshot.go|111|return without blank line|return ""
.\gitmap\cmd\safety_snapshot.go|114|return without blank line|return filepath.Join(dir, names[len(names)-1])
.\gitmap\cmd\safety_snapshot.go|17|monolithic function|length 18
.\gitmap\cmd\safety_snapshot.go|37|monolithic function|length 40
.\gitmap\cmd\safety_snapshot.go|79|monolithic function|length 17
.\gitmap\cmd\safety_snapshot.go|98|monolithic function|length 17
.\gitmap\cmd\safety_snapshot.go|117|monolithic function|length 17
.\gitmap\cmd\scan.go|209|return without blank line|return records
.\gitmap\cmd\scan.go|215|return without blank line|return records
.\gitmap\cmd\scan.go|254|return without blank line|return exec.Command(constants.CmdExplorer, dir)
.\gitmap\cmd\scan.go|257|return without blank line|return exec.Command(constants.CmdOpen, dir)
.\gitmap\cmd\scan.go|266|return without blank line|return cfgDir
.\gitmap\cmd\scan.go|46|monolithic function|length 101
.\gitmap\cmd\scan.go|152|monolithic function|length 30
.\gitmap\cmd\scan.go|185|monolithic function|length 18
.\gitmap\cmd\scan.go|206|monolithic function|length 26
.\gitmap\cmd\scanbackgroundprobe.go|41|return without blank line|return nil
.\gitmap\cmd\scanbackgroundprobe.go|85|return without blank line|return 0
.\gitmap\cmd\scanbackgroundprobe.go|88|return without blank line|return opts.Concurrency
.\gitmap\cmd\scanbackgroundprobe.go|93|return without blank line|return 0
.\gitmap\cmd\scanbackgroundprobe.go|96|return without blank line|return 0
.\gitmap\cmd\scanbackgroundprobe.go|38|monolithic function|length 36
.\gitmap\cmd\scanbackgroundprobe.go|83|monolithic function|length 17
.\gitmap\cmd\scanbackgroundprobe.go|114|monolithic function|length 19
.\gitmap\cmd\scanbenchmark.go|44|return without blank line|return &scanBenchmark{
.\gitmap\cmd\scanbenchmark.go|118|return without blank line|return fmt.Sprintf("%dµs", d.Microseconds())
.\gitmap\cmd\scanbenchmark.go|121|return without blank line|return fmt.Sprintf("%dms", d.Milliseconds())
.\gitmap\cmd\scanbenchmark.go|75|monolithic function|length 16
.\gitmap\cmd\scanbenchmark.go|95|monolithic function|length 16
.\gitmap\cmd\scanerrorreport.go|24|return without blank line|return nil
.\gitmap\cmd\scanerrorreport.go|35|return without blank line|return nil
.\gitmap\cmd\scanerrorreport.go|67|monolithic function|length 17
.\gitmap\cmd\scanimport.go|55|return without blank line|return 0, err
.\gitmap\cmd\scanimport.go|66|return without blank line|return nil
.\gitmap\cmd\scanimport.go|89|return without blank line|return filepath.Base(path) == constants.DefaultLatestFile
.\gitmap\cmd\scanimport.go|114|return without blank line|return model.ReleaseRecord{
.\gitmap\cmd\scanimport.go|17|monolithic function|length 32
.\gitmap\cmd\scanimport.go|93|monolithic function|length 17
.\gitmap\cmd\scanoutput.go|181|return without blank line|return outFile
.\gitmap\cmd\scanoutput.go|28|monolithic function|length 18
.\gitmap\cmd\scanprogress.go|41|return without blank line|return &scanProgressRenderer{
.\gitmap\cmd\scanprogress.go|51|return without blank line|return nil
.\gitmap\cmd\scanprogress.go|108|return without blank line|return false
.\gitmap\cmd\scanprojectoutput.go|51|return without blank line|return results[i].Project.RelativePath < results[j].Project.RelativePath
.\gitmap\cmd\scanprojectoutput.go|92|return without blank line|return struct {
.\gitmap\cmd\scanprojectoutput.go|97|return without blank line|return struct {
.\gitmap\cmd\scanprojectoutput.go|59|monolithic function|length 18
.\gitmap\cmd\scanprojects.go|80|return without blank line|return 1
.\gitmap\cmd\scanprojects.go|149|return without blank line|return err
.\gitmap\cmd\scanprojects.go|26|monolithic function|length 21
.\gitmap\cmd\scanprojects.go|78|monolithic function|length 16
.\gitmap\cmd\scanprojects.go|97|monolithic function|length 18
.\gitmap\cmd\scanprojects.go|118|monolithic function|length 21
.\gitmap\cmd\scanprojectsmeta.go|15|monolithic function|length 18
.\gitmap\cmd\scanprojectsmeta.go|52|monolithic function|length 22
.\gitmap\cmd\scanproject_jsonschema_contract_test.go|37|monolithic function|length 25
.\gitmap\cmd\scanproject_jsonschema_contract_test.go|67|monolithic function|length 37
.\gitmap\cmd\scanresolve.go|62|return without blank line|return p
.\gitmap\cmd\scanresolve.go|66|return without blank line|return p
.\gitmap\cmd\scanresolve.go|69|return without blank line|return home
.\gitmap\cmd\scanresolve.go|81|return without blank line|return false
.\gitmap\cmd\scanresolve.go|84|return without blank line|return false
.\gitmap\cmd\scanresolve.go|100|return without blank line|return ""
.\gitmap\cmd\scanresolve.go|26|monolithic function|length 29
.\gitmap\cmd\scanresolve.go|97|monolithic function|length 27
.\gitmap\cmd\scan_export_clonefrom_integration_test.go|111|return without blank line|return func(f *os.File, r []model.ScanRecord) error { return formatter.WriteJSON(f, r) }
.\gitmap\cmd\scan_export_clonefrom_integration_test.go|146|return without blank line|return rec.SSHUrl
.\gitmap\cmd\scan_export_clonefrom_integration_test.go|121|monolithic function|length 18
.\gitmap\cmd\scan_export_clonefrom_integration_test.go|172|monolithic function|length 16
.\gitmap\cmd\schemaregistry_assert_test.go|84|return without blank line|return loadSchema(t, name).Keys
.\gitmap\cmd\schemaregistry_assert_test.go|119|return without blank line|return fmt.Sprintf("To accept this drift, either:\n"+
.\gitmap\cmd\schemaregistry_assert_test.go|130|return without blank line|return listContains(*schemaUpdateFlag, name) ||
.\gitmap\cmd\schemaregistry_assert_test.go|141|return without blank line|return listContains(*schemaAcceptFlag, want) ||
.\gitmap\cmd\schemaregistry_assert_test.go|150|return without blank line|return false
.\gitmap\cmd\schemaregistry_assert_test.go|154|return without blank line|return true
.\gitmap\cmd\schemaregistry_assert_test.go|157|return without blank line|return false
.\gitmap\cmd\schemaregistry_assert_test.go|174|return without blank line|return fmt.Errorf("marshal: %w", err)
.\gitmap\cmd\schemaregistry_assert_test.go|178|return without blank line|return fmt.Errorf("write %s: %w", path, err)
.\gitmap\cmd\schemaregistry_assert_test.go|185|return without blank line|return nil
.\gitmap\cmd\schemaregistry_assert_test.go|164|monolithic function|length 22
.\gitmap\cmd\schemaregistry_contract_test.go|16|monolithic function|length 17
.\gitmap\cmd\schemaregistry_contract_test.go|58|monolithic function|length 19
.\gitmap\cmd\schemaregistry_contract_test.go|81|monolithic function|length 17
.\gitmap\cmd\schemaregistry_contract_test.go|186|monolithic function|length 16
.\gitmap\cmd\schemaregistry_test.go|111|monolithic function|length 19
.\gitmap\cmd\schemaregistry_test.go|136|monolithic function|length 17
.\gitmap\cmd\schemaregistry_test.go|158|monolithic function|length 17
.\gitmap\cmd\selfinstall.go|82|return without blank line|return forceAcquireOrExit()
.\gitmap\cmd\selfinstall.go|86|return without blank line|return release
.\gitmap\cmd\selfinstall.go|89|return without blank line|return func() {}
.\gitmap\cmd\selfinstall.go|108|return without blank line|return release
.\gitmap\cmd\selfinstall.go|120|return without blank line|return opts
.\gitmap\cmd\selfinstall.go|145|return without blank line|return shellMode
.\gitmap\cmd\selfinstall.go|148|return without blank line|return profile
.\gitmap\cmd\selfinstall.go|151|return without blank line|return constants.ShellModeBoth
.\gitmap\cmd\selfinstall.go|153|return without blank line|return constants.ShellModeAuto
.\gitmap\cmd\selfinstall.go|168|return without blank line|return true
.\gitmap\cmd\selfinstall.go|171|return without blank line|return false
.\gitmap\cmd\selfinstall.go|176|return without blank line|return false
.\gitmap\cmd\selfinstall.go|180|return without blank line|return false
.\gitmap\cmd\selfinstall.go|182|return without blank line|return validateComboTokens(tokens)
.\gitmap\cmd\selfinstall.go|189|return without blank line|return false
.\gitmap\cmd\selfinstall.go|193|return without blank line|return true
.\gitmap\cmd\selfinstall.go|200|return without blank line|return true
.\gitmap\cmd\selfinstall.go|202|return without blank line|return false
.\gitmap\cmd\selfinstall.go|207|return without blank line|return opts.Dir
.\gitmap\cmd\selfinstall.go|211|return without blank line|return def
.\gitmap\cmd\selfinstall.go|213|return without blank line|return promptInstallDir(def)
.\gitmap\cmd\selfinstall.go|218|return without blank line|return constants.SelfInstallDefaultWindows
.\gitmap\cmd\selfinstall.go|222|return without blank line|return constants.SelfInstallDefaultUnixFallback
.\gitmap\cmd\selfinstall.go|224|return without blank line|return filepath.Join(home, constants.SelfInstallDefaultUnix)
.\gitmap\cmd\selfinstall.go|237|return without blank line|return def
.\gitmap\cmd\selfinstall.go|239|return without blank line|return answer
.\gitmap\cmd\selfinstall.go|247|return without blank line|return name, body
.\gitmap\cmd\selfinstall.go|249|return without blank line|return name, downloadFallbackInstallScript()
.\gitmap\cmd\selfinstall.go|260|return without blank line|return body
.\gitmap\cmd\selfinstall.go|265|return without blank line|return constants.SelfInstallScriptPwsh
.\gitmap\cmd\selfinstall.go|267|return without blank line|return constants.SelfInstallScriptBash
.\gitmap\cmd\selfinstall.go|272|return without blank line|return constants.SelfInstallRemotePwsh
.\gitmap\cmd\selfinstall.go|274|return without blank line|return constants.SelfInstallRemoteBash
.\gitmap\cmd\selfinstall.go|280|return without blank line|return nil, err
.\gitmap\cmd\selfinstall.go|284|return without blank line|return nil, fmt.Errorf(constants.ErrHTTPStatusFmt, resp.StatusCode)
.\gitmap\cmd\selfinstall.go|286|return without blank line|return io.ReadAll(resp.Body)
.\gitmap\cmd\selfinstall.go|299|return without blank line|return f.Name()
.\gitmap\cmd\selfinstall.go|304|return without blank line|return constants.SelfInstallTempPrefix + constants.ScriptExtPs1
.\gitmap\cmd\selfinstall.go|306|return without blank line|return constants.SelfInstallTempPrefix + constants.ScriptExtSh
.\gitmap\cmd\selfinstall.go|348|return without blank line|return buildSelfInstallPwshCmd(path, dir, opts)
.\gitmap\cmd\selfinstall.go|350|return without blank line|return buildSelfInstallBashCmd(path, dir, opts)
.\gitmap\cmd\selfinstall.go|363|return without blank line|return exec.Command(constants.ShellModePwsh, args...)
.\gitmap\cmd\selfinstall.go|372|return without blank line|return cmd
.\gitmap\cmd\selfinstall.go|384|return without blank line|return args
.\gitmap\cmd\selfinstall.go|389|return without blank line|return true
.\gitmap\cmd\selfinstall.go|392|return without blank line|return false
.\gitmap\cmd\selfinstall.go|396|return without blank line|return true
.\gitmap\cmd\selfinstall.go|399|return without blank line|return false
.\gitmap\cmd\selfuninstall.go|78|return without blank line|return false
.\gitmap\cmd\selfuninstall.go|121|return without blank line|return false
.\gitmap\cmd\selfuninstall.go|125|return without blank line|return false
.\gitmap\cmd\selfuninstall.go|129|return without blank line|return false
.\gitmap\cmd\selfuninstall.go|51|monolithic function|length 19
.\gitmap\cmd\selfuninstallhandoff.go|18|return without blank line|return runtime.GOOS == "windows"
.\gitmap\cmd\selfuninstallhandoff.go|48|return without blank line|return "", err
.\gitmap\cmd\selfuninstallhandoff.go|62|return without blank line|return err
.\gitmap\cmd\selfuninstallhandoff.go|67|return without blank line|return err
.\gitmap\cmd\selfuninstallhandoff.go|77|monolithic function|length 22
.\gitmap\cmd\selfuninstallhandoff.go|104|monolithic function|length 17
.\gitmap\cmd\selfuninstallparts.go|19|return without blank line|return ""
.\gitmap\cmd\selfuninstallparts.go|33|return without blank line|return ""
.\gitmap\cmd\selfuninstallparts.go|66|return without blank line|return true
.\gitmap\cmd\selfuninstallparts.go|69|return without blank line|return true
.\gitmap\cmd\selfuninstallparts.go|72|return without blank line|return true
.\gitmap\cmd\selfuninstallparts.go|75|return without blank line|return true
.\gitmap\cmd\selfuninstallparts.go|212|return without blank line|return true
.\gitmap\cmd\selfuninstallparts.go|215|return without blank line|return true
.\gitmap\cmd\selfuninstallparts.go|218|return without blank line|return true
.\gitmap\cmd\selfuninstallparts.go|230|return without blank line|return nil
.\gitmap\cmd\selfuninstallparts.go|278|return without blank line|return strings.TrimRight(out.String(), "\n"), removed
.\gitmap\cmd\selfuninstallparts.go|286|return without blank line|return strings.HasPrefix(line, "# gitmap shell wrapper v") &&
.\gitmap\cmd\selfuninstallparts.go|333|return without blank line|return allFamilies
.\gitmap\cmd\selfuninstallparts.go|336|return without blank line|return strings.Split(mode, constants.ShellModeComboSep)
.\gitmap\cmd\selfuninstallparts.go|348|return without blank line|return nil
.\gitmap\cmd\selfuninstallparts.go|351|return without blank line|return windowsProfilesForFamily(home, family)
.\gitmap\cmd\selfuninstallparts.go|363|return without blank line|return []string{
.\gitmap\cmd\selfuninstallparts.go|368|return without blank line|return []string{
.\gitmap\cmd\selfuninstallparts.go|373|return without blank line|return []string{
.\gitmap\cmd\selfuninstallparts.go|378|return without blank line|return []string{filepath.Join(home, ".config", "fish", "config.fish")}
.\gitmap\cmd\selfuninstallparts.go|390|return without blank line|return nil
.\gitmap\cmd\selfuninstallparts.go|41|monolithic function|length 18
.\gitmap\cmd\selfuninstallparts.go|63|monolithic function|length 16
.\gitmap\cmd\selfuninstallparts.go|95|monolithic function|length 26
.\gitmap\cmd\selfuninstallparts.go|125|monolithic function|length 27
.\gitmap\cmd\selfuninstallparts.go|184|monolithic function|length 21
.\gitmap\cmd\selfuninstallparts.go|227|monolithic function|length 22
.\gitmap\cmd\selfuninstallparts.go|253|monolithic function|length 29
.\gitmap\cmd\selfuninstallparts.go|360|monolithic function|length 22
.\gitmap\cmd\selfupdate.go|36|return without blank line|return 2
.\gitmap\cmd\selfupdate.go|42|return without blank line|return 0
.\gitmap\cmd\selfupdate.go|46|return without blank line|return 0
.\gitmap\cmd\selfupdate.go|48|return without blank line|return execSelfInstallTag(opts.Stdout, latest)
.\gitmap\cmd\selfupdate.go|57|return without blank line|return "", err
.\gitmap\cmd\selfupdate.go|61|return without blank line|return "", fmt.Errorf("github status %d", resp.StatusCode)
.\gitmap\cmd\selfupdate.go|67|return without blank line|return "", err
.\gitmap\cmd\selfupdate.go|70|return without blank line|return "", fmt.Errorf("empty tag_name in release payload")
.\gitmap\cmd\selfupdate.go|72|return without blank line|return body.TagName, nil
.\gitmap\cmd\selfupdate.go|81|return without blank line|return 1
.\gitmap\cmd\selfupdate.go|84|return without blank line|return 0
.\gitmap\cmd\selfupdate.go|95|return without blank line|return pa[i] > pb[i]
.\gitmap\cmd\selfupdate.go|98|return without blank line|return false
.\gitmap\cmd\selfupdate.go|117|return without blank line|return out
.\gitmap\cmd\selfupdate.go|29|monolithic function|length 20
.\gitmap\cmd\selfupdate.go|51|monolithic function|length 22
.\gitmap\cmd\selfupdate.go|101|monolithic function|length 17
.\gitmap\cmd\seowrite.go|55|return without blank line|return false
.\gitmap\cmd\seowrite.go|81|return without blank line|return loadCSVMessages(flags.csv)
.\gitmap\cmd\seowrite.go|34|monolithic function|length 16
.\gitmap\cmd\seowrite.go|106|monolithic function|length 25
.\gitmap\cmd\seowritecreate.go|38|return without blank line|return sampleTemplateFile{
.\gitmap\cmd\seowritecreate.go|37|monolithic function|length 21
.\gitmap\cmd\seowritecsv.go|24|monolithic function|length 16
.\gitmap\cmd\seowritegit.go|148|return without blank line|return fmt.Sprintf("%dh %dm", h, m)
.\gitmap\cmd\seowritegit.go|158|return without blank line|return true
.\gitmap\cmd\seowritegit.go|163|return without blank line|return true
.\gitmap\cmd\seowritegit.go|22|monolithic function|length 17
.\gitmap\cmd\seowritegit.go|42|monolithic function|length 16
.\gitmap\cmd\seowriteloop.go|103|return without blank line|return nil
.\gitmap\cmd\seowriteloop.go|120|return without blank line|return "."
.\gitmap\cmd\seowriteloop.go|129|return without blank line|return autoDetectRotateFile()
.\gitmap\cmd\seowriteloop.go|147|return without blank line|return matches[0]
.\gitmap\cmd\seowriteloop.go|25|monolithic function|length 20
.\gitmap\cmd\seowriteloop.go|74|monolithic function|length 17
.\gitmap\cmd\seowriteloop.go|94|monolithic function|length 21
.\gitmap\cmd\seowritetemplate.go|35|return without blank line|return loadFromJSONFile(flags.templatePath)
.\gitmap\cmd\seowritetemplate.go|138|return without blank line|return nil, nil
.\gitmap\cmd\seowritetemplate.go|143|return without blank line|return nil, nil
.\gitmap\cmd\seowritetemplate.go|186|return without blank line|return strings.NewReplacer(
.\gitmap\cmd\seowritetemplate.go|95|monolithic function|length 16
.\gitmap\cmd\seowritetemplate.go|114|monolithic function|length 18
.\gitmap\cmd\seowritetemplate.go|163|monolithic function|length 19
.\gitmap\cmd\serve.go|64|return without blank line|return *port
.\gitmap\cmd\serve.go|71|return without blank line|return "", err
.\gitmap\cmd\serve.go|73|return without blank line|return hex.EncodeToString(bytes), nil
.\gitmap\cmd\serve.go|80|return without blank line|return constants.ServeBindAddress
.\gitmap\cmd\serve.go|92|return without blank line|return ipnet.IP.String()
.\gitmap\cmd\serve.go|95|return without blank line|return constants.ServeBindAddress
.\gitmap\cmd\serve.go|19|monolithic function|length 38
.\gitmap\cmd\serve.go|77|monolithic function|length 19
.\gitmap\cmd\setsourcerepo.go|13|monolithic function|length 16
.\gitmap\cmd\setup.go|79|return without blank line|return ""
.\gitmap\cmd\setup.go|16|monolithic function|length 22
.\gitmap\cmd\setup.go|43|monolithic function|length 29
.\gitmap\cmd\setup.go|90|monolithic function|length 19
.\gitmap\cmd\setupconfig.go|18|return without blank line|return cfg
.\gitmap\cmd\setupconfig.go|30|return without blank line|return configPath
.\gitmap\cmd\setupconfig.go|52|return without blank line|return ""
.\gitmap\cmd\setupconfig.go|67|return without blank line|return path
.\gitmap\cmd\setupverify.go|31|return without blank line|return os.Getenv(constants.EnvGitmapCommandWrapper) == constants.EnvGitmapWrapperVal
.\gitmap\cmd\setup_test.go|57|return without blank line|return path
.\gitmap\cmd\sf.go|127|return without blank line|return db.RemoveScanFolderByID(id)
.\gitmap\cmd\sf.go|132|return without blank line|return model.ScanFolder{}, 0, fmt.Errorf(constants.ErrSFAbsResolve, target, err)
.\gitmap\cmd\sf.go|158|return without blank line|return true
.\gitmap\cmd\sf.go|15|monolithic function|length 20
.\gitmap\cmd\sf.go|46|monolithic function|length 32
.\gitmap\cmd\sf.go|81|monolithic function|length 20
.\gitmap\cmd\sf.go|104|monolithic function|length 18
.\gitmap\cmd\size.go|39|return without blank line|return repoSize{path: r, size: dirSize(filepath.Join(r, ".git"))}, true
.\gitmap\cmd\size.go|21|monolithic function|length 28
.\gitmap\cmd\size.go|52|monolithic function|length 21
.\gitmap\cmd\size.go|94|monolithic function|length 19
.\gitmap\cmd\ssh.go|19|monolithic function|length 39
.\gitmap\cmd\sshbind.go|59|return without blank line|return arg, home + string(os.PathSeparator) + arg[2:]
.\gitmap\cmd\sshbind.go|62|return without blank line|return arg, arg
.\gitmap\cmd\sshbind.go|18|monolithic function|length 33
.\gitmap\cmd\sshcat.go|83|return without blank line|return &keys[0], nil
.\gitmap\cmd\sshcat.go|85|return without blank line|return fallbackKey, fallbackErr
.\gitmap\cmd\sshcat.go|101|return without blank line|return *keyPtr, errFallback
.\gitmap\cmd\sshcat.go|103|return without blank line|return origKey, errFallback
.\gitmap\cmd\sshcat.go|15|monolithic function|length 56
.\gitmap\cmd\sshconfig.go|63|return without blank line|return ""
.\gitmap\cmd\sshconfig.go|103|return without blank line|return strings.TrimRight(before, "\n") + after
.\gitmap\cmd\sshconfig.go|111|return without blank line|return content
.\gitmap\cmd\sshconfig.go|123|return without blank line|return filepath.Join(sshDir(), "config")
.\gitmap\cmd\sshconfig.go|14|monolithic function|length 16
.\gitmap\cmd\sshconfig.go|33|monolithic function|length 24
.\gitmap\cmd\sshconfig.go|60|monolithic function|length 22
.\gitmap\cmd\sshcopy.go|66|return without blank line|return "", nil
.\gitmap\cmd\sshcopy.go|71|return without blank line|return tool, err
.\gitmap\cmd\sshcopy.go|81|return without blank line|return "clip", nil
.\gitmap\cmd\sshcopy.go|83|return without blank line|return "pbcopy", nil
.\gitmap\cmd\sshcopy.go|86|return without blank line|return path, nil
.\gitmap\cmd\sshcopy.go|89|return without blank line|return path, []string{"-selection", "clipboard"}
.\gitmap\cmd\sshcopy.go|92|return without blank line|return path, []string{"--clipboard", "--input"}
.\gitmap\cmd\sshcopy.go|17|monolithic function|length 24
.\gitmap\cmd\sshcopy.go|78|monolithic function|length 18
.\gitmap\cmd\sshdelete.go|14|monolithic function|length 50
.\gitmap\cmd\sshexec.go|65|return without blank line|return conns
.\gitmap\cmd\sshexec.go|83|return without blank line|return filtered
.\gitmap\cmd\sshexec.go|150|return without blank line|return "", "", false
.\gitmap\cmd\sshexec.go|156|return without blank line|return "", "", true
.\gitmap\cmd\sshexec.go|162|return without blank line|return first, strings.Join(args[1:], " "), false
.\gitmap\cmd\sshexec.go|164|return without blank line|return first, "", false
.\gitmap\cmd\sshexec.go|172|return without blank line|return shell, strings.Join(args, " "), false
.\gitmap\cmd\sshexec.go|178|return without blank line|return nil // installed
.\gitmap\cmd\sshexec.go|192|return without blank line|return fmt.Errorf("auto-install failed: %w", err)
.\gitmap\cmd\sshexec.go|194|return without blank line|return nil
.\gitmap\cmd\sshexec.go|198|return without blank line|return nil
.\gitmap\cmd\sshexec.go|203|return without blank line|return nil
.\gitmap\cmd\sshexec.go|212|return without blank line|return nil
.\gitmap\cmd\sshexec.go|38|monolithic function|length 23
.\gitmap\cmd\sshexec.go|63|monolithic function|length 21
.\gitmap\cmd\sshexec.go|95|monolithic function|length 51
.\gitmap\cmd\sshexec.go|148|monolithic function|length 25
.\gitmap\cmd\sshexec.go|175|monolithic function|length 20
.\gitmap\cmd\sshexec.go|196|monolithic function|length 17
.\gitmap\cmd\sshexec_test.go|7|monolithic function|length 24
.\gitmap\cmd\sshexisting.go|86|return without blank line|return fmt.Errorf("backup private key: %w", err)
.\gitmap\cmd\sshexisting.go|91|return without blank line|return nil
.\gitmap\cmd\sshexisting.go|96|return without blank line|return fmt.Errorf("backup public key: %w", errRename)
.\gitmap\cmd\sshexisting.go|31|monolithic function|length 21
.\gitmap\cmd\sshexisting.go|82|monolithic function|length 18
.\gitmap\cmd\sshgen.go|204|return without blank line|return strings.TrimSpace(strings.ToLower(input)) == "y"
.\gitmap\cmd\sshgen.go|17|monolithic function|length 54
.\gitmap\cmd\sshgen.go|74|monolithic function|length 42
.\gitmap\cmd\sshgen.go|120|monolithic function|length 25
.\gitmap\cmd\sshgen.go|148|monolithic function|length 50
.\gitmap\cmd\sshgenutil.go|24|return without blank line|return ""
.\gitmap\cmd\sshgenutil.go|34|return without blank line|return "unknown"
.\gitmap\cmd\sshgenutil.go|39|return without blank line|return parts[1]
.\gitmap\cmd\sshgenutil.go|64|return without blank line|return filepath.Join(home, ".ssh", "id_rsa")
.\gitmap\cmd\sshgenutil.go|76|return without blank line|return os.MkdirAll(dir, 0o700)
.\gitmap\cmd\sshjoin.go|40|return without blank line|return opts
.\gitmap\cmd\sshjoin.go|116|return without blank line|return strings.TrimSpace(input)
.\gitmap\cmd\sshjoin.go|43|monolithic function|length 17
.\gitmap\cmd\sshjoin.go|62|monolithic function|length 18
.\gitmap\cmd\sshjoin.go|87|monolithic function|length 24
.\gitmap\cmd\sshjoin.go|119|monolithic function|length 23
.\gitmap\cmd\sshjoin.go|144|monolithic function|length 27
.\gitmap\cmd\sshjoin.go|173|monolithic function|length 25
.\gitmap\cmd\sshlist.go|67|return without blank line|return true
.\gitmap\cmd\sshlist.go|12|monolithic function|length 42
.\gitmap\cmd\sshlistjson_contract_test.go|33|return without blank line|return model.SSHKey{
.\gitmap\cmd\sshlistrender.go|30|return without blank line|return stablejson.WriteArray(w, buildSSHListJSONItems(keys))
.\gitmap\cmd\sshlist_jsonschema_contract_test.go|30|monolithic function|length 17
.\gitmap\cmd\sshlist_jsonschema_contract_test.go|52|monolithic function|length 19
.\gitmap\cmd\sshstatus.go|87|return without blank line|return true, firstSegment(text, 80)
.\gitmap\cmd\sshstatus.go|90|return without blank line|return false, "no response (timeout or network blocked)"
.\gitmap\cmd\sshstatus.go|112|return without blank line|return s
.\gitmap\cmd\sshstatus.go|77|monolithic function|length 17
.\gitmap\cmd\stale.go|44|return without blank line|return staleRepo{}, false
.\gitmap\cmd\stale.go|46|return without blank line|return staleRepo{path: r, last: t}, true
.\gitmap\cmd\stale.go|92|return without blank line|return nil
.\gitmap\cmd\stale.go|114|return without blank line|return time.Time{}, false
.\gitmap\cmd\stale.go|118|return without blank line|return time.Time{}, false
.\gitmap\cmd\stale.go|122|return without blank line|return time.Time{}, false
.\gitmap\cmd\stale.go|23|monolithic function|length 30
.\gitmap\cmd\stale.go|56|monolithic function|length 29
.\gitmap\cmd\stale.go|88|monolithic function|length 17
.\gitmap\cmd\stale.go|110|monolithic function|length 16
.\gitmap\cmd\stale.go|145|monolithic function|length 25
.\gitmap\cmd\startup.go|34|monolithic function|length 17
.\gitmap\cmd\startup.go|72|monolithic function|length 46
.\gitmap\cmd\startup.go|146|monolithic function|length 29
.\gitmap\cmd\startup.go|194|monolithic function|length 24
.\gitmap\cmd\startup.go|245|monolithic function|length 16
.\gitmap\cmd\startupadd.go|46|monolithic function|length 35
.\gitmap\cmd\startupadd.go|87|monolithic function|length 31
.\gitmap\cmd\startuplistcsv_contract_test.go|82|monolithic function|length 23
.\gitmap\cmd\startuplistfilter.go|65|return without blank line|return true
.\gitmap\cmd\startuplistfilter.go|69|return without blank line|return strings.HasPrefix(e.Path, `HKCU\`)
.\gitmap\cmd\startuplistfilter.go|71|return without blank line|return strings.HasPrefix(e.Path, `HKLM\`)
.\gitmap\cmd\startuplistfilter.go|73|return without blank line|return strings.HasSuffix(strings.ToLower(e.Path), constants.StartupLnkExt)
.\gitmap\cmd\startuplistfilter.go|87|return without blank line|return true
.\gitmap\cmd\startuplistfilter.go|27|monolithic function|length 19
.\gitmap\cmd\startuplistfilter_test.go|19|return without blank line|return []startup.Entry{
.\gitmap\cmd\startuplistfilter_test.go|18|monolithic function|length 18
.\gitmap\cmd\startuplistfilter_test.go|134|monolithic function|length 20
.\gitmap\cmd\startuplistjsonl_contract_test.go|72|monolithic function|length 28
.\gitmap\cmd\startuplistjsonl_contract_test.go|106|monolithic function|length 22
.\gitmap\cmd\startuplistjsonl_contract_test.go|133|monolithic function|length 57
.\gitmap\cmd\startuplistjson_bytes_contract_test.go|77|monolithic function|length 18
.\gitmap\cmd\startuplistjson_determinism_test.go|119|return without blank line|return buf.Bytes()
.\gitmap\cmd\startuplistjson_determinism_test.go|45|monolithic function|length 29
.\gitmap\cmd\startuplistjson_indent_contract_test.go|52|monolithic function|length 27
.\gitmap\cmd\startuplistjson_indent_contract_test.go|107|monolithic function|length 16
.\gitmap\cmd\startuplistjson_indent_contract_test.go|146|monolithic function|length 17
.\gitmap\cmd\startuplistjson_indent_contract_test.go|169|monolithic function|length 21
.\gitmap\cmd\startuplistrender.go|101|return without blank line|return encodeStartupListJSONIndent(w, entries, constants.StartupListJSONIndentDefault)
.\gitmap\cmd\startuplistrender.go|146|return without blank line|return stablejson.WriteJSONLines(w, buildStartupListJSONItems(entries))
.\gitmap\cmd\startuplistrender.go|169|monolithic function|length 18
.\gitmap\cmd\startuplisttable_contract_test.go|73|monolithic function|length 19
.\gitmap\cmd\startupstatusjson.go|167|return without blank line|return nil
.\gitmap\cmd\startupstatusjson.go|88|monolithic function|length 20
.\gitmap\cmd\startupstatusjson.go|117|monolithic function|length 19
.\gitmap\cmd\startupstatusjson_test.go|28|monolithic function|length 84
.\gitmap\cmd\startupstatusjson_test.go|117|monolithic function|length 29
.\gitmap\cmd\startupstatusjson_test.go|151|monolithic function|length 18
.\gitmap\cmd\startupstatusjson_test.go|174|monolithic function|length 24
.\gitmap\cmd\stats.go|74|monolithic function|length 18
.\gitmap\cmd\statsjson_contract_test.go|28|monolithic function|length 37
.\gitmap\cmd\statsrender.go|55|return without blank line|return err
.\gitmap\cmd\statsrender.go|74|return without blank line|return nil, err
.\gitmap\cmd\statsrender.go|82|monolithic function|length 17
.\gitmap\cmd\stats_jsonschema_contract_test.go|44|monolithic function|length 18
.\gitmap\cmd\status.go|41|return without blank line|return []model.ScanRecord{{
.\gitmap\cmd\status.go|48|return without blank line|return loadRecordsByGroup(groupName)
.\gitmap\cmd\status.go|51|return without blank line|return loadAllRecordsDB()
.\gitmap\cmd\status.go|101|return without blank line|return loadAllRecordsDBOrEmpty()
.\gitmap\cmd\status.go|137|return without blank line|return nil, err
.\gitmap\cmd\status.go|39|monolithic function|length 16
.\gitmap\cmd\status.go|114|monolithic function|length 17
.\gitmap\cmd\statusformat.go|17|return without blank line|return computeRepoStatus(rec, s)
.\gitmap\cmd\statusformat.go|21|return without blank line|return statusRow{
.\gitmap\cmd\statusformat.go|96|return without blank line|return buildFileCountParts(rs)
.\gitmap\cmd\statusmissing.go|38|return without blank line|return fmt.Sprintf("%s %s ... (+%d more)", slugs[0], slugs[1], len(slugs)-2)
.\gitmap\cmd\statusmissing.go|47|return without blank line|return out
.\gitmap\cmd\statusmissing.go|10|monolithic function|length 24
.\gitmap\cmd\statusprint.go|45|return without blank line|return &statusTableContext{
.\gitmap\cmd\statusprint.go|92|return without blank line|return s
.\gitmap\cmd\statusprint.go|108|return without blank line|return s
.\gitmap\cmd\statusprint.go|179|return without blank line|return parts
.\gitmap\cmd\statusprint.go|56|monolithic function|length 23
.\gitmap\cmd\statusprint.go|111|monolithic function|length 41
.\gitmap\cmd\sync.go|196|return without blank line|return false
.\gitmap\cmd\sync.go|227|return without blank line|return true
.\gitmap\cmd\sync.go|364|return without blank line|return string(ab) == string(bb)
.\gitmap\cmd\sync.go|194|monolithic function|length 34
.\gitmap\cmd\sync.go|245|monolithic function|length 51
.\gitmap\cmd\sync.go|300|monolithic function|length 56
.\gitmap\cmd\task.go|25|monolithic function|length 29
.\gitmap\cmd\taskfilter.go|17|return without blank line|return err
.\gitmap\cmd\taskfilter.go|23|return without blank line|return err
.\gitmap\cmd\taskfilter.go|39|return without blank line|return nil
.\gitmap\cmd\taskfilter.go|65|return without blank line|return true
.\gitmap\cmd\taskfilter.go|74|return without blank line|return false
.\gitmap\cmd\taskfilter.go|99|return without blank line|return true
.\gitmap\cmd\taskfilter.go|116|return without blank line|return false
.\gitmap\cmd\taskfilter.go|126|return without blank line|return false
.\gitmap\cmd\taskfilter.go|14|monolithic function|length 17
.\gitmap\cmd\taskfilter.go|72|monolithic function|length 32
.\gitmap\cmd\taskops.go|124|return without blank line|return t
.\gitmap\cmd\taskops.go|162|return without blank line|return model.TaskFile{Tasks: []model.TaskEntry{}}
.\gitmap\cmd\taskops.go|15|monolithic function|length 20
.\gitmap\cmd\taskops.go|135|monolithic function|length 19
.\gitmap\cmd\taskops.go|157|monolithic function|length 17
.\gitmap\cmd\taskops.go|177|monolithic function|length 20
.\gitmap\cmd\tasksync.go|44|return without blank line|return constants.TaskMinInterval
.\gitmap\cmd\tasksync.go|79|return without blank line|return nil
.\gitmap\cmd\tasksync.go|85|return without blank line|return filepath.SkipDir
.\gitmap\cmd\tasksync.go|88|return without blank line|return nil
.\gitmap\cmd\tasksync.go|92|return without blank line|return nil
.\gitmap\cmd\tasksync.go|159|return without blank line|return os.MkdirAll(filepath.Dir(destPath), constants.DirPermission)
.\gitmap\cmd\tasksync.go|166|return without blank line|return path
.\gitmap\cmd\tasksync.go|16|monolithic function|length 23
.\gitmap\cmd\tasksync.go|51|monolithic function|length 19
.\gitmap\cmd\tasksync.go|73|monolithic function|length 37
.\gitmap\cmd\tasksync.go|129|monolithic function|length 26
.\gitmap\cmd\task_unit_test.go|5|monolithic function|length 18
.\gitmap\cmd\task_unit_test.go|45|monolithic function|length 17
.\gitmap\cmd\task_unit_test.go|64|monolithic function|length 20
.\gitmap\cmd\templatescli.go|86|return without blank line|return false
.\gitmap\cmd\templatescli.go|167|return without blank line|return true
.\gitmap\cmd\templatescli.go|177|return without blank line|return in
.\gitmap\cmd\templatescli.go|261|return without blank line|return labelTemplatesUser
.\gitmap\cmd\templatescli.go|84|monolithic function|length 26
.\gitmap\cmd\templatescli.go|116|monolithic function|length 30
.\gitmap\cmd\templatescli.go|175|monolithic function|length 16
.\gitmap\cmd\templatescli.go|204|monolithic function|length 22
.\gitmap\cmd\templatescli_filter_test.go|12|return without blank line|return []templates.Entry{
.\gitmap\cmd\templatescli_test.go|15|monolithic function|length 17
.\gitmap\cmd\templatescli_test.go|37|monolithic function|length 22
.\gitmap\cmd\templatesdiff.go|87|return without blank line|return []string{"ignore", "attributes"}, true
.\gitmap\cmd\templatesdiff.go|89|return without blank line|return []string{kind}, true
.\gitmap\cmd\templatesdiff.go|141|return without blank line|return ".gitattributes"
.\gitmap\cmd\templatesdiff.go|164|return without blank line|return line
.\gitmap\cmd\templatesdiff.go|168|return without blank line|return render.HighlightQuotesANSI(constants.ColorCyan + line + constants.ColorReset)
.\gitmap\cmd\templatesdiff.go|170|return without blank line|return render.HighlightQuotesANSI(constants.ColorYellow + line + constants.ColorReset)
.\gitmap\cmd\templatesdiff.go|172|return without blank line|return render.HighlightQuotesANSI(constants.ColorDim + line + constants.ColorReset)
.\gitmap\cmd\templatesdiff.go|47|monolithic function|length 17
.\gitmap\cmd\templatesdiff.go|114|monolithic function|length 21
.\gitmap\cmd\templatesinit.go|101|return without blank line|return templatesInitFlags{}, fmt.Errorf("parse flags: %w", err)
.\gitmap\cmd\templatesinit.go|170|return without blank line|return templatesInitResult{
.\gitmap\cmd\templatesinit.go|185|return without blank line|return templatesInitResult{
.\gitmap\cmd\templatesinit.go|61|monolithic function|length 25
.\gitmap\cmd\templatesinit.go|92|monolithic function|length 18
.\gitmap\cmd\templatesinit.go|133|monolithic function|length 29
.\gitmap\cmd\templatesinit.go|167|monolithic function|length 41
.\gitmap\cmd\templatesinit.go|214|monolithic function|length 19
.\gitmap\cmd\templatesinit.go|237|monolithic function|length 20
.\gitmap\cmd\templatesinit.go|261|monolithic function|length 21
.\gitmap\cmd\templatesinit_test.go|28|monolithic function|length 16
.\gitmap\cmd\templatesinit_test.go|66|monolithic function|length 26
.\gitmap\cmd\templatesinit_test.go|98|monolithic function|length 28
.\gitmap\cmd\templatesinit_test.go|131|monolithic function|length 22
.\gitmap\cmd\templatesinit_test.go|159|monolithic function|length 24
.\gitmap\cmd\templatesinit_test.go|189|monolithic function|length 21
.\gitmap\cmd\templatesinit_test.go|216|monolithic function|length 22
.\gitmap\cmd\templatesinit_test.go|250|monolithic function|length 21
.\gitmap\cmd\temprelease.go|42|monolithic function|length 20
.\gitmap\cmd\tempreleaseexport_test_helpers.go|11|return without blank line|return formatSeq(seq, digits)
.\gitmap\cmd\tempreleaseexport_test_helpers.go|18|return without blank line|return pattern, 0
.\gitmap\cmd\tempreleaseexport_test_helpers.go|33|return without blank line|return resolveTRBranch(version)
.\gitmap\cmd\tempreleaseexport_test_helpers.go|42|return without blank line|return fmt.Errorf("sequence %d exceeds %d-digit format (max %d)", endSeq, digits, maxVal)
.\gitmap\cmd\tempreleaselist.go|72|return without blank line|return true
.\gitmap\cmd\tempreleaselist.go|13|monolithic function|length 28
.\gitmap\cmd\tempreleaselist.go|44|monolithic function|length 22
.\gitmap\cmd\tempreleaselistjson_contract_test.go|24|monolithic function|length 23
.\gitmap\cmd\tempreleaselistrender.go|31|return without blank line|return stablejson.WriteArray(w, buildTempReleaseListItems(releases))
.\gitmap\cmd\tempreleaselist_jsonschema_contract_test.go|30|monolithic function|length 17
.\gitmap\cmd\tempreleaselist_jsonschema_contract_test.go|52|monolithic function|length 19
.\gitmap\cmd\tempreleaseops.go|87|return without blank line|return 1
.\gitmap\cmd\tempreleaseops.go|106|return without blank line|return fmt.Sprintf("%0*d", digits, seq)
.\gitmap\cmd\tempreleaseops.go|16|monolithic function|length 23
.\gitmap\cmd\tempreleaseops.go|42|monolithic function|length 21
.\gitmap\cmd\tempreleaseops.go|110|monolithic function|length 31
.\gitmap\cmd\tempreleaseremove.go|158|return without blank line|return version
.\gitmap\cmd\tempreleaseremove.go|15|monolithic function|length 19
.\gitmap\cmd\tempreleaseremove.go|50|monolithic function|length 30
.\gitmap\cmd\tempreleaseremove.go|83|monolithic function|length 21
.\gitmap\cmd\tempreleaseremove.go|107|monolithic function|length 39
.\gitmap\cmd\testpaths_test.go|18|return without blank line|return filepath.Join(append([]string{cmdPackageDir()}, parts...)...)
.\gitmap\cmd\testpaths_test.go|22|return without blank line|return cmdPackagePath(goldenDir, name)
.\gitmap\cmd\testpaths_test.go|27|return without blank line|return schemaDir
.\gitmap\cmd\themeflag.go|57|return without blank line|return args[i+1], 2, true
.\gitmap\cmd\themeflag.go|60|return without blank line|return "", 1, true
.\gitmap\cmd\themeflag.go|63|return without blank line|return v, 1, true
.\gitmap\cmd\themeflag.go|66|return without blank line|return v, 1, true
.\gitmap\cmd\themeflag.go|75|return without blank line|return "", false
.\gitmap\cmd\themeflag.go|23|monolithic function|length 25
.\gitmap\cmd\undo.go|87|return without blank line|return nil
.\gitmap\cmd\undo.go|122|return without blank line|return findExplicitSnapshot(snapshots, explicit)
.\gitmap\cmd\undo.go|125|return without blank line|return ""
.\gitmap\cmd\undo.go|134|return without blank line|return s
.\gitmap\cmd\undo.go|137|return without blank line|return ""
.\gitmap\cmd\undo.go|208|return without blank line|return 0
.\gitmap\cmd\undo.go|219|return without blank line|return fixRepoBackupManifest{}, false
.\gitmap\cmd\undo.go|224|return without blank line|return fixRepoBackupManifest{}, false
.\gitmap\cmd\undo.go|228|return without blank line|return fixRepoBackupManifest{}, false
.\gitmap\cmd\undo.go|36|monolithic function|length 20
.\gitmap\cmd\undo.go|60|monolithic function|length 20
.\gitmap\cmd\undo.go|160|monolithic function|length 22
.\gitmap\cmd\undo.go|185|monolithic function|length 16
.\gitmap\cmd\undo.go|215|monolithic function|length 17
.\gitmap\cmd\uninstall.go|144|return without blank line|return resolvePackageManager("")
.\gitmap\cmd\uninstall.go|149|return without blank line|return resolvePackageManager("")
.\gitmap\cmd\uninstall.go|160|return without blank line|return buildChocoUninstall(pkgName, purge)
.\gitmap\cmd\uninstall.go|163|return without blank line|return []string{"winget", "uninstall", pkgName}
.\gitmap\cmd\uninstall.go|166|return without blank line|return buildAptUninstall(pkgName, purge)
.\gitmap\cmd\uninstall.go|169|return without blank line|return []string{"brew", "uninstall", pkgName}
.\gitmap\cmd\uninstall.go|172|return without blank line|return []string{"sudo", "snap", "remove", pkgName}
.\gitmap\cmd\uninstall.go|24|monolithic function|length 74
.\gitmap\cmd\uninstall.go|120|monolithic function|length 19
.\gitmap\cmd\uninstall.go|156|monolithic function|length 20
.\gitmap\cmd\unzipcompact.go|76|return without blank line|return "", "", perr
.\gitmap\cmd\unzipcompact.go|82|return without blank line|return positional[0], cwd, nil
.\gitmap\cmd\unzipcompact.go|84|return without blank line|return positional[0], positional[1], nil
.\gitmap\cmd\unzipcompact.go|24|monolithic function|length 25
.\gitmap\cmd\unzipcompact.go|70|monolithic function|length 16
.\gitmap\cmd\unzipcompact.go|103|monolithic function|length 28
.\gitmap\cmd\unzipcompact.go|149|monolithic function|length 16
.\gitmap\cmd\update.go|88|return without blank line|return false
.\gitmap\cmd\update.go|103|return without blank line|return false
.\gitmap\cmd\update.go|223|return without blank line|return args[i+1]
.\gitmap\cmd\update.go|248|return without blank line|return true
.\gitmap\cmd\update.go|259|return without blank line|return err
.\gitmap\cmd\update.go|265|return without blank line|return err
.\gitmap\cmd\update.go|280|return without blank line|return "unknown"
.\gitmap\cmd\update.go|288|return without blank line|return "unknown"
.\gitmap\cmd\update.go|290|return without blank line|return parsed.Version
.\gitmap\cmd\update.go|27|monolithic function|length 21
.\gitmap\cmd\update.go|52|monolithic function|length 30
.\gitmap\cmd\update.go|85|monolithic function|length 22
.\gitmap\cmd\update.go|110|monolithic function|length 24
.\gitmap\cmd\update.go|148|monolithic function|length 28
.\gitmap\cmd\update.go|200|monolithic function|length 16
.\gitmap\cmd\update.go|256|monolithic function|length 16
.\gitmap\cmd\update.go|275|monolithic function|length 16
.\gitmap\cmd\updatecleanup.go|15|monolithic function|length 26
.\gitmap\cmd\updatecleanup.go|45|monolithic function|length 18
.\gitmap\cmd\updatecleanup_extra.go|34|return without blank line|return 0
.\gitmap\cmd\updatecleanup_extra.go|39|return without blank line|return 0
.\gitmap\cmd\updatecleanup_extra.go|44|return without blank line|return 0
.\gitmap\cmd\updatecleanup_extra.go|53|return without blank line|return ""
.\gitmap\cmd\updatecleanup_extra.go|58|return without blank line|return ""
.\gitmap\cmd\updatecleanup_extra.go|69|return without blank line|return false
.\gitmap\cmd\updatecleanup_extra.go|75|return without blank line|return false
.\gitmap\cmd\updatecleanup_extra.go|80|return without blank line|return false
.\gitmap\cmd\updatecleanup_extra.go|32|monolithic function|length 16
.\gitmap\cmd\updatecleanup_extra.go|67|monolithic function|length 32
.\gitmap\cmd\updatecleanup_extra.go|109|monolithic function|length 21
.\gitmap\cmd\updatecleanup_extra.go|145|monolithic function|length 16
.\gitmap\cmd\updatecleanup_extra.go|164|monolithic function|length 43
.\gitmap\cmd\updatecleanup_handoff_test.go|11|monolithic function|length 17
.\gitmap\cmd\updatecleanup_handoff_test.go|44|monolithic function|length 21
.\gitmap\cmd\updatecleanup_paths.go|53|return without blank line|return config
.\gitmap\cmd\updatecleanup_paths.go|102|return without blank line|return ""
.\gitmap\cmd\updatecleanup_paths.go|114|return without blank line|return ""
.\gitmap\cmd\updatecleanup_paths.go|118|return without blank line|return selfDir
.\gitmap\cmd\updatecleanup_paths.go|123|return without blank line|return ""
.\gitmap\cmd\updatecleanup_paths.go|132|return without blank line|return ""
.\gitmap\cmd\updatecleanup_paths.go|141|return without blank line|return ""
.\gitmap\cmd\updatecleanup_paths.go|153|return without blank line|return filepath.Clean(buildOutput)
.\gitmap\cmd\updatecleanup_paths.go|175|return without blank line|return dirs
.\gitmap\cmd\updatecleanup_paths.go|180|return without blank line|return dirs
.\gitmap\cmd\updatecleanup_paths.go|191|return without blank line|return true
.\gitmap\cmd\updatecleanup_paths.go|201|return without blank line|return value
.\gitmap\cmd\updatecleanup_paths.go|211|return without blank line|return cleanPath
.\gitmap\cmd\updatecleanup_paths.go|225|return without blank line|return true
.\gitmap\cmd\updatecleanup_paths.go|228|return without blank line|return false
.\gitmap\cmd\updatecleanup_paths.go|231|return without blank line|return first == '/' || first == '\\'
.\gitmap\cmd\updatecleanup_paths.go|111|monolithic function|length 16
.\gitmap\cmd\updatecleanup_paths.go|139|monolithic function|length 18
.\gitmap\cmd\updatecleanup_paths_test.go|9|monolithic function|length 22
.\gitmap\cmd\updatecleanup_remove.go|21|return without blank line|return removeCleanupPatterns(ctx.tempPatterns, ctx.selfPath, constants.MsgUpdateTempRemoved)
.\gitmap\cmd\updatecleanup_remove.go|26|return without blank line|return removeCleanupPatterns(ctx.backupPatterns, ctx.selfPath, constants.MsgUpdateOldRemoved)
.\gitmap\cmd\updatecleanup_remove.go|72|return without blank line|return false
.\gitmap\cmd\updatecleanup_remove.go|75|return without blank line|return false
.\gitmap\cmd\updatecleanup_remove.go|84|return without blank line|return true
.\gitmap\cmd\updatecleanup_remove.go|94|return without blank line|return len(selfPath) > 0 && normalizedPath == normalizeCleanupPath(selfPath)
.\gitmap\cmd\updatecleanup_remove.go|41|monolithic function|length 24
.\gitmap\cmd\updatecleanup_remove.go|101|monolithic function|length 40
.\gitmap\cmd\updatedebugwindows.go|37|return without blank line|return true
.\gitmap\cmd\updatedebugwindows.go|50|return without blank line|return true
.\gitmap\cmd\updatedebugwindows_json.go|94|return without blank line|return true
.\gitmap\cmd\updatedebugwindows_json.go|99|return without blank line|return true
.\gitmap\cmd\updatedebugwindows_json.go|146|return without blank line|return arg[len(constants.FlagDebugWindowsJSON)+1:]
.\gitmap\cmd\updatedebugwindows_json.go|150|return without blank line|return envPath
.\gitmap\cmd\updatedebugwindows_json.go|162|return without blank line|return debugWinJSONPath
.\gitmap\cmd\updatedebugwindows_json.go|50|monolithic function|length 17
.\gitmap\cmd\updatedebugwindows_json.go|118|monolithic function|length 21
.\gitmap\cmd\updatedebugwindows_plan.go|190|return without blank line|return "", ""
.\gitmap\cmd\updatedebugwindows_plan.go|82|monolithic function|length 21
.\gitmap\cmd\updatedebugwindows_plan.go|108|monolithic function|length 19
.\gitmap\cmd\updatedebugwindows_plan.go|148|monolithic function|length 18
.\gitmap\cmd\updatedebugwindows_source_test.go|123|return without blank line|return true
.\gitmap\cmd\updatedebugwindows_source_test.go|138|return without blank line|return false
.\gitmap\cmd\updatedebugwindows_source_test.go|143|return without blank line|return true
.\gitmap\cmd\updatedebugwindows_source_test.go|148|return without blank line|return true
.\gitmap\cmd\updatedebugwindows_source_test.go|153|return without blank line|return true
.\gitmap\cmd\updatedebugwindows_source_test.go|184|return without blank line|return true
.\gitmap\cmd\updatedebugwindows_source_test.go|134|monolithic function|length 32
.\gitmap\cmd\updatedebugwindows_source_test.go|172|monolithic function|length 17
.\gitmap\cmd\updatehandofflog.go|113|return without blank line|return v
.\gitmap\cmd\updatehandoff_phase3.go|89|return without blank line|return deployed, constants.UpdateCleanupSourceConfig
.\gitmap\cmd\updatehandoff_phase3.go|102|return without blank line|return candidate, constants.UpdateCleanupSourceSibling
.\gitmap\cmd\updatehandoff_phase3.go|107|return without blank line|return "", constants.UpdateCleanupSourceUnknown
.\gitmap\cmd\updatehandoff_phase3.go|111|return without blank line|return resolved, constants.UpdateCleanupSourcePath
.\gitmap\cmd\updatehandoff_phase3.go|120|return without blank line|return constants.GitMapBin + ".exe"
.\gitmap\cmd\updatehandoff_phase3.go|39|monolithic function|length 35
.\gitmap\cmd\updatehandoff_phase3.go|86|monolithic function|length 29
.\gitmap\cmd\updatehandoff_phase3.go|130|monolithic function|length 34
.\gitmap\cmd\updatehandoff_phase3.go|168|monolithic function|length 26
.\gitmap\cmd\updateprobe.go|33|return without blank line|return "", "", err
.\gitmap\cmd\updateprobe.go|38|return without blank line|return slug, constants.UpdateProbeSourceSibling, nil
.\gitmap\cmd\updateprobe.go|44|return without blank line|return currentSlug, constants.UpdateProbeSourceRelease, nil
.\gitmap\cmd\updateprobe.go|49|return without blank line|return currentSlug, constants.UpdateProbeSourceMain, nil
.\gitmap\cmd\updateprobe.go|53|return without blank line|return "", "", fmt.Errorf("no resolution")
.\gitmap\cmd\updateprobe.go|60|return without blank line|return "", 0, fmt.Errorf(constants.ErrUpdateProbeParseSlug, slug, fmt.Errorf("no match"))
.\gitmap\cmd\updateprobe.go|64|return without blank line|return "", 0, fmt.Errorf(constants.ErrUpdateProbeParseSlug, slug, err)
.\gitmap\cmd\updateprobe.go|66|return without blank line|return m[1], n, nil
.\gitmap\cmd\updateprobe.go|97|return without blank line|return probeResult{Offset: offset, Slug: slug, Status: status, IsHit: hit}
.\gitmap\cmd\updateprobe.go|104|return without blank line|return results[i].Slug, true
.\gitmap\cmd\updateprobe.go|107|return without blank line|return "", false
.\gitmap\cmd\updateprobe.go|117|return without blank line|return 0
.\gitmap\cmd\updateprobe.go|121|return without blank line|return 0
.\gitmap\cmd\updateprobe.go|124|return without blank line|return resp.StatusCode
.\gitmap\cmd\updateprobe.go|131|return without blank line|return status >= 200 && status < 300
.\gitmap\cmd\updateprobe.go|138|return without blank line|return status >= 200 && status < 300
.\gitmap\cmd\updateprobe.go|143|return without blank line|return &http.Client{Timeout: time.Duration(constants.UpdateProbeTimeoutSec) * time.Second}
.\gitmap\cmd\updateprobe.go|30|monolithic function|length 24
.\gitmap\cmd\updateprobe_test.go|50|return without blank line|return http.DefaultTransport.RoundTrip(req)
.\gitmap\cmd\updateprobe_test.go|55|return without blank line|return &http.Client{Transport: &rewriteTransport{target: u}}
.\gitmap\cmd\updateprobe_test.go|61|return without blank line|return httptest.NewServer(http.HandlerFunc(func(w http.ResponseWriter, req *http.Request) {
.\gitmap\cmd\updateprobe_test.go|12|monolithic function|length 29
.\gitmap\cmd\updateprobe_test.go|97|monolithic function|length 21
.\gitmap\cmd\updateremoteinstall.go|33|return without blank line|return false
.\gitmap\cmd\updateremoteinstall.go|37|return without blank line|return true
.\gitmap\cmd\updateremoteinstall.go|49|return without blank line|return false
.\gitmap\cmd\updateremoteinstall.go|62|return without blank line|return false
.\gitmap\cmd\updateremoteinstall.go|66|return without blank line|return true
.\gitmap\cmd\updateremoteinstall.go|75|return without blank line|return "unknown"
.\gitmap\cmd\updateremoteinstall.go|80|return without blank line|return "unknown"
.\gitmap\cmd\updateremoteinstall.go|87|return without blank line|return "unknown"
.\gitmap\cmd\updateremoteinstall.go|90|return without blank line|return "unknown"
.\gitmap\cmd\updateremoteinstall.go|92|return without blank line|return data.Version
.\gitmap\cmd\updateremoteinstall.go|100|return without blank line|return constants.UpdateCurrentRepoSlug, constants.UpdateProbeSourceMain, nil
.\gitmap\cmd\updateremoteinstall.go|102|return without blank line|return resolveLatestRepoSlug(newProbeClient())
.\gitmap\cmd\updateremoteinstall.go|111|return without blank line|return fmt.Sprintf(constants.UpdateRawInstallerTmpl,
.\gitmap\cmd\updateremoteinstall.go|120|return without blank line|return "", err
.\gitmap\cmd\updateremoteinstall.go|125|return without blank line|return "", fmt.Errorf("HTTP %d from %s", resp.StatusCode, url)
.\gitmap\cmd\updateremoteinstall.go|134|return without blank line|return "", err
.\gitmap\cmd\updateremoteinstall.go|142|return without blank line|return "", err
.\gitmap\cmd\updateremoteinstall.go|149|return without blank line|return tmp.Name(), nil
.\gitmap\cmd\updateremoteinstall.go|168|return without blank line|return cmd.Run()
.\gitmap\cmd\updateremoteinstall.go|177|return without blank line|return shell
.\gitmap\cmd\updateremoteinstall.go|30|monolithic function|length 37
.\gitmap\cmd\updateremoteinstall.go|70|monolithic function|length 23
.\gitmap\cmd\updateremoteinstall.go|117|monolithic function|length 33
.\gitmap\cmd\updateremoteinstall.go|153|monolithic function|length 16
.\gitmap\cmd\updateremoteinstall_test.go|12|monolithic function|length 20
.\gitmap\cmd\updaterepo.go|20|return without blank line|return normalizeRepoPath(getFlagValue(constants.FlagRepoPath))
.\gitmap\cmd\updaterepo.go|25|return without blank line|return normalizeRepoPath(constants.RepoPath)
.\gitmap\cmd\updaterepo.go|30|return without blank line|return normalizeRepoPath(loadRepoPathFromDB())
.\gitmap\cmd\updaterepo.go|36|return without blank line|return ""
.\gitmap\cmd\updaterepo.go|41|return without blank line|return ""
.\gitmap\cmd\updaterepo.go|59|return without blank line|return path
.\gitmap\cmd\updaterepo.go|64|return without blank line|return path
.\gitmap\cmd\updaterepo.go|68|return without blank line|return home
.\gitmap\cmd\updaterepo.go|72|return without blank line|return filepath.Join(home, path[2:])
.\gitmap\cmd\updaterepo.go|83|return without blank line|return current
.\gitmap\cmd\updaterepo.go|88|return without blank line|return ""
.\gitmap\cmd\updaterepo.go|100|return without blank line|return false
.\gitmap\cmd\updaterepo.go|104|return without blank line|return true
.\gitmap\cmd\updaterepo.go|114|return without blank line|return false
.\gitmap\cmd\updaterepo.go|125|return without blank line|return ""
.\gitmap\cmd\updaterepo.go|136|return without blank line|return ""
.\gitmap\cmd\updaterepo.go|141|return without blank line|return ""
.\gitmap\cmd\updaterepo.go|147|return without blank line|return root
.\gitmap\cmd\updaterepo.go|163|return without blank line|return root
.\gitmap\cmd\updaterepo.go|180|return without blank line|return false
.\gitmap\cmd\updaterepo.go|184|return without blank line|return true
.\gitmap\cmd\updaterepo.go|206|return without blank line|return ""
.\gitmap\cmd\updaterepo.go|34|monolithic function|length 20
.\gitmap\cmd\updaterepo.go|57|monolithic function|length 19
.\gitmap\cmd\updaterepo.go|122|monolithic function|length 46
.\gitmap\cmd\updatereport.go|30|return without blank line|return cfg
.\gitmap\cmd\updatereport.go|75|return without blank line|return err
.\gitmap\cmd\updatereport.go|80|return without blank line|return err
.\gitmap\cmd\updatereport.go|146|return without blank line|return 0
.\gitmap\cmd\updatereport.go|25|monolithic function|length 33
.\gitmap\cmd\updatereport.go|143|monolithic function|length 22
.\gitmap\cmd\updatescript.go|90|return without blank line|return filepath.Dir(resolved)
.\gitmap\cmd\updatescript.go|93|return without blank line|return filepath.Dir(path)
.\gitmap\cmd\updatescript.go|99|return without blank line|return ""
.\gitmap\cmd\updatescript.go|104|return without blank line|return filepath.Dir(selfPath)
.\gitmap\cmd\updatescript.go|123|return without blank line|return "", err
.\gitmap\cmd\updatescript.go|129|return without blank line|return "", err
.\gitmap\cmd\updatescript.go|132|return without blank line|return "", err
.\gitmap\cmd\updatescript.go|44|monolithic function|length 34
.\gitmap\cmd\updatescript.go|81|monolithic function|length 27
.\gitmap\cmd\updatescript.go|120|monolithic function|length 16
.\gitmap\cmd\updatescript.go|139|monolithic function|length 19
.\gitmap\cmd\updatescript_test.go|8|monolithic function|length 18
.\gitmap\cmd\versionhistory.go|52|return without blank line|return cwd
.\gitmap\cmd\versionhistory.go|16|monolithic function|length 20
.\gitmap\cmd\versionhistory.go|62|monolithic function|length 25
.\gitmap\cmd\versionhistoryjson_contract_test.go|28|monolithic function|length 23
.\gitmap\cmd\versionhistoryrender.go|36|return without blank line|return stablejson.WriteArray(w, buildVersionHistoryItems(records))
.\gitmap\cmd\versionhistoryrender.go|41|monolithic function|length 23
.\gitmap\cmd\versionhistory_jsonschema_contract_test.go|29|monolithic function|length 17
.\gitmap\cmd\versionhistory_jsonschema_contract_test.go|51|monolithic function|length 19
.\gitmap\cmd\visibility.go|52|monolithic function|length 30
.\gitmap\cmd\visibility.go|87|monolithic function|length 19
.\gitmap\cmd\visibilityallbulk.go|131|return without blank line|return final, nil
.\gitmap\cmd\visibilityallbulk.go|227|return without blank line|return patterns, nil
.\gitmap\cmd\visibilityallbulk.go|254|return without blank line|return matches
.\gitmap\cmd\visibilityallbulk.go|258|return without blank line|return nil
.\gitmap\cmd\visibilityallbulk.go|267|return without blank line|return constants.ExitVisOK
.\gitmap\cmd\visibilityallbulk.go|270|return without blank line|return constants.ExitVisAuthFailed
.\gitmap\cmd\visibilityallbulk.go|62|monolithic function|length 63
.\gitmap\cmd\visibilityallbulk.go|129|monolithic function|length 19
.\gitmap\cmd\visibilityallbulk.go|155|monolithic function|length 28
.\gitmap\cmd\visibilityallbulk.go|200|monolithic function|length 19
.\gitmap\cmd\visibilityallbulkaudit.go|112|return without blank line|return 0
.\gitmap\cmd\visibilityallbulkaudit.go|177|return without blank line|return constants.CommandKindMakeAllPrivate
.\gitmap\cmd\visibilityallbulkaudit.go|179|return without blank line|return constants.CommandKindVisibilityUndo
.\gitmap\cmd\visibilityallbulkaudit.go|181|return without blank line|return constants.CommandKindVisibilityRedo
.\gitmap\cmd\visibilityallbulkaudit.go|192|return without blank line|return constants.ResultStatusOk
.\gitmap\cmd\visibilityallbulkaudit.go|194|return without blank line|return constants.ResultStatusSkipped
.\gitmap\cmd\visibilityallbulkaudit.go|203|return without blank line|return time.Now().UTC().Format(time.RFC3339)
.\gitmap\cmd\visibilityallbulkaudit.go|86|monolithic function|length 20
.\gitmap\cmd\visibilityallbulkaudit.go|110|monolithic function|length 22
.\gitmap\cmd\visibilityallbulkaudit.go|137|monolithic function|length 18
.\gitmap\cmd\visibilityapply.go|56|return without blank line|return constants.VisibilityPublic
.\gitmap\cmd\visibilityapply.go|58|return without blank line|return constants.VisibilityPrivate
.\gitmap\cmd\visibilityapply.go|117|return without blank line|return "", err
.\gitmap\cmd\visibilityapplyone.go|34|return without blank line|return applyOneRepoTo(os.Stdout, owner, repoName, target, verbose)
.\gitmap\cmd\visibilityapplyone.go|83|return without blank line|return "", fmt.Errorf("Error: read visibility failed for %s: %v (operation: %s repo view, reason: %s)",
.\gitmap\cmd\visibilityapplyone.go|96|return without blank line|return nil
.\gitmap\cmd\visibilityapplyone.go|40|monolithic function|length 34
.\gitmap\cmd\visibilitybulk.go|32|return without blank line|return false
.\gitmap\cmd\visibilitybulk.go|49|return without blank line|return parseBulkSingleArg(positional[0])
.\gitmap\cmd\visibilitybulk.go|51|return without blank line|return parseBulkPairArg(positional[0], positional[1])
.\gitmap\cmd\visibilitybulk.go|60|return without blank line|return bulkVisibilityRequest{}, false
.\gitmap\cmd\visibilitybulk.go|105|return without blank line|return parsed.BaseName, parsed.CurrentVersion
.\gitmap\cmd\visibilitybulkhelpers.go|18|return without blank line|return slug
.\gitmap\cmd\visibilitybulkhelpers.go|27|return without blank line|return constants.HostGitLab
.\gitmap\cmd\visibilitybulkhelpers.go|41|return without blank line|return "", fmt.Errorf("read visibility for %s: %w", ctx.Slug, err)
.\gitmap\cmd\visibilitybulkprompt.go|46|return without blank line|return 1
.\gitmap\cmd\visibilitybulkprompt.go|87|return without blank line|return next, keepGoing
.\gitmap\cmd\visibilitybulkprompt.go|99|return without blank line|return current, true, true
.\gitmap\cmd\visibilitybulkprompt.go|102|return without blank line|return nil, false, true
.\gitmap\cmd\visibilitybulkprompt.go|112|return without blank line|return nil, false, true
.\gitmap\cmd\visibilitybulkprompt.go|74|monolithic function|length 17
.\gitmap\cmd\visibilitybulkprompt.go|96|monolithic function|length 22
.\gitmap\cmd\visibilitybulk_test.go|51|monolithic function|length 20
.\gitmap\cmd\visibilitydriftguard.go|29|return without blank line|return driftActionForce
.\gitmap\cmd\visibilitydriftguard.go|32|return without blank line|return driftActionSkip
.\gitmap\cmd\visibilitydriftguard_test.go|12|monolithic function|length 25
.\gitmap\cmd\visibilityexceptlatest.go|79|return without blank line|return "", 0, false
.\gitmap\cmd\visibilityexceptlatest.go|83|return without blank line|return "", 0, false
.\gitmap\cmd\visibilityexceptlatest.go|95|return without blank line|return constants.VisibilityPrivate
.\gitmap\cmd\visibilityexceptlatest.go|97|return without blank line|return constants.VisibilityPublic
.\gitmap\cmd\visibilityexceptlatest.go|33|monolithic function|length 39
.\gitmap\cmd\visibilityhistory.go|47|return without blank line|return db.SelectRecentMakeAllVisibilityRuns(limit)
.\gitmap\cmd\visibilityhistory.go|93|return without blank line|return s
.\gitmap\cmd\visibilityhistory.go|25|monolithic function|length 16
.\gitmap\cmd\visibilityhistoryfilters.go|46|return without blank line|return runs
.\gitmap\cmd\visibilityhistoryfilters.go|44|monolithic function|length 24
.\gitmap\cmd\visibilityhistoryfilters_test.go|12|return without blank line|return model.MakeAllVisibilityRunRecord{CommandKind: kind, StartedAt: started}
.\gitmap\cmd\visibilityhistoryfilters_test.go|29|monolithic function|length 24
.\gitmap\cmd\visibilitymakelast.go|84|return without blank line|return base, -1
.\gitmap\cmd\visibilitymakelast.go|87|return without blank line|return name, ver
.\gitmap\cmd\visibilitymakelast.go|96|return without blank line|return nameRefresh, verRefresh
.\gitmap\cmd\visibilitymakelast.go|106|return without blank line|return nameFallback, verFallback
.\gitmap\cmd\visibilitymakelast.go|115|return without blank line|return "", 0, false
.\gitmap\cmd\visibilitymakelast.go|132|return without blank line|return 1, 0, 0
.\gitmap\cmd\visibilitymakelast.go|134|return without blank line|return 0, 1, 0
.\gitmap\cmd\visibilitymakelast.go|36|monolithic function|length 31
.\gitmap\cmd\visibilitymakelast.go|82|monolithic function|length 28
.\gitmap\cmd\visibilityownerlist.go|34|return without blank line|return nil, fmt.Errorf("Error: provider repo list failed for %s/%s: %v (operation: %s %s, reason: %s, stderr: %s)",
.\gitmap\cmd\visibilityownerlist.go|40|return without blank line|return nil, fmt.Errorf("Error: cannot parse provider repo list for %s/%s: %v (operation: json decode, reason: %s)",
.\gitmap\cmd\visibilityownerlist.go|56|return without blank line|return []string{"repo", "list", "--group", owner, "-P", limit, "-F", "json"}
.\gitmap\cmd\visibilityownerlist.go|71|return without blank line|return nil, err
.\gitmap\cmd\visibilityownerlist.go|30|monolithic function|length 20
.\gitmap\cmd\visibilityownerlist.go|65|monolithic function|length 21
.\gitmap\cmd\visibilityownerlistcache.go|41|return without blank line|return nil, err
.\gitmap\cmd\visibilityownerlistcache.go|55|return without blank line|return time.Duration(flags.CacheTTLSecs) * time.Second
.\gitmap\cmd\visibilityownerlistcache.go|68|return without blank line|return time.Duration(n) * time.Second
.\gitmap\cmd\visibilityownerlistcache.go|79|return without blank line|return nil, 0, false
.\gitmap\cmd\visibilityownerlistcache.go|83|return without blank line|return nil, 0, false
.\gitmap\cmd\visibilityownerlistcache.go|87|return without blank line|return nil, 0, false
.\gitmap\cmd\visibilityownerlistcache.go|23|monolithic function|length 26
.\gitmap\cmd\visibilityownerlistcache.go|53|monolithic function|length 19
.\gitmap\cmd\visibilityownerlistcache.go|95|monolithic function|length 17
.\gitmap\cmd\visibilityparallel.go|29|return without blank line|return applyBulkLoopSeq(ctx, target, matches, flags.Verbose, audit)
.\gitmap\cmd\visibilityparallel.go|26|monolithic function|length 50
.\gitmap\cmd\visibilityparallel.go|80|monolithic function|length 19
.\gitmap\cmd\visibilityresolve.go|84|return without blank line|return true
.\gitmap\cmd\visibilityresolve.go|87|return without blank line|return true
.\gitmap\cmd\visibilityresolve.go|90|return without blank line|return true
.\gitmap\cmd\visibilityresolve.go|101|return without blank line|return constants.ProviderGitHub
.\gitmap\cmd\visibilityresolve.go|104|return without blank line|return constants.ProviderGitLab
.\gitmap\cmd\visibilityresolve.go|123|return without blank line|return trimmed[idx+colon+1:]
.\gitmap\cmd\visibilityresolve.go|128|return without blank line|return ""
.\gitmap\cmd\visibilityresolve.go|150|return without blank line|return constants.CLIGitLab
.\gitmap\cmd\visibilityresolve.go|32|monolithic function|length 19
.\gitmap\cmd\visibilityresolve.go|57|monolithic function|length 19
.\gitmap\cmd\visibilityresolve.go|113|monolithic function|length 19
.\gitmap\cmd\visibilityresolveowner.go|41|return without blank line|return ownerContext{}, fmt.Errorf("Error: empty target (operation: resolve-owner, reason: arg is blank)")
.\gitmap\cmd\visibilityresolveowner.go|45|return without blank line|return ownerFromURL(trimmed)
.\gitmap\cmd\visibilityresolveowner.go|49|return without blank line|return ownerFromBareHostOwner(trimmed)
.\gitmap\cmd\visibilityresolveowner.go|59|return without blank line|return true
.\gitmap\cmd\visibilityresolveowner.go|62|return without blank line|return true
.\gitmap\cmd\visibilityresolveowner.go|72|return without blank line|return false
.\gitmap\cmd\visibilityresolveowner.go|75|return without blank line|return false
.\gitmap\cmd\visibilityresolveowner.go|79|return without blank line|return false
.\gitmap\cmd\visibilityresolveowner.go|89|return without blank line|return ownerContext{}, fmt.Errorf("Error: unrecognized provider at %s (operation: classify-host, reason: not github.com or gitlab.com)", url)
.\gitmap\cmd\visibilityresolveowner.go|94|return without blank line|return ownerContext{}, fmt.Errorf("Error: missing owner in URL %s (operation: parse-url, reason: empty path segment)", url)
.\gitmap\cmd\visibilityresolveowner.go|137|return without blank line|return parts[i]
.\gitmap\cmd\visibilityresolveowner.go|150|return without blank line|return ownerContext{}, fmt.Errorf("Error: unrecognized host %s (operation: classify-host, reason: not github.com or gitlab.com)", host)
.\gitmap\cmd\visibilityresolveowner.go|161|return without blank line|return ownerContext{}, fmt.Errorf("Error: failed to resolve folder at %s: %v (operation: filepath.Abs, reason: %s)", path, err, err.Error())
.\gitmap\cmd\visibilityresolveowner.go|165|return without blank line|return ownerContext{}, fmt.Errorf("Error: folder not found at %s: %v (operation: stat, reason: %s)", abs, statErr, statErr.Error())
.\gitmap\cmd\visibilityresolveowner.go|170|return without blank line|return ownerContext{}, fmt.Errorf("Error: no origin remote at %s: %v (operation: gitutil.RemoteURL, reason: %s)", abs, err, errString(err))
.\gitmap\cmd\visibilityresolveowner.go|175|return without blank line|return ownerContext{}, err
.\gitmap\cmd\visibilityresolveowner.go|186|return without blank line|return constants.ProviderUnknownReason
.\gitmap\cmd\visibilityresolveowner.go|35|monolithic function|length 18
.\gitmap\cmd\visibilityresolveowner.go|105|monolithic function|length 37
.\gitmap\cmd\visibilityresolveowner.go|158|monolithic function|length 22
.\gitmap\cmd\visibilityundo.go|70|return without blank line|return mustLoadRunByID(db, runID)
.\gitmap\cmd\visibilityundo.go|92|monolithic function|length 20
.\gitmap\cmd\visibilityundo.go|128|monolithic function|length 17
.\gitmap\cmd\visibilityundo.go|190|monolithic function|length 19
.\gitmap\cmd\visibilityundo.go|214|monolithic function|length 20
.\gitmap\cmd\visibilityundoflags.go|19|monolithic function|length 19
.\gitmap\cmd\visibilityundoflags_test.go|58|monolithic function|length 17
.\gitmap\cmd\visibilityundojson.go|37|return without blank line|return json.Marshal(s)
.\gitmap\cmd\visibilityundojson_test.go|47|return without blank line|return true
.\gitmap\cmd\visibilityundojson_test.go|10|monolithic function|length 17
.\gitmap\cmd\visibility_local_remote_test.go|25|monolithic function|length 21
.\gitmap\cmd\visibility_local_remote_test.go|53|monolithic function|length 45
.\gitmap\cmd\vscodecustomtags.go|71|return without blank line|return took, values, nil, nil
.\gitmap\cmd\vscodecustomtags.go|73|return without blank line|return took, nil, values, nil
.\gitmap\cmd\vscodecustomtags.go|75|return without blank line|return took, nil, nil, values
.\gitmap\cmd\vscodecustomtags.go|91|return without blank line|return true, "", 1
.\gitmap\cmd\vscodecustomtags.go|94|return without blank line|return true, args[i+1], 2
.\gitmap\cmd\vscodecustomtags.go|97|return without blank line|return true, strings.TrimPrefix(tok, prefix+"="), 1
.\gitmap\cmd\vscodecustomtags.go|106|return without blank line|return []string{
.\gitmap\cmd\vscodecustomtags.go|116|return without blank line|return nil
.\gitmap\cmd\vscodecustomtags.go|136|return without blank line|return nil
.\gitmap\cmd\vscodecustomtags.go|31|monolithic function|length 24
.\gitmap\cmd\vscodecustomtags.go|61|monolithic function|length 20
.\gitmap\cmd\vscodecustomtags.go|85|monolithic function|length 17
.\gitmap\cmd\vscodecustomtags_test.go|14|monolithic function|length 49
.\gitmap\cmd\vscodepmscan.go|24|monolithic function|length 18
.\gitmap\cmd\vscodepmsync.go|69|return without blank line|return opts.ProjectsJSON, nil, false
.\gitmap\cmd\vscodepmsync.go|72|return without blank line|return opts.ProjectsJSON, entriesExplicit, true
.\gitmap\cmd\vscodepmsync.go|80|return without blank line|return path, nil, false
.\gitmap\cmd\vscodepmsync.go|90|return without blank line|return e
.\gitmap\cmd\vscodepmsync.go|135|return without blank line|return append([]string(nil), opts.TagOverride...)
.\gitmap\cmd\vscodepmsync.go|145|return without blank line|return false
.\gitmap\cmd\vscodepmsync.go|150|return without blank line|return false
.\gitmap\cmd\vscodepmsync.go|189|return without blank line|return vscodepm.SyncAtMode(opts.ProjectsJSON, pairs, opts.Mode)
.\gitmap\cmd\vscodepmsync.go|22|monolithic function|length 28
.\gitmap\cmd\vscodepmsync.go|60|monolithic function|length 24
.\gitmap\cmd\vscodepmsync.go|108|monolithic function|length 19
.\gitmap\cmd\vscodepmsync_dedupe_test.go|37|monolithic function|length 25
.\gitmap\cmd\vscodepmsync_dedupe_test.go|69|monolithic function|length 27
.\gitmap\cmd\vscodepmsync_dedupe_test.go|105|monolithic function|length 18
.\gitmap\cmd\vscodepmsync_dedupe_test.go|135|monolithic function|length 22
.\gitmap\cmd\vscodepmsync_flags.go|53|return without blank line|return &tagListValue{seen: map[string]bool{}}
.\gitmap\cmd\vscodepmsync_flags.go|60|return without blank line|return ""
.\gitmap\cmd\vscodepmsync_flags.go|109|return without blank line|return vscodePMSyncOpts{}, fmt.Errorf("vscode-pm-sync: %w", err)
.\gitmap\cmd\vscodepmsync_flags.go|114|return without blank line|return vscodePMSyncOpts{}, err
.\gitmap\cmd\vscodepmsync_flags.go|89|monolithic function|length 35
.\gitmap\cmd\vscodepmsync_flags_test.go|20|monolithic function|length 20
.\gitmap\cmd\vscodepmsync_flags_test.go|58|monolithic function|length 17
.\gitmap\cmd\vscodepmsync_flags_test.go|84|monolithic function|length 34
.\gitmap\cmd\vscodepmsync_mode_test.go|33|monolithic function|length 20
.\gitmap\cmd\vscodepmsync_mode_test.go|59|monolithic function|length 21
.\gitmap\cmd\vscodepmsync_mode_test.go|90|monolithic function|length 22
.\gitmap\cmd\vscodepmsync_mode_test.go|122|monolithic function|length 21
.\gitmap\cmd\vscodepmsync_pathtag_test.go|58|return without blank line|return got
.\gitmap\cmd\vscodepmsync_pathtag_test.go|25|monolithic function|length 22
.\gitmap\cmd\vscodepmsync_pathtag_test.go|65|monolithic function|length 19
.\gitmap\cmd\vscodepmsync_pathtag_test.go|91|monolithic function|length 27
.\gitmap\cmd\vscodepmsync_pathtag_test.go|125|monolithic function|length 20
.\gitmap\cmd\vscodepmsync_test.go|32|monolithic function|length 24
.\gitmap\cmd\vscodepmsync_test.go|82|monolithic function|length 24
.\gitmap\cmd\vscodepmsync_test.go|110|monolithic function|length 25
.\gitmap\cmd\vscodepmsync_testhelper_test.go|23|return without blank line|return filepath.FromSlash(constants.VSCodeUserDataMacRel)
.\gitmap\cmd\vscodepmsync_testhelper_test.go|25|return without blank line|return constants.VSCodeUserDataRootDirName
.\gitmap\cmd\vscodepmsync_testhelper_test.go|27|return without blank line|return filepath.Join(".config", constants.VSCodeUserDataRootDirName)
.\gitmap\cmd\vscodepmsync_testhelper_test.go|97|return without blank line|return true
.\gitmap\cmd\vscodepmsync_testhelper_test.go|108|monolithic function|length 22
.\gitmap\cmd\vscodepmsync_testhelper_test.go|149|monolithic function|length 20
.\gitmap\cmd\vscodesyncdisabled.go|61|return without blank line|return os.Getenv(constants.EnvVSCodeSyncDisabled) == constants.EnvVSCodeSyncDisabledOn
.\gitmap\cmd\vscodesyncdisabled.go|36|monolithic function|length 20
.\gitmap\cmd\vscodesyncdisabled_test.go|15|monolithic function|length 43
.\gitmap\cmd\vscodeworkspace.go|87|return without blank line|return nil, fmt.Errorf(constants.ErrVSCodeWorkspaceDBOpen, err)
.\gitmap\cmd\vscodeworkspace.go|92|return without blank line|return nil, fmt.Errorf(constants.ErrVSCodeWorkspaceDBOpen, err)
.\gitmap\cmd\vscodeworkspace.go|97|return without blank line|return nil, fmt.Errorf(constants.ErrVSCodeWorkspaceDBList, err)
.\gitmap\cmd\vscodeworkspace.go|130|return without blank line|return repoRoot, true
.\gitmap\cmd\vscodeworkspace.go|135|return without blank line|return "", false
.\gitmap\cmd\vscodeworkspace.go|137|return without blank line|return candidate, true
.\gitmap\cmd\vscodeworkspace.go|144|return without blank line|return true
.\gitmap\cmd\vscodeworkspace.go|148|return without blank line|return true
.\gitmap\cmd\vscodeworkspace.go|41|monolithic function|length 18
.\gitmap\cmd\vscodeworkspace.go|63|monolithic function|length 16
.\gitmap\cmd\vscodeworkspace.go|84|monolithic function|length 17
.\gitmap\cmd\vscodeworkspace.go|157|monolithic function|length 24
.\gitmap\cmd\watch.go|54|return without blank line|return loadRecordsByGroup(groupName)
.\gitmap\cmd\watch.go|59|return without blank line|return loadRecordsJSONFallback()
.\gitmap\cmd\watch.go|65|return without blank line|return loadRecordsJSONFallback()
.\gitmap\cmd\watch.go|15|monolithic function|length 17
.\gitmap\cmd\watch.go|52|monolithic function|length 17
.\gitmap\cmd\watchformat.go|78|return without blank line|return constants.ColorYellow + constants.StatusIconDirty + constants.ColorReset
.\gitmap\cmd\watchformat.go|87|return without blank line|return fmt.Sprintf("%s%d%s", color, count, constants.ColorReset)
.\gitmap\cmd\watchformat.go|55|monolithic function|length 18
.\gitmap\cmd\watchjson_contract_test.go|49|return without blank line|return watchSnapshot{
.\gitmap\cmd\watchops.go|72|return without blank line|return "dirty"
.\gitmap\cmd\watchops.go|46|monolithic function|length 21
.\gitmap\cmd\watchops.go|91|monolithic function|length 16
.\gitmap\cmd\watchrender.go|57|return without blank line|return err
.\gitmap\cmd\watchrender.go|62|return without blank line|return err
.\gitmap\cmd\watchrender.go|77|return without blank line|return nil, err
.\gitmap\cmd\watchrender.go|88|return without blank line|return nil, err
.\gitmap\cmd\watchrender.go|116|return without blank line|return []stablejson.Field{
.\gitmap\cmd\watchrender.go|54|monolithic function|length 16
.\gitmap\cmd\watch_jsonschema_contract_test.go|41|monolithic function|length 17
.\gitmap\cmd\whoami.go|95|return without blank line|return "none"
.\gitmap\cmd\whoami.go|98|return without blank line|return "SSH"
.\gitmap\cmd\whoami.go|101|return without blank line|return "HTTPS"
.\gitmap\cmd\whoami.go|134|return without blank line|return "(none cached / helper unavailable)"
.\gitmap\cmd\whoami.go|138|return without blank line|return strings.TrimPrefix(line, "username=")
.\gitmap\cmd\whoami.go|150|return without blank line|return "(cannot parse host)"
.\gitmap\cmd\whoami.go|158|return without blank line|return "(no response — ssh key rejected or ssh missing)"
.\gitmap\cmd\whoami.go|176|return without blank line|return restSSH[:slashSSH]
.\gitmap\cmd\whoami.go|179|return without blank line|return restSSH
.\gitmap\cmd\whoami.go|190|return without blank line|return restNonSSH[:colon]
.\gitmap\cmd\whoami.go|199|return without blank line|return s[:i]
.\gitmap\cmd\whoami.go|236|return without blank line|return ""
.\gitmap\cmd\whoami.go|39|monolithic function|length 29
.\gitmap\cmd\whoami.go|166|monolithic function|length 28
.\gitmap\cmd\whoami.go|208|monolithic function|length 20
.\gitmap\cmd\workflow_open_pr.go|20|return without blank line|return "", "", fmt.Errorf("no origin remote: %w", err)
.\gitmap\cmd\workflow_open_pr.go|28|return without blank line|return "", "", fmt.Errorf("unparseable remote url: %s", u)
.\gitmap\cmd\workflow_open_pr.go|30|return without blank line|return parts[0], parts[1], nil
.\gitmap\cmd\workflow_open_pr.go|33|monolithic function|length 50
.\gitmap\cmd\workflow_open_pr.go|85|monolithic function|length 29
.\gitmap\cmd\workflow_recent_todo.go|49|return without blank line|return filepath.Join(home, ".gitmap", "recent.log")
.\gitmap\cmd\workflow_recent_todo.go|61|return without blank line|return out
.\gitmap\cmd\workflow_recent_todo.go|15|monolithic function|length 30
.\gitmap\cmd\workflow_recent_todo.go|64|monolithic function|length 30
.\gitmap\cmd\zip.go|79|return without blank line|return archive.CreateOptions{}, nil, err
.\gitmap\cmd\zip.go|84|return without blank line|return archive.CreateOptions{}, nil, err
.\gitmap\cmd\zip.go|103|return without blank line|return "", fmt.Errorf(constants.ErrArchiveBadCompression, constants.CmdZip)
.\gitmap\cmd\zip.go|107|return without blank line|return archive.ModeBest, nil
.\gitmap\cmd\zip.go|109|return without blank line|return archive.ModeFast, nil
.\gitmap\cmd\zip.go|119|return without blank line|return nil
.\gitmap\cmd\zip.go|142|return without blank line|return out, err
.\gitmap\cmd\zip.go|24|monolithic function|length 28
.\gitmap\cmd\zip.go|65|monolithic function|length 26
.\gitmap\cmd\zip.go|95|monolithic function|length 18
.\gitmap\cmd\zip.go|172|monolithic function|length 25
.\gitmap\cmd\zipgroup.go|22|monolithic function|length 39
.\gitmap\cmd\zipgroupcreate.go|130|return without blank line|return "", "", "", false, err
.\gitmap\cmd\zipgroupcreate.go|42|monolithic function|length 34
.\gitmap\cmd\zipgroupcreate.go|79|monolithic function|length 21
.\gitmap\cmd\zipgroupcreate.go|103|monolithic function|length 21
.\gitmap\cmd\zipgroupcreate.go|127|monolithic function|length 24
.\gitmap\cmd\zipgroupops.go|13|monolithic function|length 27
.\gitmap\cmd\zipgroupops.go|43|monolithic function|length 23
.\gitmap\cmd\zipgroupops.go|96|monolithic function|length 16
.\gitmap\cmd\zipgroupshow.go|126|return without blank line|return nil
.\gitmap\cmd\zipgroupshow.go|130|return without blank line|return nil
.\gitmap\cmd\zipgroupshow.go|14|monolithic function|length 16
.\gitmap\cmd\zipgroupshow.go|33|monolithic function|length 17
.\gitmap\cmd\zipgroupshow.go|64|monolithic function|length 19
.\gitmap\cmd\zipgroupshow.go|86|monolithic function|length 32
.\gitmap\cmd\zipgroupshow.go|121|monolithic function|length 27
.\gitmap\cmd\commitin\enums.go|25|return without blank line|return constants.CommitInConflictModeForceMerge
.\gitmap\cmd\commitin\enums.go|27|return without blank line|return constants.CommitInConflictModePrompt
.\gitmap\cmd\commitin\enums.go|29|return without blank line|return ""
.\gitmap\cmd\commitin\enums.go|33|return without blank line|return []ConflictMode{ConflictModeForceMerge, ConflictModePrompt}
.\gitmap\cmd\commitin\enums.go|48|return without blank line|return constants.CommitInInputKindLocalFolder
.\gitmap\cmd\commitin\enums.go|50|return without blank line|return constants.CommitInInputKindGitUrl
.\gitmap\cmd\commitin\enums.go|52|return without blank line|return constants.CommitInInputKindVersionedSibling
.\gitmap\cmd\commitin\enums.go|54|return without blank line|return ""
.\gitmap\cmd\commitin\enums.go|58|return without blank line|return []InputKind{InputKindLocalFolder, InputKindGitUrl, InputKindVersionedSibling}
.\gitmap\cmd\commitin\enums.go|75|return without blank line|return constants.CommitInRunStatusPending
.\gitmap\cmd\commitin\enums.go|77|return without blank line|return constants.CommitInRunStatusRunning
.\gitmap\cmd\commitin\enums.go|79|return without blank line|return constants.CommitInRunStatusCompleted
.\gitmap\cmd\commitin\enums.go|81|return without blank line|return constants.CommitInRunStatusFailed
.\gitmap\cmd\commitin\enums.go|83|return without blank line|return constants.CommitInRunStatusPartiallyFailed
.\gitmap\cmd\commitin\enums.go|85|return without blank line|return ""
.\gitmap\cmd\commitin\enums.go|89|return without blank line|return []RunStatus{RunStatusPending, RunStatusRunning, RunStatusCompleted, RunStatusFailed, RunStatusPartiallyFailed}
.\gitmap\cmd\commitin\enums.go|104|return without blank line|return constants.CommitInOutcomeCreated
.\gitmap\cmd\commitin\enums.go|106|return without blank line|return constants.CommitInOutcomeSkipped
.\gitmap\cmd\commitin\enums.go|108|return without blank line|return constants.CommitInOutcomeFailed
.\gitmap\cmd\commitin\enums.go|110|return without blank line|return ""
.\gitmap\cmd\commitin\enums.go|114|return without blank line|return []CommitOutcome{CommitOutcomeCreated, CommitOutcomeSkipped, CommitOutcomeFailed}
.\gitmap\cmd\commitin\enums.go|130|return without blank line|return constants.CommitInSkipReasonDuplicateSourceSha
.\gitmap\cmd\commitin\enums.go|132|return without blank line|return constants.CommitInSkipReasonExcludedAllFiles
.\gitmap\cmd\commitin\enums.go|134|return without blank line|return constants.CommitInSkipReasonEmptyAfterMessageRules
.\gitmap\cmd\commitin\enums.go|136|return without blank line|return constants.CommitInSkipReasonDryRun
.\gitmap\cmd\commitin\enums.go|138|return without blank line|return ""
.\gitmap\cmd\commitin\enums.go|142|return without blank line|return []SkipReason{SkipReasonDuplicateSourceSha, SkipReasonExcludedAllFiles, SkipReasonEmptyAfterMessageRules, SkipReasonDryRun}
.\gitmap\cmd\commitin\enums.go|156|return without blank line|return constants.CommitInExclusionKindPathFolder
.\gitmap\cmd\commitin\enums.go|158|return without blank line|return constants.CommitInExclusionKindPathFile
.\gitmap\cmd\commitin\enums.go|160|return without blank line|return ""
.\gitmap\cmd\commitin\enums.go|164|return without blank line|return []ExclusionKind{ExclusionKindPathFolder, ExclusionKindPathFile}
.\gitmap\cmd\commitin\enums.go|179|return without blank line|return constants.CommitInMessageRuleKindStartsWith
.\gitmap\cmd\commitin\enums.go|181|return without blank line|return constants.CommitInMessageRuleKindEndsWith
.\gitmap\cmd\commitin\enums.go|183|return without blank line|return constants.CommitInMessageRuleKindContains
.\gitmap\cmd\commitin\enums.go|185|return without blank line|return ""
.\gitmap\cmd\commitin\enums.go|189|return without blank line|return []MessageRuleKind{MessageRuleKindStartsWith, MessageRuleKindEndsWith, MessageRuleKindContains}
.\gitmap\cmd\commitin\enums.go|209|return without blank line|return constants.CommitInLanguageGo
.\gitmap\cmd\commitin\enums.go|211|return without blank line|return constants.CommitInLanguageJavaScript
.\gitmap\cmd\commitin\enums.go|213|return without blank line|return constants.CommitInLanguageTypeScript
.\gitmap\cmd\commitin\enums.go|215|return without blank line|return constants.CommitInLanguageRust
.\gitmap\cmd\commitin\enums.go|217|return without blank line|return constants.CommitInLanguagePython
.\gitmap\cmd\commitin\enums.go|219|return without blank line|return constants.CommitInLanguagePhp
.\gitmap\cmd\commitin\enums.go|221|return without blank line|return constants.CommitInLanguageJava
.\gitmap\cmd\commitin\enums.go|223|return without blank line|return constants.CommitInLanguageCSharp
.\gitmap\cmd\commitin\enums.go|225|return without blank line|return ""
.\gitmap\cmd\commitin\enums.go|229|return without blank line|return []FunctionIntelLanguage{LanguageGo, LanguageJavaScript, LanguageTypeScript, LanguageRust, LanguagePython, LanguagePhp, LanguageJava, LanguageCSharp}
.\gitmap\cmd\commitin\enums.go|206|monolithic function|length 20
.\gitmap\cmd\commitin\enums_test.go|194|return without blank line|return out
.\gitmap\cmd\commitin\enums_test.go|199|return without blank line|return false
.\gitmap\cmd\commitin\enums_test.go|203|return without blank line|return false
.\gitmap\cmd\commitin\enums_test.go|206|return without blank line|return true
.\gitmap\cmd\commitin\enums_test.go|20|monolithic function|length 95
.\gitmap\cmd\commitin\enums_test.go|119|monolithic function|length 21
.\gitmap\cmd\commitin\enums_test.go|144|monolithic function|length 39
.\gitmap\cmd\commitin\parse.go|19|return without blank line|return nil, newBadArgs("%v", err)
.\gitmap\cmd\commitin\parse.go|22|return without blank line|return nil, perr
.\gitmap\cmd\commitin\parse.go|25|return without blank line|return nil, perr
.\gitmap\cmd\commitin\parse.go|28|return without blank line|return nil, perr
.\gitmap\cmd\commitin\parse.go|30|return without blank line|return raw, nil
.\gitmap\cmd\commitin\parse.go|45|return without blank line|return perr
.\gitmap\cmd\commitin\parse.go|48|return without blank line|return nil
.\gitmap\cmd\commitin\parse.go|56|return without blank line|return newBadArgs("%s", "missing <source>")
.\gitmap\cmd\commitin\parse.go|61|return without blank line|return applyKeywordArg(raw, rest)
.\gitmap\cmd\commitin\parse.go|64|return without blank line|return nil
.\gitmap\cmd\commitin\parse.go|72|return without blank line|return perr
.\gitmap\cmd\commitin\parse.go|76|return without blank line|return nil
.\gitmap\cmd\commitin\parse.go|80|return without blank line|return nil
.\gitmap\cmd\commitin\parse.go|88|return without blank line|return perr
.\gitmap\cmd\commitin\parse.go|91|return without blank line|return perr
.\gitmap\cmd\commitin\parse.go|94|return without blank line|return perr
.\gitmap\cmd\commitin\parse.go|97|return without blank line|return perr
.\gitmap\cmd\commitin\parse.go|100|return without blank line|return perr
.\gitmap\cmd\commitin\parse.go|102|return without blank line|return validateLanguages(raw.Languages)
.\gitmap\cmd\commitin\parse.go|117|return without blank line|return out
.\gitmap\cmd\commitin\parse.go|139|return without blank line|return flags, positional
.\gitmap\cmd\commitin\parse.go|148|return without blank line|return false
.\gitmap\cmd\commitin\parse.go|152|return without blank line|return false
.\gitmap\cmd\commitin\parse.go|155|return without blank line|return true
.\gitmap\cmd\commitin\parse.go|163|return without blank line|return false
.\gitmap\cmd\commitin\parse.go|166|return without blank line|return !bools[name]
.\gitmap\cmd\commitin\parse.go|86|monolithic function|length 17
.\gitmap\cmd\commitin\parse.go|123|monolithic function|length 17
.\gitmap\cmd\commitin\parse_flags.go|35|return without blank line|return fs, raw, csv
.\gitmap\cmd\commitin\parse_flags.go|74|return without blank line|return map[string]bool{
.\gitmap\cmd\commitin\parse_helpers.go|14|return without blank line|return fmt.Sprintf(format, args...)
.\gitmap\cmd\commitin\parse_helpers.go|41|return without blank line|return out
.\gitmap\cmd\commitin\parse_helpers.go|48|return without blank line|return s[1 : len(s)-1]
.\gitmap\cmd\commitin\parse_helpers.go|50|return without blank line|return s
.\gitmap\cmd\commitin\parse_helpers.go|58|return without blank line|return token, 0, true, nil
.\gitmap\cmd\commitin\parse_helpers.go|61|return without blank line|return "", 0, false, nil
.\gitmap\cmd\commitin\parse_helpers.go|65|return without blank line|return "", 0, true, &ParseError{
.\gitmap\cmd\commitin\parse_helpers.go|72|return without blank line|return "", 0, true, &ParseError{
.\gitmap\cmd\commitin\parse_helpers.go|77|return without blank line|return token, n, true, nil
.\gitmap\cmd\commitin\parse_helpers.go|84|return without blank line|return nil
.\gitmap\cmd\commitin\parse_helpers.go|94|return without blank line|return out
.\gitmap\cmd\commitin\parse_helpers.go|56|monolithic function|length 22
.\gitmap\cmd\commitin\parse_test.go|13|monolithic function|length 19
.\gitmap\cmd\commitin\parse_test.go|37|monolithic function|length 33
.\gitmap\cmd\commitin\parse_test.go|87|monolithic function|length 17
.\gitmap\cmd\commitin\parse_test.go|107|monolithic function|length 21
.\gitmap\cmd\commitin\parse_test.go|131|monolithic function|length 29
.\gitmap\cmd\commitin\parse_types.go|68|return without blank line|return &ParseError{
.\gitmap\cmd\commitin\parse_validate.go|18|return without blank line|return nil
.\gitmap\cmd\commitin\parse_validate.go|20|return without blank line|return newBadArgs(constants.CommitInErrConflictMode, value)
.\gitmap\cmd\commitin\parse_validate.go|27|return without blank line|return nil
.\gitmap\cmd\commitin\parse_validate.go|29|return without blank line|return newBadArgs(constants.CommitInErrFunctionIntelArg, value)
.\gitmap\cmd\commitin\parse_validate.go|36|return without blank line|return nil
.\gitmap\cmd\commitin\parse_validate.go|41|return without blank line|return newBadArgs(constants.CommitInErrUnknownLanguage, v)
.\gitmap\cmd\commitin\parse_validate.go|44|return without blank line|return nil
.\gitmap\cmd\commitin\parse_validate.go|54|return without blank line|return out
.\gitmap\cmd\commitin\parse_validate.go|62|return without blank line|return nil
.\gitmap\cmd\commitin\parse_validate.go|64|return without blank line|return newBadArgs("%s", constants.CommitInErrAuthorPair)
.\gitmap\cmd\commitin\parse_validate.go|71|return without blank line|return nil, nil
.\gitmap\cmd\commitin\parse_validate.go|78|return without blank line|return nil, newBadArgs(constants.CommitInErrMessageRuleShape, raw)
.\gitmap\cmd\commitin\parse_validate.go|82|return without blank line|return out, nil
.\gitmap\cmd\commitin\parse_validate.go|90|return without blank line|return out
.\gitmap\cmd\commitin\parse_validate.go|97|return without blank line|return newBadArgs("%s", "missing <source>")
.\gitmap\cmd\commitin\parse_validate.go|100|return without blank line|return newBadArgs("%s", "missing <inputs...>")
.\gitmap\cmd\commitin\parse_validate.go|102|return without blank line|return nil
.\gitmap\cmd\commitin\parse_validate.go|108|return without blank line|return nil
.\gitmap\cmd\commitin\parse_validate.go|110|return without blank line|return &ParseError{
.\gitmap\cmd\commitin\checkpoint\checkpoint.go|55|return without blank line|return nil, err
.\gitmap\cmd\commitin\checkpoint\checkpoint.go|63|return without blank line|return f, nil
.\gitmap\cmd\commitin\checkpoint\checkpoint.go|66|return without blank line|return nil, err
.\gitmap\cmd\commitin\checkpoint\checkpoint.go|71|return without blank line|return f, nil
.\gitmap\cmd\commitin\checkpoint\checkpoint.go|77|return without blank line|return f, nil
.\gitmap\cmd\commitin\checkpoint\checkpoint.go|85|return without blank line|return ok
.\gitmap\cmd\commitin\checkpoint\checkpoint.go|94|return without blank line|return nil
.\gitmap\cmd\commitin\checkpoint\checkpoint.go|99|return without blank line|return f.flushLocked()
.\gitmap\cmd\commitin\checkpoint\checkpoint.go|105|return without blank line|return err
.\gitmap\cmd\commitin\checkpoint\checkpoint.go|109|return without blank line|return writeErr
.\gitmap\cmd\commitin\checkpoint\checkpoint.go|111|return without blank line|return os.Rename(tmp, f.path)
.\gitmap\cmd\commitin\checkpoint\checkpoint.go|53|monolithic function|length 25
.\gitmap\cmd\commitin\checkpoint\checkpoint_test.go|57|return without blank line|return osWriteFile(p, b)
.\gitmap\cmd\commitin\checkpoint\checkpoint_test.go|8|monolithic function|length 22
.\gitmap\cmd\commitin\checkpoint\checkpoint_test.go|32|monolithic function|length 26
.\gitmap\cmd\commitin\checkpoint\oswrap.go|9|return without blank line|return os.WriteFile(p, b, 0o644)
.\gitmap\cmd\commitin\dedupe\dedupe.go|24|return without blank line|return Verdict{}, fmt.Errorf("dedupe: nil db")
.\gitmap\cmd\commitin\dedupe\dedupe.go|27|return without blank line|return Verdict{}, fmt.Errorf("dedupe: empty source sha")
.\gitmap\cmd\commitin\dedupe\dedupe.go|33|return without blank line|return Verdict{}, nil
.\gitmap\cmd\commitin\dedupe\dedupe.go|36|return without blank line|return Verdict{}, fmt.Errorf("dedupe: select %s: %w", constants.TableCommitInShaMap, err)
.\gitmap\cmd\commitin\dedupe\dedupe.go|38|return without blank line|return Verdict{IsHit: true, PreviousRewrittenId: rewrittenId}, nil
.\gitmap\cmd\commitin\dedupe\dedupe.go|22|monolithic function|length 17
.\gitmap\cmd\commitin\dedupe\dedupe_test.go|36|return without blank line|return db
.\gitmap\cmd\commitin\dedupe\dedupe_test.go|97|return without blank line|return id
.\gitmap\cmd\commitin\dedupe\dedupe_test.go|14|monolithic function|length 23
.\gitmap\cmd\commitin\dedupe\dedupe_test.go|81|monolithic function|length 17
.\gitmap\cmd\commitin\e2e\assert.go|30|return without blank line|return nil
.\gitmap\cmd\commitin\e2e\assert.go|35|return without blank line|return parseLogLines(string(out))
.\gitmap\cmd\commitin\e2e\assert.go|65|return without blank line|return nil
.\gitmap\cmd\commitin\e2e\assert.go|78|return without blank line|return out
.\gitmap\cmd\commitin\e2e\assert.go|62|monolithic function|length 17
.\gitmap\cmd\commitin\e2e\edge_cases_test.go|19|monolithic function|length 21
.\gitmap\cmd\commitin\e2e\edge_cases_test.go|47|monolithic function|length 28
.\gitmap\cmd\commitin\e2e\edge_cases_test.go|84|monolithic function|length 24
.\gitmap\cmd\commitin\e2e\happy_path_test.go|81|return without blank line|return src, input
.\gitmap\cmd\commitin\e2e\happy_path_test.go|14|monolithic function|length 27
.\gitmap\cmd\commitin\e2e\happy_path_test.go|47|monolithic function|length 22
.\gitmap\cmd\commitin\e2e\harness_smoke_test.go|14|monolithic function|length 25
.\gitmap\cmd\commitin\e2e\profile_test.go|19|monolithic function|length 20
.\gitmap\cmd\commitin\e2e\profile_test.go|44|monolithic function|length 24
.\gitmap\cmd\commitin\e2e\repo.go|33|return without blank line|return NewRepoIn(t, t.TempDir(), name)
.\gitmap\cmd\commitin\e2e\repo.go|53|return without blank line|return r
.\gitmap\cmd\commitin\e2e\repo.go|94|return without blank line|return sha
.\gitmap\cmd\commitin\e2e\repo.go|107|return without blank line|return strings.TrimSpace(string(out))
.\gitmap\cmd\commitin\e2e\repo.go|117|return without blank line|return "", false
.\gitmap\cmd\commitin\e2e\repo.go|120|return without blank line|return sha, sha != ""
.\gitmap\cmd\commitin\e2e\repo.go|61|monolithic function|length 34
.\gitmap\cmd\commitin\e2e\run.go|30|return without blank line|return RunResult{ExitCode: code, Stdout: outBuf.String(), Stderr: errBuf.String()}
.\gitmap\cmd\commitin\e2e\run.go|37|return without blank line|return &commitin.RawArgs{
.\gitmap\cmd\commitin\e2e\sibling_test.go|120|return without blank line|return parent, src
.\gitmap\cmd\commitin\e2e\sibling_test.go|22|monolithic function|length 22
.\gitmap\cmd\commitin\e2e\sibling_test.go|51|monolithic function|length 23
.\gitmap\cmd\commitin\e2e\sibling_test.go|80|monolithic function|length 20
.\gitmap\cmd\commitin\finalize\conflict.go|24|return without blank line|return ConflictDecisionTakeTheirs
.\gitmap\cmd\commitin\finalize\finalize.go|27|return without blank line|return constants.CommitInExitOk
.\gitmap\cmd\commitin\finalize\finalize.go|29|return without blank line|return constants.CommitInExitPartiallyFailed
.\gitmap\cmd\commitin\funcintel\diff.go|16|return without blank line|return out
.\gitmap\cmd\commitin\funcintel\diff.go|26|return without blank line|return set
.\gitmap\cmd\commitin\funcintel\lang_go.go|14|return without blank line|return addedNames(
.\gitmap\cmd\commitin\funcintel\lang_go.go|23|return without blank line|return "", false
.\gitmap\cmd\commitin\funcintel\lang_go.go|25|return without blank line|return m[1], true
.\gitmap\cmd\commitin\funcintel\lang_java.go|14|return without blank line|return addedNames(extractByRegex(prev, matchJava), extractByRegex(next, matchJava))
.\gitmap\cmd\commitin\funcintel\lang_java.go|20|return without blank line|return "", false
.\gitmap\cmd\commitin\funcintel\lang_java.go|22|return without blank line|return m[1], true
.\gitmap\cmd\commitin\funcintel\lang_javascript.go|14|return without blank line|return addedNames(
.\gitmap\cmd\commitin\funcintel\lang_javascript.go|23|return without blank line|return "", false
.\gitmap\cmd\commitin\funcintel\lang_javascript.go|25|return without blank line|return m[1], true
.\gitmap\cmd\commitin\funcintel\lang_php.go|14|return without blank line|return addedNames(extractByRegex(prev, matchPhp), extractByRegex(next, matchPhp))
.\gitmap\cmd\commitin\funcintel\lang_php.go|20|return without blank line|return "", false
.\gitmap\cmd\commitin\funcintel\lang_php.go|22|return without blank line|return m[1], true
.\gitmap\cmd\commitin\funcintel\lang_python.go|14|return without blank line|return addedNames(extractByRegex(prev, matchPy), extractByRegex(next, matchPy))
.\gitmap\cmd\commitin\funcintel\lang_python.go|20|return without blank line|return "", false
.\gitmap\cmd\commitin\funcintel\lang_python.go|22|return without blank line|return m[1], true
.\gitmap\cmd\commitin\funcintel\lang_rust.go|14|return without blank line|return addedNames(extractByRegex(prev, matchRust), extractByRegex(next, matchRust))
.\gitmap\cmd\commitin\funcintel\lang_rust.go|20|return without blank line|return "", false
.\gitmap\cmd\commitin\funcintel\lang_rust.go|22|return without blank line|return m[1], true
.\gitmap\cmd\commitin\funcintel\lang_ts.go|14|return without blank line|return addedNames(
.\gitmap\cmd\commitin\funcintel\lang_ts.go|22|return without blank line|return name, true
.\gitmap\cmd\commitin\funcintel\lang_ts.go|26|return without blank line|return "", false
.\gitmap\cmd\commitin\funcintel\lang_ts.go|28|return without blank line|return m[1], true
.\gitmap\cmd\commitin\funcintel\registry.go|29|return without blank line|return extToLang[strings.ToLower(filepath.Ext(rel))]
.\gitmap\cmd\commitin\funcintel\registry.go|45|return without blank line|return out
.\gitmap\cmd\commitin\funcintel\render.go|13|return without blank line|return sorted[i].RelativePath < sorted[j].RelativePath
.\gitmap\cmd\commitin\funcintel\render.go|19|return without blank line|return strings.TrimRight(b.String(), "\n")
.\gitmap\cmd\commitin\funcintel\render.go|39|return without blank line|return nil
.\gitmap\cmd\commitin\funcintel\render.go|43|return without blank line|return nil
.\gitmap\cmd\commitin\funcintel\render.go|45|return without blank line|return d.Detect(c.PrevSource, c.NewSource)
.\gitmap\cmd\commitin\message\affix.go|7|return without blank line|return msg
.\gitmap\cmd\commitin\message\affix.go|11|return without blank line|return prefix + msg + suffix
.\gitmap\cmd\commitin\message\affix.go|13|return without blank line|return prefix + msg[:idx] + suffix + msg[idx:]
.\gitmap\cmd\commitin\message\affix.go|23|return without blank line|return msg
.\gitmap\cmd\commitin\message\affix.go|28|return without blank line|return pool[0]
.\gitmap\cmd\commitin\message\affix.go|34|return without blank line|return pool[i]
.\gitmap\cmd\commitin\message\pipeline.go|12|return without blank line|return Result{Message: msg, IsEmpty: isEmpty(msg)}
.\gitmap\cmd\commitin\message\pipeline.go|18|return without blank line|return msg
.\gitmap\cmd\commitin\message\pipeline.go|21|return without blank line|return msg
.\gitmap\cmd\commitin\message\pipeline.go|23|return without blank line|return pickOne(pool, in.PickIndex)
.\gitmap\cmd\commitin\message\pipeline.go|28|return without blank line|return msg
.\gitmap\cmd\commitin\message\pipeline.go|31|return without blank line|return block
.\gitmap\cmd\commitin\message\pipeline.go|33|return without blank line|return msg + "\n\n" + block
.\gitmap\cmd\commitin\message\strip.go|14|return without blank line|return strings.TrimRight(msg, " \t\n")
.\gitmap\cmd\commitin\message\strip.go|23|return without blank line|return collapseBlankLines(kept)
.\gitmap\cmd\commitin\message\strip.go|29|return without blank line|return true
.\gitmap\cmd\commitin\message\strip.go|32|return without blank line|return false
.\gitmap\cmd\commitin\message\strip.go|38|return without blank line|return strings.HasPrefix(line, r.Value)
.\gitmap\cmd\commitin\message\strip.go|40|return without blank line|return strings.HasSuffix(line, r.Value)
.\gitmap\cmd\commitin\message\strip.go|42|return without blank line|return strings.Contains(line, r.Value)
.\gitmap\cmd\commitin\message\strip.go|44|return without blank line|return false
.\gitmap\cmd\commitin\message\strip.go|58|return without blank line|return strings.TrimRight(strings.Join(out, "\n"), " \t\n")
.\gitmap\cmd\commitin\message\weak.go|14|return without blank line|return ""
.\gitmap\cmd\commitin\message\weak.go|21|return without blank line|return strings.ToLower(word)
.\gitmap\cmd\commitin\message\weak.go|26|return without blank line|return false
.\gitmap\cmd\commitin\message\weak.go|30|return without blank line|return false
.\gitmap\cmd\commitin\message\weak.go|34|return without blank line|return true
.\gitmap\cmd\commitin\message\weak.go|37|return without blank line|return false
.\gitmap\cmd\commitin\orchestrator\cli_overrides.go|17|return without blank line|return c
.\gitmap\cmd\commitin\orchestrator\cli_overrides.go|75|return without blank line|return out
.\gitmap\cmd\commitin\orchestrator\cli_overrides.go|26|monolithic function|length 19
.\gitmap\cmd\commitin\orchestrator\cli_overrides.go|47|monolithic function|length 21
.\gitmap\cmd\commitin\orchestrator\commit.go|50|return without blank line|return 0, 0, false
.\gitmap\cmd\commitin\orchestrator\commit.go|57|return without blank line|return 0, 0, false
.\gitmap\cmd\commitin\orchestrator\commit.go|59|return without blank line|return inputRepoID, srcID, true
.\gitmap\cmd\commitin\orchestrator\commit.go|63|return without blank line|return runlog.SourceCommitRow{
.\gitmap\cmd\commitin\orchestrator\commit.go|82|return without blank line|return true
.\gitmap\cmd\commitin\orchestrator\commit.go|85|return without blank line|return false
.\gitmap\cmd\commitin\orchestrator\commit.go|91|return without blank line|return true
.\gitmap\cmd\commitin\orchestrator\commit.go|95|return without blank line|return message.Build(message.Inputs{
.\gitmap\cmd\commitin\orchestrator\commit.go|132|return without blank line|return replay.Plan{
.\gitmap\cmd\commitin\orchestrator\commit.go|147|return without blank line|return ctx.Resolved.Author.Name
.\gitmap\cmd\commitin\orchestrator\commit.go|149|return without blank line|return c.AuthorName
.\gitmap\cmd\commitin\orchestrator\commit.go|154|return without blank line|return ctx.Resolved.Author.Email
.\gitmap\cmd\commitin\orchestrator\commit.go|156|return without blank line|return c.AuthorEmail
.\gitmap\cmd\commitin\orchestrator\commit.go|193|return without blank line|return pickAuthorName(ctx, c)
.\gitmap\cmd\commitin\orchestrator\commit.go|197|return without blank line|return pickAuthorEmail(ctx, c)
.\gitmap\cmd\commitin\orchestrator\commit.go|20|monolithic function|length 21
.\gitmap\cmd\commitin\orchestrator\commit.go|109|monolithic function|length 20
.\gitmap\cmd\commitin\orchestrator\commit.go|159|monolithic function|length 16
.\gitmap\cmd\commitin\orchestrator\conflict.go|33|return without blank line|return false, false
.\gitmap\cmd\commitin\orchestrator\conflict.go|36|return without blank line|return false, false
.\gitmap\cmd\commitin\orchestrator\conflict.go|41|return without blank line|return true, true
.\gitmap\cmd\commitin\orchestrator\conflict.go|45|return without blank line|return false, false
.\gitmap\cmd\commitin\orchestrator\conflict.go|29|monolithic function|length 17
.\gitmap\cmd\commitin\orchestrator\context.go|44|return without blank line|return &runContext{
.\gitmap\cmd\commitin\orchestrator\exclude.go|18|return without blank line|return files
.\gitmap\cmd\commitin\orchestrator\exclude.go|27|return without blank line|return out
.\gitmap\cmd\commitin\orchestrator\exclude.go|34|return without blank line|return true
.\gitmap\cmd\commitin\orchestrator\exclude.go|37|return without blank line|return false
.\gitmap\cmd\commitin\orchestrator\exclude.go|43|return without blank line|return rel == r.Value
.\gitmap\cmd\commitin\orchestrator\exclude.go|45|return without blank line|return matchesFolder(rel, r.Value)
.\gitmap\cmd\commitin\orchestrator\exclude.go|47|return without blank line|return false
.\gitmap\cmd\commitin\orchestrator\exclude.go|53|return without blank line|return false
.\gitmap\cmd\commitin\orchestrator\exclude.go|56|return without blank line|return true
.\gitmap\cmd\commitin\orchestrator\exclude.go|60|return without blank line|return true
.\gitmap\cmd\commitin\orchestrator\exclude.go|63|return without blank line|return false
.\gitmap\cmd\commitin\orchestrator\exclude_test.go|11|monolithic function|length 18
.\gitmap\cmd\commitin\orchestrator\funcintel_block.go|18|return without blank line|return ""
.\gitmap\cmd\commitin\orchestrator\funcintel_block.go|22|return without blank line|return ""
.\gitmap\cmd\commitin\orchestrator\funcintel_block.go|27|return without blank line|return ""
.\gitmap\cmd\commitin\orchestrator\funcintel_block.go|29|return without blank line|return funcintel.Render(changes)
.\gitmap\cmd\commitin\orchestrator\funcintel_block.go|44|return without blank line|return out
.\gitmap\cmd\commitin\orchestrator\funcintel_block.go|50|return without blank line|return funcintel.FileChange{
.\gitmap\cmd\commitin\orchestrator\funcintel_block.go|65|return without blank line|return ""
.\gitmap\cmd\commitin\orchestrator\funcintel_block.go|67|return without blank line|return strings.TrimRight(string(out), "\n")
.\gitmap\cmd\commitin\orchestrator\funcintel_block.go|75|return without blank line|return out
.\gitmap\cmd\commitin\orchestrator\input_cache.go|19|return without blank line|return id, nil
.\gitmap\cmd\commitin\orchestrator\input_cache.go|23|return without blank line|return 0, err
.\gitmap\cmd\commitin\orchestrator\input_cache.go|26|return without blank line|return id, nil
.\gitmap\cmd\commitin\orchestrator\input_cache.go|32|return without blank line|return msg[:i]
.\gitmap\cmd\commitin\orchestrator\input_cache.go|34|return without blank line|return msg
.\gitmap\cmd\commitin\orchestrator\pipeline.go|23|return without blank line|return code
.\gitmap\cmd\commitin\orchestrator\pipeline.go|27|return without blank line|return code
.\gitmap\cmd\commitin\orchestrator\pipeline.go|30|return without blank line|return constants.CommitInExitConflictAborted
.\gitmap\cmd\commitin\orchestrator\pipeline.go|33|return without blank line|return constants.CommitInExitOk
.\gitmap\cmd\commitin\orchestrator\pipeline.go|40|return without blank line|return nil, constants.CommitInExitInputUnusable
.\gitmap\cmd\commitin\orchestrator\pipeline.go|46|return without blank line|return nil, constants.CommitInExitInputUnusable
.\gitmap\cmd\commitin\orchestrator\pipeline.go|48|return without blank line|return staged, constants.CommitInExitOk
.\gitmap\cmd\commitin\orchestrator\pipeline.go|56|return without blank line|return constants.CommitInExitOk
.\gitmap\cmd\commitin\orchestrator\pipeline.go|71|return without blank line|return constants.CommitInExitOk // outer loop sees ctx.aborted and exits
.\gitmap\cmd\commitin\orchestrator\pipeline.go|74|return without blank line|return constants.CommitInExitOk
.\gitmap\cmd\commitin\orchestrator\pipeline.go|85|return without blank line|return nil
.\gitmap\cmd\commitin\orchestrator\pipeline.go|87|return without blank line|return cp
.\gitmap\cmd\commitin\orchestrator\pipeline.go|94|return without blank line|return hex.EncodeToString(sum[:8])
.\gitmap\cmd\commitin\orchestrator\pipeline.go|101|return without blank line|return func(n int) int {
.\gitmap\cmd\commitin\orchestrator\pipeline.go|103|return without blank line|return 0
.\gitmap\cmd\commitin\orchestrator\pipeline.go|105|return without blank line|return r.Intn(n)
.\gitmap\cmd\commitin\orchestrator\pipeline.go|51|monolithic function|length 24
.\gitmap\cmd\commitin\orchestrator\run.go|25|return without blank line|return code
.\gitmap\cmd\commitin\orchestrator\run.go|30|return without blank line|return code
.\gitmap\cmd\commitin\orchestrator\run.go|34|return without blank line|return code
.\gitmap\cmd\commitin\orchestrator\run.go|41|return without blank line|return finalize.Outcome(ctx.Counters)
.\gitmap\cmd\commitin\orchestrator\run.go|48|return without blank line|return constants.CommitInRunStatusCompleted
.\gitmap\cmd\commitin\orchestrator\run.go|51|return without blank line|return constants.CommitInRunStatusFailed
.\gitmap\cmd\commitin\orchestrator\run.go|53|return without blank line|return constants.CommitInRunStatusPartiallyFailed
.\gitmap\cmd\commitin\orchestrator\run.go|63|return without blank line|return nil, code
.\gitmap\cmd\commitin\orchestrator\run.go|67|return without blank line|return nil, code
.\gitmap\cmd\commitin\orchestrator\run.go|71|return without blank line|return nil, code
.\gitmap\cmd\commitin\orchestrator\run.go|73|return without blank line|return finishSetUp(raw, src, paths, lock, stderr)
.\gitmap\cmd\commitin\orchestrator\run.go|82|return without blank line|return nil, code
.\gitmap\cmd\commitin\orchestrator\run.go|88|return without blank line|return nil, code
.\gitmap\cmd\commitin\orchestrator\run.go|94|return without blank line|return nil, code
.\gitmap\cmd\commitin\orchestrator\run.go|96|return without blank line|return newContext(raw, src, paths, lock, db, resolved, runID), constants.CommitInExitOk
.\gitmap\cmd\commitin\orchestrator\run.go|111|return without blank line|return 0, constants.CommitInExitDbFailed
.\gitmap\cmd\commitin\orchestrator\run.go|113|return without blank line|return id, constants.CommitInExitOk
.\gitmap\cmd\commitin\orchestrator\run.go|22|monolithic function|length 20
.\gitmap\cmd\commitin\orchestrator\run.go|78|monolithic function|length 19
.\gitmap\cmd\commitin\orchestrator\save_profile.go|18|return without blank line|return constants.CommitInExitOk
.\gitmap\cmd\commitin\orchestrator\save_profile.go|23|return without blank line|return constants.CommitInExitBadArgs
.\gitmap\cmd\commitin\orchestrator\save_profile.go|32|return without blank line|return persistProfile(ctx, p, stderr)
.\gitmap\cmd\commitin\orchestrator\save_profile.go|37|return without blank line|return constants.CommitInExitOk
.\gitmap\cmd\commitin\orchestrator\save_profile.go|42|return without blank line|return constants.CommitInExitDbFailed
.\gitmap\cmd\commitin\orchestrator\save_profile.go|44|return without blank line|return constants.CommitInExitOk
.\gitmap\cmd\commitin\orchestrator\save_profile.go|50|return without blank line|return exitCode
.\gitmap\cmd\commitin\orchestrator\save_profile.go|56|return without blank line|return constants.CommitInExitBadArgs
.\gitmap\cmd\commitin\orchestrator\save_profile.go|60|return without blank line|return constants.CommitInExitDbFailed
.\gitmap\cmd\commitin\orchestrator\save_profile.go|62|return without blank line|return constants.CommitInExitOk
.\gitmap\cmd\commitin\orchestrator\save_profile.go|70|return without blank line|return err != nil && strings.Contains(err.Error(), "already exists")
.\gitmap\cmd\commitin\orchestrator\save_profile.go|16|monolithic function|length 17
.\gitmap\cmd\commitin\orchestrator\save_profile.go|47|monolithic function|length 16
.\gitmap\cmd\commitin\orchestrator\setup.go|20|return without blank line|return nil, constants.CommitInExitSourceUnusable
.\gitmap\cmd\commitin\orchestrator\setup.go|22|return without blank line|return src, constants.CommitInExitOk
.\gitmap\cmd\commitin\orchestrator\setup.go|29|return without blank line|return nil, constants.CommitInExitDbFailed
.\gitmap\cmd\commitin\orchestrator\setup.go|31|return without blank line|return paths, constants.CommitInExitOk
.\gitmap\cmd\commitin\orchestrator\setup.go|38|return without blank line|return nil, constants.CommitInExitLockBusy
.\gitmap\cmd\commitin\orchestrator\setup.go|40|return without blank line|return lock, constants.CommitInExitOk
.\gitmap\cmd\commitin\orchestrator\setup.go|47|return without blank line|return nil, constants.CommitInExitDbFailed
.\gitmap\cmd\commitin\orchestrator\setup.go|52|return without blank line|return nil, constants.CommitInExitDbFailed
.\gitmap\cmd\commitin\orchestrator\setup.go|54|return without blank line|return db, constants.CommitInExitOk
.\gitmap\cmd\commitin\orchestrator\setup.go|64|return without blank line|return profile.Resolved{}, nil, code
.\gitmap\cmd\commitin\orchestrator\setup.go|67|return without blank line|return profile.Resolve(cli, prof), prof, constants.CommitInExitOk
.\gitmap\cmd\commitin\orchestrator\setup.go|74|return without blank line|return nil, constants.CommitInExitProfileMissing
.\gitmap\cmd\commitin\orchestrator\setup.go|76|return without blank line|return p, constants.CommitInExitOk
.\gitmap\cmd\commitin\orchestrator\setup.go|81|return without blank line|return pickNamedProfile(paths.SourceRoot, raw.ProfileName, stderr)
.\gitmap\cmd\commitin\orchestrator\setup.go|84|return without blank line|return loadDefaultProfile(paths.SourceRoot)
.\gitmap\cmd\commitin\orchestrator\setup.go|86|return without blank line|return nil, constants.CommitInExitOk
.\gitmap\cmd\commitin\orchestrator\setup.go|94|return without blank line|return nil, constants.CommitInExitOk
.\gitmap\cmd\commitin\orchestrator\setup.go|96|return without blank line|return p, constants.CommitInExitOk
.\gitmap\cmd\commitin\profile\build.go|40|return without blank line|return p
.\gitmap\cmd\commitin\profile\build.go|45|return without blank line|return nil
.\gitmap\cmd\commitin\profile\build.go|49|return without blank line|return out
.\gitmap\cmd\commitin\profile\build.go|54|return without blank line|return nil
.\gitmap\cmd\commitin\profile\build.go|58|return without blank line|return out
.\gitmap\cmd\commitin\profile\build.go|63|return without blank line|return nil
.\gitmap\cmd\commitin\profile\build.go|67|return without blank line|return out
.\gitmap\cmd\commitin\profile\build.go|17|monolithic function|length 24
.\gitmap\cmd\commitin\profile\default.go|23|return without blank line|return nil
.\gitmap\cmd\commitin\profile\default.go|26|return without blank line|return fmt.Errorf("read profiles dir: %w", err)
.\gitmap\cmd\commitin\profile\default.go|37|return without blank line|return err
.\gitmap\cmd\commitin\profile\default.go|40|return without blank line|return nil
.\gitmap\cmd\commitin\profile\default.go|48|return without blank line|return nil
.\gitmap\cmd\commitin\profile\default.go|51|return without blank line|return nil
.\gitmap\cmd\commitin\profile\default.go|54|return without blank line|return SaveToDisk(workspaceRoot, p, true)
.\gitmap\cmd\commitin\profile\default.go|19|monolithic function|length 22
.\gitmap\cmd\commitin\profile\io.go|15|return without blank line|return filepath.Join(workspaceRoot, ".gitmap",
.\gitmap\cmd\commitin\profile\io.go|26|return without blank line|return nil, &LoadError{Path: path, Reason: "not found", Cause: err}
.\gitmap\cmd\commitin\profile\io.go|29|return without blank line|return nil, &LoadError{Path: path, Reason: "read failed", Cause: err}
.\gitmap\cmd\commitin\profile\io.go|37|return without blank line|return nil, err
.\gitmap\cmd\commitin\profile\io.go|39|return without blank line|return p, nil
.\gitmap\cmd\commitin\profile\io.go|48|return without blank line|return fmt.Errorf("profile %q already exists", p.Name)
.\gitmap\cmd\commitin\profile\io.go|51|return without blank line|return fmt.Errorf("mkdir profiles: %w", err)
.\gitmap\cmd\commitin\profile\io.go|55|return without blank line|return err
.\gitmap\cmd\commitin\profile\io.go|59|return without blank line|return fmt.Errorf("write tmp: %w", err)
.\gitmap\cmd\commitin\profile\io.go|62|return without blank line|return fmt.Errorf("rename: %w", err)
.\gitmap\cmd\commitin\profile\io.go|64|return without blank line|return nil
.\gitmap\cmd\commitin\profile\io.go|71|return without blank line|return fmt.Errorf("profile %q already exists", filepath.Base(path))
.\gitmap\cmd\commitin\profile\io.go|73|return without blank line|return nil
.\gitmap\cmd\commitin\profile\io.go|79|return without blank line|return err == nil
.\gitmap\cmd\commitin\profile\io.go|22|monolithic function|length 18
.\gitmap\cmd\commitin\profile\io.go|44|monolithic function|length 21
.\gitmap\cmd\commitin\profile\json.go|51|return without blank line|return nil, &LoadError{Reason: "invalid json", Cause: err}
.\gitmap\cmd\commitin\profile\json.go|54|return without blank line|return nil, &LoadError{Reason: fmt.Sprintf("unsupported SchemaVersion %d", s.SchemaVersion)}
.\gitmap\cmd\commitin\profile\json.go|56|return without blank line|return shapeToProfile(&s), nil
.\gitmap\cmd\commitin\profile\json.go|65|return without blank line|return nil, err
.\gitmap\cmd\commitin\profile\json.go|67|return without blank line|return append(out, '\n'), nil
.\gitmap\cmd\commitin\profile\json.go|95|return without blank line|return p
.\gitmap\cmd\commitin\profile\json.go|147|return without blank line|return s
.\gitmap\cmd\commitin\profile\json.go|70|monolithic function|length 26
.\gitmap\cmd\commitin\profile\json.go|98|monolithic function|length 50
.\gitmap\cmd\commitin\profile\profile_test.go|13|monolithic function|length 28
.\gitmap\cmd\commitin\profile\resolve.go|52|return without blank line|return r
.\gitmap\cmd\commitin\profile\resolve.go|56|return without blank line|return Resolved{
.\gitmap\cmd\commitin\profile\resolve.go|66|monolithic function|length 19
.\gitmap\cmd\commitin\profile\resolve.go|87|monolithic function|length 37
.\gitmap\cmd\commitin\profile\types.go|61|return without blank line|return e.Reason
.\gitmap\cmd\commitin\profile\types.go|63|return without blank line|return e.Reason + ": " + e.Cause.Error()
.\gitmap\cmd\commitin\prompt\prompt.go|29|return without blank line|return &Asker{NoPrompt: noPrompt, In: os.Stdin, Out: os.Stderr}
.\gitmap\cmd\commitin\prompt\prompt.go|38|return without blank line|return "", ErrNoPrompt
.\gitmap\cmd\commitin\prompt\prompt.go|50|return without blank line|return "", fmt.Errorf("read answer: %w", err)
.\gitmap\cmd\commitin\prompt\prompt.go|54|return without blank line|return fallback, nil
.\gitmap\cmd\commitin\prompt\prompt.go|56|return without blank line|return line, nil
.\gitmap\cmd\commitin\prompt\prompt.go|65|return without blank line|return "", err
.\gitmap\cmd\commitin\prompt\prompt.go|68|return without blank line|return ans, nil
.\gitmap\cmd\commitin\prompt\prompt.go|77|return without blank line|return true
.\gitmap\cmd\commitin\prompt\prompt.go|80|return without blank line|return false
.\gitmap\cmd\commitin\prompt\prompt.go|35|monolithic function|length 22
.\gitmap\cmd\commitin\replay\clobber.go|26|return without blank line|return nil, fmt.Errorf("clobber check %s: %w", rel, err)
.\gitmap\cmd\commitin\replay\clobber.go|32|return without blank line|return clobbers, nil
.\gitmap\cmd\commitin\replay\clobber.go|41|return without blank line|return false, fmt.Errorf("source side: %w", err)
.\gitmap\cmd\commitin\replay\clobber.go|48|return without blank line|return srcHash != "" && tgtHash != "" && srcHash != tgtHash, nil
.\gitmap\cmd\commitin\replay\clobber.go|56|return without blank line|return "", err
.\gitmap\cmd\commitin\replay\clobber.go|58|return without blank line|return strings.TrimSpace(out), nil
.\gitmap\cmd\commitin\replay\clobber.go|16|monolithic function|length 17
.\gitmap\cmd\commitin\replay\env.go|10|return without blank line|return []string{
.\gitmap\cmd\commitin\replay\replay.go|42|return without blank line|return Result{}, nil
.\gitmap\cmd\commitin\replay\replay.go|45|return without blank line|return Result{}, fmt.Errorf("replay: stage files: %w", err)
.\gitmap\cmd\commitin\replay\replay.go|49|return without blank line|return Result{}, fmt.Errorf("replay: write-tree: %w", err)
.\gitmap\cmd\commitin\replay\replay.go|54|return without blank line|return Result{}, fmt.Errorf("replay: commit-tree: %w", err)
.\gitmap\cmd\commitin\replay\replay.go|57|return without blank line|return Result{}, fmt.Errorf("replay: update-ref: %w", err)
.\gitmap\cmd\commitin\replay\replay.go|59|return without blank line|return Result{NewSha: newSha}, nil
.\gitmap\cmd\commitin\replay\replay.go|68|return without blank line|return fmt.Errorf("file %s: %w", rel, err)
.\gitmap\cmd\commitin\replay\replay.go|71|return without blank line|return nil
.\gitmap\cmd\commitin\replay\replay.go|80|return without blank line|return fmt.Errorf("cat-file: %w", err)
.\gitmap\cmd\commitin\replay\replay.go|84|return without blank line|return fmt.Errorf("hash-object: %w", err)
.\gitmap\cmd\commitin\replay\replay.go|87|return without blank line|return fmt.Errorf("update-index: %w", err)
.\gitmap\cmd\commitin\replay\replay.go|89|return without blank line|return nil
.\gitmap\cmd\commitin\replay\replay.go|95|return without blank line|return strings.TrimSpace(out), err
.\gitmap\cmd\commitin\replay\replay.go|103|return without blank line|return "", err
.\gitmap\cmd\commitin\replay\replay.go|105|return without blank line|return strings.TrimSpace(out), nil
.\gitmap\cmd\commitin\replay\replay.go|117|return without blank line|return "", err
.\gitmap\cmd\commitin\replay\replay.go|119|return without blank line|return strings.TrimSpace(out), nil
.\gitmap\cmd\commitin\replay\replay.go|126|return without blank line|return err
.\gitmap\cmd\commitin\replay\replay.go|40|monolithic function|length 20
.\gitmap\cmd\commitin\replay\replay_test.go|41|return without blank line|return cannedTextResponse(sub)
.\gitmap\cmd\commitin\replay\replay_test.go|45|return without blank line|return []byte("file-contents"), nil
.\gitmap\cmd\commitin\replay\replay_test.go|49|return without blank line|return "newshaXYZ", nil
.\gitmap\cmd\commitin\replay\replay_test.go|53|return without blank line|return "blobsha", nil
.\gitmap\cmd\commitin\replay\replay_test.go|91|return without blank line|return "treeshaABC", nil
.\gitmap\cmd\commitin\replay\replay_test.go|93|return without blank line|return "parentshaABC", nil
.\gitmap\cmd\commitin\replay\replay_test.go|95|return without blank line|return "", nil
.\gitmap\cmd\commitin\replay\replay_test.go|101|return without blank line|return true
.\gitmap\cmd\commitin\replay\replay_test.go|104|return without blank line|return false
.\gitmap\cmd\commitin\replay\replay_test.go|110|return without blank line|return Plan{
.\gitmap\cmd\commitin\replay\replay_test.go|12|monolithic function|length 19
.\gitmap\cmd\commitin\replay\replay_test.go|36|monolithic function|length 34
.\gitmap\cmd\commitin\replay\runner.go|34|return without blank line|return trimmed, fmt.Errorf("git %s: %w (%s)", sub, err, strings.TrimSpace(trimmed))
.\gitmap\cmd\commitin\replay\runner.go|36|return without blank line|return trimmed, nil
.\gitmap\cmd\commitin\replay\runner.go|48|return without blank line|return out, fmt.Errorf("git %s: %w (%s)", sub, err, strings.TrimSpace(stderr.String()))
.\gitmap\cmd\commitin\replay\runner.go|50|return without blank line|return out, nil
.\gitmap\cmd\commitin\replay\runner.go|61|return without blank line|return trimmed, fmt.Errorf("git %s: %w (%s)", args[0], err, strings.TrimSpace(trimmed))
.\gitmap\cmd\commitin\replay\runner.go|63|return without blank line|return trimmed, nil
.\gitmap\cmd\commitin\replay\runner.go|73|return without blank line|return trimmed, fmt.Errorf("git hash-object: %w (%s)", err, trimmed)
.\gitmap\cmd\commitin\replay\runner.go|75|return without blank line|return trimmed, nil
.\gitmap\cmd\commitin\replay\runner.go|99|return without blank line|return func() {
.\gitmap\cmd\commitin\runlog\inputs.go|15|return without blank line|return 0, fmt.Errorf("runlog: lookup InputKind %q: %w", kind, err)
.\gitmap\cmd\commitin\runlog\inputs.go|19|return without blank line|return 0, fmt.Errorf("runlog: insert InputRepo: %w", err)
.\gitmap\cmd\commitin\runlog\inputs.go|21|return without blank line|return res.LastInsertId()
.\gitmap\cmd\commitin\runlog\inputs.go|30|return without blank line|return 0, fmt.Errorf("runlog: begin tx: %w", err)
.\gitmap\cmd\commitin\runlog\inputs.go|35|return without blank line|return 0, err
.\gitmap\cmd\commitin\runlog\inputs.go|39|return without blank line|return 0, err
.\gitmap\cmd\commitin\runlog\inputs.go|42|return without blank line|return 0, fmt.Errorf("runlog: commit tx: %w", err)
.\gitmap\cmd\commitin\runlog\inputs.go|44|return without blank line|return id, nil
.\gitmap\cmd\commitin\runlog\inputs.go|55|return without blank line|return 0, fmt.Errorf("runlog: insert SourceCommit %s: %w", c.Sha, err)
.\gitmap\cmd\commitin\runlog\inputs.go|57|return without blank line|return res.LastInsertId()
.\gitmap\cmd\commitin\runlog\inputs.go|64|return without blank line|return fmt.Errorf("runlog: insert SourceCommitFile %q: %w", rel, err)
.\gitmap\cmd\commitin\runlog\inputs.go|67|return without blank line|return nil
.\gitmap\cmd\commitin\runlog\inputs.go|27|monolithic function|length 18
.\gitmap\cmd\commitin\runlog\lookup.go|16|return without blank line|return 0, fmt.Errorf("lookup %s.%s where Name=%q: %w", table, idCol, name, err)
.\gitmap\cmd\commitin\runlog\lookup.go|18|return without blank line|return id, nil
.\gitmap\cmd\commitin\runlog\releasebranch.go|29|return without blank line|return ""
.\gitmap\cmd\commitin\runlog\releasebranch.go|32|return without blank line|return ""
.\gitmap\cmd\commitin\runlog\releasebranch.go|35|return without blank line|return ""
.\gitmap\cmd\commitin\runlog\releasebranch.go|37|return without blank line|return constants.ReleaseBranchPrefix + tagName
.\gitmap\cmd\commitin\runlog\results.go|16|return without blank line|return 0, fmt.Errorf("runlog: lookup outcome %q: %w", r.Outcome, err)
.\gitmap\cmd\commitin\runlog\results.go|20|return without blank line|return 0, err
.\gitmap\cmd\commitin\runlog\results.go|24|return without blank line|return rewrittenID, nil
.\gitmap\cmd\commitin\runlog\results.go|28|return without blank line|return rewrittenID, err
.\gitmap\cmd\commitin\runlog\results.go|30|return without blank line|return rewrittenID, nil
.\gitmap\cmd\commitin\runlog\results.go|38|return without blank line|return fmt.Errorf("runlog: lookup skip reason %q: %w", reason, err)
.\gitmap\cmd\commitin\runlog\results.go|41|return without blank line|return fmt.Errorf("runlog: insert SkipLog: %w", err)
.\gitmap\cmd\commitin\runlog\results.go|43|return without blank line|return nil
.\gitmap\cmd\commitin\runlog\results.go|59|return without blank line|return 0, fmt.Errorf("runlog: insert RewrittenCommit: %w", err)
.\gitmap\cmd\commitin\runlog\results.go|61|return without blank line|return res.LastInsertId()
.\gitmap\cmd\commitin\runlog\results.go|67|return without blank line|return fmt.Errorf("runlog: insert ShaMap %s: %w", sourceSha, err)
.\gitmap\cmd\commitin\runlog\results.go|69|return without blank line|return nil
.\gitmap\cmd\commitin\runlog\results.go|13|monolithic function|length 18
.\gitmap\cmd\commitin\runlog\runlog.go|18|return without blank line|return 0, fmt.Errorf("runlog: lookup RunStatus: %w", err)
.\gitmap\cmd\commitin\runlog\runlog.go|22|return without blank line|return 0, fmt.Errorf("runlog: insert CommitInRun: %w", err)
.\gitmap\cmd\commitin\runlog\runlog.go|24|return without blank line|return res.LastInsertId()
.\gitmap\cmd\commitin\runlog\runlog.go|32|return without blank line|return fmt.Errorf("runlog: lookup status %q: %w", status, err)
.\gitmap\cmd\commitin\runlog\runlog.go|35|return without blank line|return fmt.Errorf("runlog: finish run %d: %w", runID, err)
.\gitmap\cmd\commitin\runlog\runlog.go|37|return without blank line|return nil
.\gitmap\cmd\commitin\runlog\runlog.go|43|return without blank line|return 1
.\gitmap\cmd\commitin\runlog\runlog.go|45|return without blank line|return 0
.\gitmap\cmd\commitin\runlog\runlog_test.go|28|return without blank line|return db
.\gitmap\cmd\commitin\runlog\runlog_test.go|35|return without blank line|return []string{
.\gitmap\cmd\commitin\runlog\runlog_test.go|177|return without blank line|return scID
.\gitmap\cmd\commitin\runlog\runlog_test.go|54|monolithic function|length 19
.\gitmap\cmd\commitin\runlog\runlog_test.go|77|monolithic function|length 28
.\gitmap\cmd\commitin\runlog\runlog_test.go|110|monolithic function|length 26
.\gitmap\cmd\commitin\runlog\runlog_test.go|158|monolithic function|length 20
.\gitmap\cmd\commitin\runlog\tagreplay.go|77|return without blank line|return 0, fmt.Errorf("runlog: tag %q: %w", f.SourceTagName, ErrLightweightVersionTag)
.\gitmap\cmd\commitin\runlog\tagreplay.go|82|return without blank line|return 0, fmt.Errorf("runlog: lookup tag outcome %q: %w", f.Outcome, err)
.\gitmap\cmd\commitin\runlog\tagreplay.go|92|return without blank line|return 0, fmt.Errorf("runlog: insert CommitInReplayMap: %w", err)
.\gitmap\cmd\commitin\runlog\tagreplay.go|94|return without blank line|return res.LastInsertId()
.\gitmap\cmd\commitin\runlog\tagreplay.go|106|return without blank line|return got, ErrTagReplayMiss
.\gitmap\cmd\commitin\runlog\tagreplay.go|109|return without blank line|return got, fmt.Errorf("runlog: lookup tag replay %q: %w", sourceTagName, err)
.\gitmap\cmd\commitin\runlog\tagreplay.go|114|return without blank line|return got, nil
.\gitmap\cmd\commitin\runlog\tagreplay.go|129|return without blank line|return versionTagRegex().MatchString(tagName)
.\gitmap\cmd\commitin\runlog\tagreplay.go|145|return without blank line|return false
.\gitmap\cmd\commitin\runlog\tagreplay.go|147|return without blank line|return IsAnnotatedSemverVersionTag(tagName)
.\gitmap\cmd\commitin\runlog\tagreplay.go|159|return without blank line|return versionTagRegexVal
.\gitmap\cmd\commitin\runlog\tagreplay.go|167|return without blank line|return nil
.\gitmap\cmd\commitin\runlog\tagreplay.go|169|return without blank line|return s
.\gitmap\cmd\commitin\runlog\tagreplay.go|75|monolithic function|length 20
.\gitmap\cmd\commitin\runlog\tagreplay_test.go|33|return without blank line|return db
.\gitmap\cmd\commitin\runlog\tagreplay_test.go|69|return without blank line|return runID, rewID
.\gitmap\cmd\commitin\runlog\tagreplay_test.go|18|monolithic function|length 16
.\gitmap\cmd\commitin\runlog\tagreplay_test.go|38|monolithic function|length 32
.\gitmap\cmd\commitin\runlog\tagreplay_test.go|75|monolithic function|length 18
.\gitmap\cmd\commitin\runlog\tagreplay_test.go|97|monolithic function|length 19
.\gitmap\cmd\commitin\runlog\tagreplay_test.go|183|monolithic function|length 20
.\gitmap\cmd\commitin\runlog\tagreplay_test.go|207|monolithic function|length 22
.\gitmap\cmd\commitin\runlog\tagreplay_test.go|233|monolithic function|length 25
.\gitmap\cmd\commitin\runlog\tagreplay_test.go|261|monolithic function|length 20
.\gitmap\cmd\commitin\walk\hydrate.go|20|return without blank line|return SourceCommit{}, err
.\gitmap\cmd\commitin\walk\hydrate.go|24|return without blank line|return SourceCommit{}, err
.\gitmap\cmd\commitin\walk\hydrate.go|29|return without blank line|return meta, nil
.\gitmap\cmd\commitin\walk\hydrate.go|37|return without blank line|return SourceCommit{}, fmt.Errorf("show %s: %w", sha, err)
.\gitmap\cmd\commitin\walk\hydrate.go|41|return without blank line|return SourceCommit{}, fmt.Errorf("malformed git show output for %s: %q", sha, out)
.\gitmap\cmd\commitin\walk\hydrate.go|43|return without blank line|return assembleMeta(parts)
.\gitmap\cmd\commitin\walk\hydrate.go|51|return without blank line|return SourceCommit{}, fmt.Errorf("parse author date: %w", err)
.\gitmap\cmd\commitin\walk\hydrate.go|55|return without blank line|return SourceCommit{}, fmt.Errorf("parse committer date: %w", err)
.\gitmap\cmd\commitin\walk\hydrate.go|57|return without blank line|return SourceCommit{
.\gitmap\cmd\commitin\walk\hydrate.go|72|return without blank line|return subject
.\gitmap\cmd\commitin\walk\hydrate.go|74|return without blank line|return subject + "\n\n" + body
.\gitmap\cmd\commitin\walk\hydrate.go|83|return without blank line|return nil, fmt.Errorf("show files %s: %w", sha, err)
.\gitmap\cmd\commitin\walk\hydrate.go|87|return without blank line|return nil, nil
.\gitmap\cmd\commitin\walk\hydrate.go|89|return without blank line|return splitAndCleanPaths(out), nil
.\gitmap\cmd\commitin\walk\hydrate.go|104|return without blank line|return cleaned
.\gitmap\cmd\commitin\walk\hydrate.go|48|monolithic function|length 16
.\gitmap\cmd\commitin\walk\runner.go|24|return without blank line|return trimmed, fmt.Errorf("git %s: %w (%s)", sub, err, strings.TrimSpace(trimmed))
.\gitmap\cmd\commitin\walk\runner.go|26|return without blank line|return trimmed, nil
.\gitmap\cmd\commitin\walk\runner.go|34|return without blank line|return func() { gitRunner = prev }
.\gitmap\cmd\commitin\walk\walk.go|32|return without blank line|return nil, fmt.Errorf("walk: list shas: %w", err)
.\gitmap\cmd\commitin\walk\walk.go|35|return without blank line|return nil, nil
.\gitmap\cmd\commitin\walk\walk.go|41|return without blank line|return nil, fmt.Errorf("walk: hydrate %s: %w", sha, hyErr)
.\gitmap\cmd\commitin\walk\walk.go|45|return without blank line|return out, nil
.\gitmap\cmd\commitin\walk\walk.go|53|return without blank line|return nil, nil
.\gitmap\cmd\commitin\walk\walk.go|56|return without blank line|return nil, err
.\gitmap\cmd\commitin\walk\walk.go|60|return without blank line|return nil, nil
.\gitmap\cmd\commitin\walk\walk.go|62|return without blank line|return strings.Split(out, "\n"), nil
.\gitmap\cmd\commitin\walk\walk.go|69|return without blank line|return false
.\gitmap\cmd\commitin\walk\walk.go|72|return without blank line|return strings.Contains(lc, "unknown revision") || strings.Contains(lc, "ambiguous argument 'head'")
.\gitmap\cmd\commitin\walk\walk.go|29|monolithic function|length 17
.\gitmap\cmd\commitin\walk\walk_test.go|40|return without blank line|return "fatal: ambiguous argument 'HEAD': unknown revision", sentinelEmptyError{}
.\gitmap\cmd\commitin\walk\walk_test.go|42|return without blank line|return "", nil
.\gitmap\cmd\commitin\walk\walk_test.go|64|return without blank line|return "aaa\nbbb", nil
.\gitmap\cmd\commitin\walk\walk_test.go|66|return without blank line|return fakeShow(args)
.\gitmap\cmd\commitin\walk\walk_test.go|68|return without blank line|return "", nil
.\gitmap\cmd\commitin\walk\walk_test.go|77|return without blank line|return "main.go\nREADME.md", nil
.\gitmap\cmd\commitin\walk\walk_test.go|80|return without blank line|return "src/lib.go", nil
.\gitmap\cmd\commitin\walk\walk_test.go|83|return without blank line|return strings.Join([]string{"alice", "alice@x", "2024-01-02T03:04:05+00:00", "2024-01-02T03:04:06+00:00", "first", "body-line"}, "\x1f"), nil
.\gitmap\cmd\commitin\walk\walk_test.go|85|return without blank line|return strings.Join([]string{"bob", "bob@x", "2024-02-03T04:05:06+02:00", "2024-02-03T04:05:07+02:00", "second", ""}, "\x1f"), nil
.\gitmap\cmd\commitin\walk\walk_test.go|91|return without blank line|return true
.\gitmap\cmd\commitin\walk\walk_test.go|94|return without blank line|return false
.\gitmap\cmd\commitin\walk\walk_test.go|11|monolithic function|length 22
.\gitmap\cmd\commitin\workspace\clone.go|31|return without blank line|return nil, err
.\gitmap\cmd\commitin\workspace\clone.go|37|return without blank line|return nil, stageErr
.\gitmap\cmd\commitin\workspace\clone.go|41|return without blank line|return out, nil
.\gitmap\cmd\commitin\workspace\clone.go|48|return without blank line|return "", fmt.Errorf("mkdir temp run dir %s: %w", dir, err)
.\gitmap\cmd\commitin\workspace\clone.go|50|return without blank line|return dir, nil
.\gitmap\cmd\commitin\workspace\clone.go|58|return without blank line|return stageLocalFolder(in)
.\gitmap\cmd\commitin\workspace\clone.go|60|return without blank line|return stageRemoteUrl(runDir, in)
.\gitmap\cmd\commitin\workspace\clone.go|62|return without blank line|return stageVersionedSibling(runDir, in)
.\gitmap\cmd\commitin\workspace\clone.go|64|return without blank line|return StagedInput{}, fmt.Errorf(constants.CommitInErrInputOpen, in.Original, fmt.Errorf("unknown kind %q", in.Kind))
.\gitmap\cmd\commitin\workspace\clone.go|71|return without blank line|return StagedInput{}, fmt.Errorf(constants.CommitInErrInputOpen, in.Original, err)
.\gitmap\cmd\commitin\workspace\clone.go|74|return without blank line|return StagedInput{}, fmt.Errorf(constants.CommitInErrInputOpen, in.Original, fmt.Errorf("not a directory"))
.\gitmap\cmd\commitin\workspace\clone.go|76|return without blank line|return StagedInput{Input: in, WorkPath: in.AbsPath}, nil
.\gitmap\cmd\commitin\workspace\clone.go|83|return without blank line|return StagedInput{}, fmt.Errorf(constants.CommitInErrInputClone, in.Original, err)
.\gitmap\cmd\commitin\workspace\clone.go|85|return without blank line|return StagedInput{Input: in, WorkPath: target, IsClone: true}, nil
.\gitmap\cmd\commitin\workspace\clone.go|93|return without blank line|return StagedInput{}, fmt.Errorf(constants.CommitInErrInputClone, in.Original, err)
.\gitmap\cmd\commitin\workspace\clone.go|95|return without blank line|return StagedInput{Input: in, WorkPath: target, IsClone: true}, nil
.\gitmap\cmd\commitin\workspace\expand.go|32|return without blank line|return expandKeyword(source, keyword, tail)
.\gitmap\cmd\commitin\workspace\expand.go|34|return without blank line|return expandExplicit(inputs)
.\gitmap\cmd\commitin\workspace\expand.go|40|return without blank line|return nil, fmt.Errorf(constants.CommitInErrBadArgs, "no inputs to expand")
.\gitmap\cmd\commitin\workspace\expand.go|46|return without blank line|return out, nil
.\gitmap\cmd\commitin\workspace\expand.go|52|return without blank line|return ResolvedInput{
.\gitmap\cmd\commitin\workspace\expand.go|61|return without blank line|return ResolvedInput{
.\gitmap\cmd\commitin\workspace\expand.go|74|return without blank line|return nil, err
.\gitmap\cmd\commitin\workspace\expand.go|77|return without blank line|return nil, fmt.Errorf(constants.CommitInErrBadArgs, fmt.Sprintf("keyword %q matched zero siblings of %s", keyword, source))
.\gitmap\cmd\commitin\workspace\expand.go|82|return without blank line|return reindex(siblings), nil
.\gitmap\cmd\commitin\workspace\expand.go|91|return without blank line|return in
.\gitmap\cmd\commitin\workspace\expand.go|105|return without blank line|return nil, fmt.Errorf("absolutize source: %w", err)
.\gitmap\cmd\commitin\workspace\expand.go|111|return without blank line|return nil, fmt.Errorf("read parent %s: %w", parent, readErr)
.\gitmap\cmd\commitin\workspace\expand.go|113|return without blank line|return collectMatchingSiblings(parent, base, abs, entries), nil
.\gitmap\cmd\commitin\workspace\expand.go|138|return without blank line|return out
.\gitmap\cmd\commitin\workspace\expand.go|145|return without blank line|return 0, true
.\gitmap\cmd\commitin\workspace\expand.go|148|return without blank line|return 0, false
.\gitmap\cmd\commitin\workspace\expand.go|152|return without blank line|return 0, false
.\gitmap\cmd\commitin\workspace\expand.go|156|return without blank line|return 0, false
.\gitmap\cmd\commitin\workspace\expand.go|158|return without blank line|return n, true
.\gitmap\cmd\commitin\workspace\expand.go|166|return without blank line|return name
.\gitmap\cmd\commitin\workspace\expand.go|168|return without blank line|return name[:m[0]]
.\gitmap\cmd\commitin\workspace\expand.go|50|monolithic function|length 18
.\gitmap\cmd\commitin\workspace\expand.go|118|monolithic function|length 21
.\gitmap\cmd\commitin\workspace\expand.go|143|monolithic function|length 16
.\gitmap\cmd\commitin\workspace\lock.go|27|return without blank line|return nil, fmt.Errorf(constants.CommitInErrLockBusy, p.LockFile)
.\gitmap\cmd\commitin\workspace\lock.go|30|return without blank line|return nil, fmt.Errorf("commit-in: lock write failed: %w", err)
.\gitmap\cmd\commitin\workspace\lock.go|32|return without blank line|return &LockHandle{Path: p.LockFile}, nil
.\gitmap\cmd\commitin\workspace\lock.go|57|return without blank line|return false
.\gitmap\cmd\commitin\workspace\lock.go|62|return without blank line|return false
.\gitmap\cmd\commitin\workspace\lock.go|65|return without blank line|return true
.\gitmap\cmd\commitin\workspace\lock.go|68|return without blank line|return true
.\gitmap\cmd\commitin\workspace\lock.go|71|return without blank line|return false
.\gitmap\cmd\commitin\workspace\lock.go|78|return without blank line|return os.WriteFile(lockPath, []byte(pid), 0o644)
.\gitmap\cmd\commitin\workspace\lock.go|91|return without blank line|return false
.\gitmap\cmd\commitin\workspace\lock.go|95|return without blank line|return true
.\gitmap\cmd\commitin\workspace\lock.go|97|return without blank line|return errors.Is(sigErr, syscall.EPERM)
.\gitmap\cmd\commitin\workspace\lock.go|54|monolithic function|length 18
.\gitmap\cmd\commitin\workspace\paths.go|31|return without blank line|return nil, fmt.Errorf("absolutize source: %w", err)
.\gitmap\cmd\commitin\workspace\paths.go|35|return without blank line|return nil, mkErr
.\gitmap\cmd\commitin\workspace\paths.go|37|return without blank line|return p, nil
.\gitmap\cmd\commitin\workspace\paths.go|44|return without blank line|return &Paths{
.\gitmap\cmd\commitin\workspace\paths.go|60|return without blank line|return fmt.Errorf("mkdir %s: %w", dir, err)
.\gitmap\cmd\commitin\workspace\paths.go|63|return without blank line|return nil
.\gitmap\cmd\commitin\workspace\runner.go|22|return without blank line|return fmt.Errorf("git %s: %w (output: %s)", sub, err, strings.TrimSpace(string(out)))
.\gitmap\cmd\commitin\workspace\runner.go|24|return without blank line|return nil
.\gitmap\cmd\commitin\workspace\runner.go|33|return without blank line|return func() { gitRunner = prev }
.\gitmap\cmd\commitin\workspace\source.go|43|return without blank line|return resolveByClone(rawSource)
.\gitmap\cmd\commitin\workspace\source.go|47|return without blank line|return nil, fmt.Errorf("absolutize source: %w", err)
.\gitmap\cmd\commitin\workspace\source.go|51|return without blank line|return resolveExistingDir(abs)
.\gitmap\cmd\commitin\workspace\source.go|54|return without blank line|return resolveMissingDir(abs)
.\gitmap\cmd\commitin\workspace\source.go|57|return without blank line|return nil, fmt.Errorf(constants.CommitInErrSourceMkdir, statErr)
.\gitmap\cmd\commitin\workspace\source.go|59|return without blank line|return nil, fmt.Errorf("commit-in: source: %q is not a directory", abs)
.\gitmap\cmd\commitin\workspace\source.go|74|return without blank line|return true
.\gitmap\cmd\commitin\workspace\source.go|77|return without blank line|return false
.\gitmap\cmd\commitin\workspace\source.go|84|return without blank line|return nil, fmt.Errorf("getwd: %w", err)
.\gitmap\cmd\commitin\workspace\source.go|88|return without blank line|return nil, fmt.Errorf(constants.CommitInErrSourceClone, err)
.\gitmap\cmd\commitin\workspace\source.go|90|return without blank line|return &SourceHandle{Path: target, Kind: SourceKindCloned}, nil
.\gitmap\cmd\commitin\workspace\source.go|96|return without blank line|return &SourceHandle{Path: abs, Kind: SourceKindExistingRepo}, nil
.\gitmap\cmd\commitin\workspace\source.go|99|return without blank line|return nil, fmt.Errorf(constants.CommitInErrSourceInit, err)
.\gitmap\cmd\commitin\workspace\source.go|101|return without blank line|return &SourceHandle{Path: abs, Kind: SourceKindInitInPlace, IsFreshlyInit: true}, nil
.\gitmap\cmd\commitin\workspace\source.go|107|return without blank line|return nil, fmt.Errorf(constants.CommitInErrSourceMkdir, err)
.\gitmap\cmd\commitin\workspace\source.go|110|return without blank line|return nil, fmt.Errorf(constants.CommitInErrSourceInit, err)
.\gitmap\cmd\commitin\workspace\source.go|112|return without blank line|return &SourceHandle{Path: abs, Kind: SourceKindCreatedAndInit, IsFreshlyInit: true}, nil
.\gitmap\cmd\commitin\workspace\source.go|119|return without blank line|return true
.\gitmap\cmd\commitin\workspace\source.go|123|return without blank line|return headErr == nil && objErr == nil
.\gitmap\cmd\commitin\workspace\source.go|132|return without blank line|return strings.TrimSuffix(last, constants.CommitInUrlSuffixGit)
.\gitmap\cmd\commitin\workspace\source.go|138|return without blank line|return gitRunner("clone", url, target)
.\gitmap\cmd\commitin\workspace\source.go|144|return without blank line|return gitRunner("-C", dir, "init")
.\gitmap\cmd\commitin\workspace\source.go|41|monolithic function|length 19
.\gitmap\cmd\commitin\workspace\workspace_test.go|102|return without blank line|return nil
.\gitmap\cmd\commitin\workspace\workspace_test.go|191|return without blank line|return os.MkdirAll(args[1], 0o755)
.\gitmap\cmd\commitin\workspace\workspace_test.go|193|return without blank line|return nil
.\gitmap\cmd\commitin\workspace\workspace_test.go|238|return without blank line|return out
.\gitmap\cmd\commitin\workspace\workspace_test.go|14|monolithic function|length 18
.\gitmap\cmd\commitin\workspace\workspace_test.go|95|monolithic function|length 26
.\gitmap\cmd\commitin\workspace\workspace_test.go|124|monolithic function|length 24
.\gitmap\cmd\commitin\workspace\workspace_test.go|186|monolithic function|length 38
.\gitmap\cmd\gitmap-node-join\main.go|20|monolithic function|length 36
.\gitmap\cmd\gitmap-node-join\main.go|58|monolithic function|length 24
.\gitmap\cmd\gitmap-node-join\main.go|84|monolithic function|length 17
.\gitmap\committransfer\count_parity_e2e_test.go|21|monolithic function|length 35
.\gitmap\committransfer\count_parity_e2e_test.go|61|monolithic function|length 31
.\gitmap\committransfer\count_parity_e2e_test.go|126|monolithic function|length 16
.\gitmap\committransfer\git.go|20|return without blank line|return trimmed, fmt.Errorf("git %s: %w (%s)", strings.Join(args, " "), err, trimmed)
.\gitmap\committransfer\git.go|31|return without blank line|return name, nil
.\gitmap\committransfer\git.go|43|return without blank line|return "", nil
.\gitmap\committransfer\git.go|63|return without blank line|return nil, err
.\gitmap\committransfer\git.go|66|return without blank line|return nil, nil
.\gitmap\committransfer\git.go|121|return without blank line|return "", fmt.Errorf("git commit: %w (%s)", err, strings.TrimSpace(string(out)))
.\gitmap\committransfer\git.go|148|return without blank line|return strings.TrimSpace(author), ""
.\gitmap\committransfer\git.go|173|return without blank line|return gitOut(dir, "push")
.\gitmap\committransfer\git.go|182|return without blank line|return gitOut(dir, "log", "--format=%B%n---commit-sep---")
.\gitmap\committransfer\git.go|51|monolithic function|length 19
.\gitmap\committransfer\git.go|76|monolithic function|length 20
.\gitmap\committransfer\interleave.go|27|return without blank line|return fmt.Errorf("interleave plan L→R: %w", err)
.\gitmap\committransfer\interleave.go|31|return without blank line|return fmt.Errorf("interleave plan R→L: %w", err)
.\gitmap\committransfer\interleave.go|61|return without blank line|return stream[i].Commit.AuthorAt.Before(stream[j].Commit.AuthorAt)
.\gitmap\committransfer\interleave.go|77|return without blank line|return nil
.\gitmap\committransfer\interleave.go|110|return without blank line|return fmt.Errorf("interleave step %d (%s %s): %w",
.\gitmap\committransfer\interleave.go|24|monolithic function|length 18
.\gitmap\committransfer\interleave.go|96|monolithic function|length 28
.\gitmap\committransfer\interleave_test.go|11|monolithic function|length 31
.\gitmap\committransfer\interleave_test.go|47|monolithic function|length 19
.\gitmap\committransfer\log.go|51|return without blank line|return s[:i]
.\gitmap\committransfer\log.go|102|return without blank line|return false
.\gitmap\committransfer\log.go|106|return without blank line|return true
.\gitmap\committransfer\log.go|12|monolithic function|length 21
.\gitmap\committransfer\log.go|75|monolithic function|length 19
.\gitmap\committransfer\log_test.go|12|monolithic function|length 34
.\gitmap\committransfer\message.go|31|return without blank line|return CleanResult{Skipped: "drop-pattern " + reason}
.\gitmap\committransfer\message.go|36|return without blank line|return CleanResult{Skipped: "cleaned-empty"}
.\gitmap\committransfer\message.go|58|return without blank line|return pat
.\gitmap\committransfer\message.go|88|return without blank line|return subject
.\gitmap\committransfer\message.go|93|return without blank line|return "fix: " + stripLeadingVerb(subject)
.\gitmap\committransfer\message.go|95|return without blank line|return "feat: " + stripLeadingVerb(subject)
.\gitmap\committransfer\message.go|106|return without blank line|return true
.\gitmap\committransfer\message.go|118|return without blank line|return subject
.\gitmap\committransfer\message.go|128|return without blank line|return subject
.\gitmap\committransfer\message.go|29|monolithic function|length 18
.\gitmap\committransfer\plan.go|13|return without blank line|return ReplayPlan{}, fmt.Errorf("read source HEAD ref: %w", err)
.\gitmap\committransfer\plan.go|17|return without blank line|return ReplayPlan{}, err
.\gitmap\committransfer\plan.go|21|return without blank line|return ReplayPlan{}, fmt.Errorf("rev-list source: %w", err)
.\gitmap\committransfer\plan.go|49|return without blank line|return 0
.\gitmap\committransfer\plan.go|53|return without blank line|return 0
.\gitmap\committransfer\plan.go|57|return without blank line|return 0
.\gitmap\committransfer\plan.go|67|return without blank line|return since, nil
.\gitmap\committransfer\plan.go|90|return without blank line|return plan, err
.\gitmap\committransfer\plan.go|107|return without blank line|return SourceCommit{}, fmt.Errorf("read commit %s: %w", sha, err)
.\gitmap\committransfer\plan.go|132|return without blank line|return len(cause) >= len("drop-pattern") && cause[:len("drop-pattern")] == "drop-pattern"
.\gitmap\committransfer\plan.go|10|monolithic function|length 31
.\gitmap\committransfer\plan.go|104|monolithic function|length 24
.\gitmap\committransfer\plan_idempotence_test.go|39|return without blank line|return base.Add(time.Duration(offset) * time.Second).Format(time.RFC3339)
.\gitmap\committransfer\plan_idempotence_test.go|26|monolithic function|length 57
.\gitmap\committransfer\plan_idempotence_test.go|89|monolithic function|length 17
.\gitmap\committransfer\replay.go|20|return without blank line|return ReplayResult{}, nil
.\gitmap\committransfer\replay.go|35|return without blank line|return res, fmt.Errorf("commit %d/%d (%s): %w",
.\gitmap\committransfer\replay.go|64|return without blank line|return "", false, fmt.Errorf("checkout source %s: %w", commit.ShortSHA, err)
.\gitmap\committransfer\replay.go|67|return without blank line|return "", false, fmt.Errorf("snapshot copy: %w", err)
.\gitmap\committransfer\replay.go|70|return without blank line|return "", false, nil
.\gitmap\committransfer\replay.go|73|return without blank line|return "", false, fmt.Errorf("git add -A target: %w", err)
.\gitmap\committransfer\replay.go|76|return without blank line|return "", true, nil
.\gitmap\committransfer\replay.go|106|return without blank line|return err
.\gitmap\committransfer\replay.go|110|return without blank line|return relErr
.\gitmap\committransfer\replay.go|113|return without blank line|return filepath.SkipDir
.\gitmap\committransfer\replay.go|116|return without blank line|return nil
.\gitmap\committransfer\replay.go|119|return without blank line|return nil
.\gitmap\committransfer\replay.go|126|return without blank line|return walkErr
.\gitmap\committransfer\replay.go|129|return without blank line|return mirrorPrune(target, wanted, opts)
.\gitmap\committransfer\replay.go|138|return without blank line|return false
.\gitmap\committransfer\replay.go|142|return without blank line|return true
.\gitmap\committransfer\replay.go|145|return without blank line|return true
.\gitmap\committransfer\replay.go|154|return without blank line|return err
.\gitmap\committransfer\replay.go|158|return without blank line|return err
.\gitmap\committransfer\replay.go|163|return without blank line|return err
.\gitmap\committransfer\replay.go|174|return without blank line|return filepath.Walk(target, func(path string, info os.FileInfo, err error) error {
.\gitmap\committransfer\replay.go|176|return without blank line|return err
.\gitmap\committransfer\replay.go|180|return without blank line|return relErr
.\gitmap\committransfer\replay.go|183|return without blank line|return filepath.SkipDir
.\gitmap\committransfer\replay.go|186|return without blank line|return nil
.\gitmap\committransfer\replay.go|189|return without blank line|return nil
.\gitmap\committransfer\replay.go|192|return without blank line|return os.Remove(path)
.\gitmap\committransfer\replay.go|18|monolithic function|length 36
.\gitmap\committransfer\replay.go|62|monolithic function|length 19
.\gitmap\committransfer\replay.go|102|monolithic function|length 31
.\gitmap\committransfer\replay.go|152|monolithic function|length 17
.\gitmap\committransfer\replay.go|173|monolithic function|length 24
.\gitmap\committransfer\run.go|15|return without blank line|return runOneDirection(sourceDir, targetDir, opts)
.\gitmap\committransfer\run.go|22|return without blank line|return false
.\gitmap\committransfer\runleftboth.go|35|return without blank line|return fmt.Errorf("left→right pass: %w", err)
.\gitmap\committransfer\runleftboth.go|40|return without blank line|return fmt.Errorf("right→left pass: %w", err)
.\gitmap\committransfer\runleftboth.go|52|return without blank line|return fmt.Errorf("build plan: %w", err)
.\gitmap\committransfer\runleftboth.go|49|monolithic function|length 28
.\gitmap\committransfer\runleftboth_test.go|10|monolithic function|length 23
.\gitmap\committransfer\runleftboth_test.go|39|monolithic function|length 19
.\gitmap\committransfer\signal.go|29|monolithic function|length 22
.\gitmap\committransfer\signal.go|55|monolithic function|length 19
.\gitmap\completion\bash.go|5|return without blank line|return `_gitmap_completions() {
.\gitmap\completion\bash.go|4|monolithic function|length 118
.\gitmap\completion\cdfunction.go|17|return without blank line|return fmt.Errorf(constants.ErrCompUnknownShell, shell)
.\gitmap\completion\cdfunction.go|20|return without blank line|return installPowerShellCDFunction(snippet)
.\gitmap\completion\cdfunction.go|28|return without blank line|return err
.\gitmap\completion\cdfunction.go|31|return without blank line|return nil
.\gitmap\completion\cdfunction.go|40|return without blank line|return err
.\gitmap\completion\cdfunction.go|60|return without blank line|return constants.CDFuncPowerShell
.\gitmap\completion\cdfunction.go|62|return without blank line|return constants.CDFuncBash
.\gitmap\completion\cdfunction.go|64|return without blank line|return constants.CDFuncZsh
.\gitmap\completion\cdfunction.go|66|return without blank line|return ""
.\gitmap\completion\cdfunction.go|74|return without blank line|return resolvePowerShellProfilePaths()
.\gitmap\completion\cdfunction.go|77|return without blank line|return []string{filepath.Join(home, ".bashrc")}
.\gitmap\completion\cdfunction.go|80|return without blank line|return []string{filepath.Join(home, ".zshrc")}
.\gitmap\completion\cdfunction.go|88|return without blank line|return err
.\gitmap\completion\cdfunction.go|98|return without blank line|return fmt.Errorf(constants.ErrCompProfileWrite, profilePath, err)
.\gitmap\completion\cdfunction.go|103|return without blank line|return updateExistingCDFunction(string(existing), snippet, profilePath)
.\gitmap\completion\cdfunction.go|108|return without blank line|return fmt.Errorf(constants.ErrCompProfileWrite, profilePath, err)
.\gitmap\completion\cdfunction.go|114|return without blank line|return fmt.Errorf(constants.ErrCompProfileWrite, profilePath, err)
.\gitmap\completion\cdfunction.go|131|return without blank line|return fmt.Errorf(constants.ErrCompProfileWrite, profilePath, writeErr)
.\gitmap\completion\cdfunction.go|139|return without blank line|return strings.Contains(text, constants.CDFuncMarker) &&
.\gitmap\completion\cdfunction.go|144|return without blank line|return strings.Contains(text, constants.CDFuncMarkerEnd) ||
.\gitmap\completion\cdfunction.go|151|return without blank line|return text
.\gitmap\completion\cdfunction.go|155|return without blank line|return text
.\gitmap\completion\cdfunction.go|166|return without blank line|return text
.\gitmap\completion\cdfunction.go|170|return without blank line|return text
.\gitmap\completion\cdfunction.go|180|return without blank line|return text
.\gitmap\completion\cdfunction.go|183|return without blank line|return text[:start] + desired + after
.\gitmap\completion\cdfunction.go|199|return without blank line|return text
.\gitmap\completion\cdfunction.go|203|return without blank line|return text
.\gitmap\completion\cdfunction.go|212|return without blank line|return block + "\n"
.\gitmap\completion\cdfunction.go|222|return without blank line|return current, constants.CDFuncMarkerEnd
.\gitmap\completion\cdfunction.go|224|return without blank line|return legacy, constants.CDFuncMarkerEndLegacy
.\gitmap\completion\cdfunction.go|96|monolithic function|length 24
.\gitmap\completion\cdfunction.go|163|monolithic function|length 24
.\gitmap\completion\cdfunction_test.go|226|return without blank line|return count
.\gitmap\completion\cdfunction_test.go|12|monolithic function|length 67
.\gitmap\completion\cdfunction_test.go|81|monolithic function|length 29
.\gitmap\completion\cdfunction_test.go|112|monolithic function|length 23
.\gitmap\completion\cdfunction_test.go|137|monolithic function|length 20
.\gitmap\completion\cdfunction_test.go|159|monolithic function|length 16
.\gitmap\completion\cdfunction_test.go|177|monolithic function|length 21
.\gitmap\completion\completion.go|35|return without blank line|return generatePowerShell(), nil
.\gitmap\completion\completion.go|37|return without blank line|return generateBash(), nil
.\gitmap\completion\completion.go|39|return without blank line|return generateZsh(), nil
.\gitmap\completion\completion.go|41|return without blank line|return "", fmt.Errorf(constants.ErrCompUnknownShell, shell)
.\gitmap\completion\completion.go|51|monolithic function|length 19
.\gitmap\completion\completion_test.go|87|monolithic function|length 21
.\gitmap\completion\detect.go|12|return without blank line|return detectWindowsShell()
.\gitmap\completion\detect.go|22|return without blank line|return "powershell"
.\gitmap\completion\detect.go|32|return without blank line|return "zsh"
.\gitmap\completion\detect.go|35|return without blank line|return "bash"
.\gitmap\completion\detect.go|40|return without blank line|return "powershell"
.\gitmap\completion\dynamic.go|32|return without blank line|return filterByPrefix(AllCommands(), currentWord(argv, cword))
.\gitmap\completion\dynamic.go|39|return without blank line|return filterByPrefix(localGitDirs("."), prefix)
.\gitmap\completion\dynamic.go|41|return without blank line|return filterByPrefix(chromeProfileNames(), prefix)
.\gitmap\completion\dynamic.go|43|return without blank line|return filterByPrefix(AllCommands(), prefix)
.\gitmap\completion\dynamic.go|57|return without blank line|return ""
.\gitmap\completion\dynamic.go|59|return without blank line|return argv[cword]
.\gitmap\completion\dynamic.go|64|return without blank line|return in
.\gitmap\completion\dynamic.go|72|return without blank line|return out
.\gitmap\completion\dynamic.go|78|return without blank line|return true
.\gitmap\completion\dynamic.go|80|return without blank line|return false
.\gitmap\completion\dynamic.go|89|return without blank line|return nil
.\gitmap\completion\dynamic.go|99|return without blank line|return out
.\gitmap\completion\dynamic.go|108|return without blank line|return nil
.\gitmap\completion\dynamic.go|112|return without blank line|return nil
.\gitmap\completion\dynamic.go|125|return without blank line|return out
.\gitmap\completion\dynamic.go|130|return without blank line|return filepath.Join(v, "Google", "Chrome", "User Data")
.\gitmap\completion\dynamic.go|134|return without blank line|return ""
.\gitmap\completion\dynamic.go|142|return without blank line|return candidate
.\gitmap\completion\dynamic.go|145|return without blank line|return ""
.\gitmap\completion\dynamic.go|105|monolithic function|length 21
.\gitmap\completion\dynamic.go|128|monolithic function|length 18
.\gitmap\completion\install.go|28|return without blank line|return err
.\gitmap\completion\install.go|40|return without blank line|return resolvePowerShellPaths()
.\gitmap\completion\install.go|42|return without blank line|return resolveBashPaths()
.\gitmap\completion\install.go|44|return without blank line|return resolveZshPaths()
.\gitmap\completion\install.go|71|return without blank line|return paths[0]
.\gitmap\completion\install.go|122|return without blank line|return nil
.\gitmap\completion\install.go|183|return without blank line|return err
.\gitmap\completion\install.go|198|return without blank line|return err
.\gitmap\completion\install.go|209|return without blank line|return err
.\gitmap\completion\install.go|219|return without blank line|return fmt.Errorf(constants.ErrCompProfileWrite, profilePath, err)
.\gitmap\completion\install.go|231|return without blank line|return fmt.Errorf(constants.ErrCompProfileWrite, profilePath, err)
.\gitmap\completion\install.go|237|return without blank line|return fmt.Errorf(constants.ErrCompProfileWrite, profilePath, err)
.\gitmap\completion\install.go|248|return without blank line|return fmt.Sprintf(". '%s'", scriptPath)
.\gitmap\completion\install.go|120|monolithic function|length 21
.\gitmap\completion\install.go|144|monolithic function|length 16
.\gitmap\completion\install.go|216|monolithic function|length 27
.\gitmap\completion\install_test.go|12|monolithic function|length 18
.\gitmap\completion\install_test.go|32|monolithic function|length 17
.\gitmap\completion\powershell.go|5|return without blank line|return `Register-ArgumentCompleter -CommandName gitmap -ScriptBlock {
.\gitmap\completion\powershell.go|4|monolithic function|length 224
.\gitmap\completion\vscodepmsync_completion_test.go|33|monolithic function|length 32
.\gitmap\completion\zsh.go|5|return without blank line|return `#compdef gitmap
.\gitmap\completion\zsh.go|4|monolithic function|length 157
.\gitmap\completion\internal\gencommands\main.go|91|return without blank line|return fmt.Errorf("glob constants dir: %w", err)
.\gitmap\completion\internal\gencommands\main.go|99|return without blank line|return fmt.Errorf("scan %s: %w", rel, err)
.\gitmap\completion\internal\gencommands\main.go|106|return without blank line|return nil
.\gitmap\completion\internal\gencommands\main.go|122|return without blank line|return nil, err
.\gitmap\completion\internal\gencommands\main.go|129|return without blank line|return nil, err
.\gitmap\completion\internal\gencommands\main.go|202|return without blank line|return nil, fmt.Errorf("glob constants dir: %w", err)
.\gitmap\completion\internal\gencommands\main.go|206|return without blank line|return nil, fmt.Errorf("no constants files found in %s", constantsDir)
.\gitmap\completion\internal\gencommands\main.go|213|return without blank line|return nil, fmt.Errorf("scan %s: %w", rel, err)
.\gitmap\completion\internal\gencommands\main.go|234|return without blank line|return err
.\gitmap\completion\internal\gencommands\main.go|241|return without blank line|return err
.\gitmap\completion\internal\gencommands\main.go|263|return without blank line|return false
.\gitmap\completion\internal\gencommands\main.go|268|return without blank line|return true
.\gitmap\completion\internal\gencommands\main.go|60|monolithic function|length 16
.\gitmap\completion\internal\gencommands\main.go|88|monolithic function|length 26
.\gitmap\completion\internal\gencommands\main.go|119|monolithic function|length 35
.\gitmap\completion\internal\gencommands\main.go|162|monolithic function|length 33
.\gitmap\completion\internal\gencommands\main.go|199|monolithic function|length 26
.\gitmap\completion\internal\gencommands\main.go|231|monolithic function|length 27
.\gitmap\completion\internal\gencommands\main.go|293|monolithic function|length 18
.\gitmap\completion\internal\gencommands\main.go|314|monolithic function|length 18
.\gitmap\config\config.go|84|return without blank line|return nil
.\gitmap\config\config.go|94|return without blank line|return cfg, err
.\gitmap\config\config.go|41|monolithic function|length 38
.\gitmap\config\config_test.go|102|return without blank line|return f.Name()
.\gitmap\config\config_test.go|37|monolithic function|length 20
.\gitmap\config\validate.go|70|monolithic function|length 17
.\gitmap\config\validate_shape.go|71|return without blank line|return "string"
.\gitmap\config\validate_shape.go|73|return without blank line|return "number"
.\gitmap\config\validate_shape.go|75|return without blank line|return "boolean"
.\gitmap\config\validate_shape.go|77|return without blank line|return "object"
.\gitmap\config\validate_shape.go|79|return without blank line|return "array"
.\gitmap\config\validate_shape.go|100|return without blank line|return nil
.\gitmap\config\validate_shape.go|143|return without blank line|return kindString
.\gitmap\config\validate_shape.go|145|return without blank line|return kindObject
.\gitmap\config\validate_shape.go|147|return without blank line|return kindArray
.\gitmap\config\validate_shape.go|149|return without blank line|return kindBool
.\gitmap\config\validate_shape.go|175|return without blank line|return nil
.\gitmap\config\validate_shape.go|190|return without blank line|return violations
.\gitmap\config\validate_shape.go|201|return without blank line|return violations
.\gitmap\config\validate_shape.go|90|monolithic function|length 17
.\gitmap\config\validate_shape.go|113|monolithic function|length 18
.\gitmap\config\validate_shape.go|137|monolithic function|length 45
.\gitmap\config\validate_shape_test.go|72|monolithic function|length 19
.\gitmap\config\validate_shape_test.go|151|monolithic function|length 16
.\gitmap\config\validate_test.go|53|monolithic function|length 26
.\gitmap\config\validate_test.go|84|monolithic function|length 16
.\gitmap\constants\cmd_constants_parity_test.go|218|return without blank line|return false
.\gitmap\constants\cmd_constants_parity_test.go|222|return without blank line|return true
.\gitmap\constants\cmd_constants_parity_test.go|31|monolithic function|length 21
.\gitmap\constants\cmd_constants_parity_test.go|60|monolithic function|length 22
.\gitmap\constants\cmd_constants_parity_test.go|84|monolithic function|length 31
.\gitmap\constants\cmd_constants_parity_test.go|117|monolithic function|length 28
.\gitmap\constants\cmd_constants_parity_test.go|149|monolithic function|length 18
.\gitmap\constants\cmd_constants_parity_test.go|169|monolithic function|length 19
.\gitmap\constants\cmd_constants_parity_test.go|190|monolithic function|length 24
.\gitmap\constants\cmd_constants_test.go|14|return without blank line|return map[string]string{
.\gitmap\constants\cmd_constants_test.go|13|monolithic function|length 341
.\gitmap\constants\constants_cd.go|92|return without blank line|return $status
.\gitmap\constants\constants_cd.go|105|return without blank line|return $status
.\gitmap\constants\constants_cd.go|110|return without blank line|return 0
.\gitmap\constants\constants_cd.go|125|return without blank line|return $status
.\gitmap\constants\constants_cd.go|140|return without blank line|return $status
.\gitmap\constants\constants_cd.go|154|return without blank line|return $status
.\gitmap\constants\constants_cd.go|159|return without blank line|return 0
.\gitmap\constants\constants_cd.go|174|return without blank line|return $status
.\gitmap\constants\constants_cd.go|204|return without blank line|return $cmd.Source
.\gitmap\constants\constants_cd.go|208|return without blank line|return $cmd.Source
.\gitmap\constants\constants_cd.go|210|return without blank line|return $null
.\gitmap\constants\constants_cd.go|213|monolithic function|length 37
.\gitmap\constants\constants_clonefrom_csvaliases.go|61|return without blank line|return CSVColumnAliases[normalizeHeader(rawHeader)]
.\gitmap\constants\constants_clonefrom_csvaliases_test.go|9|monolithic function|length 41
.\gitmap\constants\constants_helpdashboard_test.go|12|monolithic function|length 16
.\gitmap\constants\constants_pathsnippet.go|52|return without blank line|return $null
.\gitmap\constants\constants_pathsnippet.go|60|monolithic function|length 28
.\gitmap\crypto\encrypt.go|16|return without blank line|return "", err
.\gitmap\crypto\encrypt.go|21|return without blank line|return "", err
.\gitmap\crypto\encrypt.go|26|return without blank line|return "", err
.\gitmap\crypto\encrypt.go|30|return without blank line|return base64.StdEncoding.EncodeToString(ciphertext), nil
.\gitmap\crypto\encrypt.go|37|return without blank line|return nil, err
.\gitmap\crypto\encrypt.go|42|return without blank line|return nil, err
.\gitmap\crypto\encrypt.go|47|return without blank line|return nil, err
.\gitmap\crypto\encrypt.go|52|return without blank line|return nil, errors.New("ciphertext too short")
.\gitmap\crypto\encrypt.go|58|return without blank line|return nil, err
.\gitmap\crypto\encrypt.go|13|monolithic function|length 18
.\gitmap\crypto\encrypt.go|34|monolithic function|length 28
.\gitmap\crypto\encrypt_test.go|8|monolithic function|length 17
.\gitmap\crypto\ssh_client.go|17|return without blank line|return ssh.Dial("tcp", fmt.Sprintf("%s:22", ip), config)
.\gitmap\crypto\ssh_client.go|24|return without blank line|return nil, err
.\gitmap\crypto\ssh_client.go|32|return without blank line|return ssh.Dial("tcp", fmt.Sprintf("%s:22", ip), config)
.\gitmap\crypto\ssh_client.go|38|return without blank line|return nil, fmt.Errorf("read private key: %w", err)
.\gitmap\crypto\ssh_client.go|43|return without blank line|return nil, fmt.Errorf("parse private key: %w", err)
.\gitmap\crypto\ssh_client.go|53|return without blank line|return "", err
.\gitmap\crypto\ssh_client.go|60|return without blank line|return string(out), fmt.Errorf("command execution failed: %w (output: %s)", err, string(out))
.\gitmap\crypto\ssh_client.go|68|return without blank line|return fmt.Sprintf("cmd.exe /c \"%s\"", cmd)
.\gitmap\crypto\ssh_client.go|72|return without blank line|return fmt.Sprintf("powershell -NoProfile -Command \"%s\"", cmd)
.\gitmap\crypto\ssh_client.go|74|return without blank line|return cmd
.\gitmap\dashboard\aggregate.go|27|return without blank line|return collectAuthors(index)
.\gitmap\dashboard\aggregate.go|44|return without blank line|return &authorAcc{
.\gitmap\dashboard\aggregate.go|68|return without blank line|return authors
.\gitmap\dashboard\aggregate.go|74|return without blank line|return authors[i].TotalCommits > authors[j].TotalCommits
.\gitmap\dashboard\aggregate.go|117|return without blank line|return "-W1"
.\gitmap\dashboard\aggregate.go|120|return without blank line|return "-W2"
.\gitmap\dashboard\aggregate.go|123|return without blank line|return "-W3"
.\gitmap\dashboard\aggregate.go|125|return without blank line|return "-W4"
.\gitmap\dashboard\aggregate.go|134|return without blank line|return tagMap
.\gitmap\dashboard\aggregate.go|140|return without blank line|return matched
.\gitmap\dashboard\aggregate.go|142|return without blank line|return tagMap[commit.ShortSHA]
.\gitmap\dashboard\aggregate.go|153|return without blank line|return commits
.\gitmap\dashboard\aggregate.go|158|return without blank line|return strings.Contains(parents, " ")
.\gitmap\dashboard\collector.go|27|return without blank line|return model.DashboardData{}, fmt.Errorf(constants.ErrDashCollect, err)
.\gitmap\dashboard\collector.go|45|return without blank line|return opts
.\gitmap\dashboard\collector.go|50|return without blank line|return time.Now().UTC().AddDate(0, 0, -7).Format("2006-01-02")
.\gitmap\dashboard\collector.go|62|return without blank line|return model.DashboardData{
.\gitmap\dashboard\collector.go|74|return without blank line|return model.DashboardMeta{
.\gitmap\dashboard\collector.go|93|return without blank line|return ""
.\gitmap\dashboard\collector.go|95|return without blank line|return strings.TrimSpace(out)
.\gitmap\dashboard\collector.go|103|return without blank line|return ""
.\gitmap\dashboard\collector.go|105|return without blank line|return strings.TrimSpace(out)
.\gitmap\dashboard\collector.go|112|return without blank line|return nil, err
.\gitmap\dashboard\collector.go|114|return without blank line|return parseCommitLog(raw), nil
.\gitmap\dashboard\collector.go|121|return without blank line|return nil
.\gitmap\dashboard\collector.go|123|return without blank line|return parseBranchLines(lines)
.\gitmap\dashboard\collector.go|130|return without blank line|return nil
.\gitmap\dashboard\collector.go|132|return without blank line|return parseTagLines(repoPath, lines)
.\gitmap\dashboard\collector_test.go|53|monolithic function|length 17
.\gitmap\dashboard\gitquery.go|17|return without blank line|return nil, err
.\gitmap\dashboard\gitquery.go|28|return without blank line|return nil, err
.\gitmap\dashboard\gitquery.go|39|return without blank line|return "", err
.\gitmap\dashboard\gitquery.go|57|return without blank line|return args
.\gitmap\dashboard\gitquery.go|65|return without blank line|return 0
.\gitmap\dashboard\gitquery.go|69|return without blank line|return count
.\gitmap\dashboard\gitquery.go|76|return without blank line|return baseName(repoPath)
.\gitmap\dashboard\gitquery.go|87|return without blank line|return parts[len(parts)-1]
.\gitmap\dashboard\gitquery.go|99|return without blank line|return "", err
.\gitmap\dashboard\gitquery.go|125|return without blank line|return path[idx+1:]
.\gitmap\dashboard\parse.go|22|return without blank line|return commits
.\gitmap\dashboard\parse.go|29|return without blank line|return model.CommitInfo{}, false
.\gitmap\dashboard\parse.go|33|return without blank line|return model.CommitInfo{}, false
.\gitmap\dashboard\parse.go|36|return without blank line|return makeCommitInfo(fields, files, ins, del), true
.\gitmap\dashboard\parse.go|41|return without blank line|return model.CommitInfo{
.\gitmap\dashboard\parse.go|68|return without blank line|return files, ins, del
.\gitmap\dashboard\parse.go|85|return without blank line|return branches
.\gitmap\dashboard\parse.go|97|return without blank line|return tags
.\gitmap\dashboard\parse.go|107|return without blank line|return model.TagInfo{
.\gitmap\dashboard\parse.go|118|return without blank line|return queryTagDistance(repoPath, nextFields[0], field)
.\gitmap\dashboard\parse.go|120|return without blank line|return 0
.\gitmap\dashboard\writer.go|23|return without blank line|return "", err
.\gitmap\dashboard\writer.go|29|return without blank line|return "", err
.\gitmap\dashboard\writer.go|33|return without blank line|return "", err
.\gitmap\dashboard\writer.go|43|return without blank line|return nil, err
.\gitmap\dashboard\writer.go|48|return without blank line|return nil, err
.\gitmap\dashboard\writer.go|57|return without blank line|return "", err
.\gitmap\dashboard\writer.go|62|return without blank line|return "", err
.\gitmap\dashboard\writer.go|67|return without blank line|return "", err
.\gitmap\dashboard\writer.go|77|return without blank line|return ""
.\gitmap\dashboard\writer.go|83|return without blank line|return fmt.Sprintf("%d B", size)
.\gitmap\dashboard\writer.go|21|monolithic function|length 16
.\gitmap\dashboard\writer.go|55|monolithic function|length 16
.\gitmap\dashboard\writer_test.go|14|return without blank line|return model.DashboardData{
.\gitmap\db\clusterexecresult.go|28|return without blank line|return nil
.\gitmap\db\clusterexecresult.go|32|return without blank line|return &capped
.\gitmap\db\clusterexecresult.go|34|return without blank line|return s
.\gitmap\db\clusterexecresult.go|62|return without blank line|return 0, fmt.Errorf("failed to insert ClusterExecResult: %w", err)
.\gitmap\db\clusterexecresult.go|67|return without blank line|return 0, fmt.Errorf("failed to get last insert id for ClusterExecResult: %w", err)
.\gitmap\db\clusterexecresult.go|101|return without blank line|return fmt.Errorf("failed to update ClusterExecResult %d: %w", result.ClusterExecResultId, err)
.\gitmap\db\clusterexecresult.go|118|return without blank line|return nil, fmt.Errorf("failed to query ClusterExecResults for run %d: %w", runId, err)
.\gitmap\db\clusterexecresult.go|141|return without blank line|return nil, fmt.Errorf("failed to scan ClusterExecResult: %w", err)
.\gitmap\db\clusterexecresult.go|147|return without blank line|return nil, fmt.Errorf("error iterating over ClusterExecResults: %w", err)
.\gitmap\db\clusterexecresult.go|37|monolithic function|length 34
.\gitmap\db\clusterexecresult.go|73|monolithic function|length 32
.\gitmap\db\clusterexecresult.go|107|monolithic function|length 44
.\gitmap\db\clusternode.go|45|return without blank line|return fmt.Errorf("failed to upsert ClusterNode: %w", err)
.\gitmap\db\clusternode.go|47|return without blank line|return nil
.\gitmap\db\clusternode.go|59|return without blank line|return nil, fmt.Errorf("failed to query ClusterNodes: %w", err)
.\gitmap\db\clusternode.go|71|return without blank line|return nil, fmt.Errorf("failed to scan ClusterNode: %w", err)
.\gitmap\db\clusternode.go|76|return without blank line|return nil, err
.\gitmap\db\clusternode.go|78|return without blank line|return nodes, nil
.\gitmap\db\clusternode.go|95|return without blank line|return ClusterNode{}, fmt.Errorf("ClusterNode not found: %s", id)
.\gitmap\db\clusternode.go|98|return without blank line|return ClusterNode{}, fmt.Errorf("failed to scan ClusterNode: %w", err)
.\gitmap\db\clusternode.go|100|return without blank line|return n, nil
.\gitmap\db\clusternode.go|107|return without blank line|return fmt.Errorf("failed to update password hash for node %s: %w", id, err)
.\gitmap\db\clusternode.go|109|return without blank line|return nil
.\gitmap\db\clusternode.go|116|return without blank line|return fmt.Errorf("failed to delete node %s: %w", id, err)
.\gitmap\db\clusternode.go|118|return without blank line|return nil
.\gitmap\db\clusternode.go|125|return without blank line|return 0, fmt.Errorf("failed to delete ClusterRuns: %w", err)
.\gitmap\db\clusternode.go|127|return without blank line|return res.RowsAffected()
.\gitmap\db\clusternode.go|143|return without blank line|return stats, err
.\gitmap\db\clusternode.go|148|return without blank line|return stats, err
.\gitmap\db\clusternode.go|153|return without blank line|return stats, err
.\gitmap\db\clusternode.go|158|return without blank line|return stats, err
.\gitmap\db\clusternode.go|163|return without blank line|return stats, err
.\gitmap\db\clusternode.go|24|monolithic function|length 24
.\gitmap\db\clusternode.go|50|monolithic function|length 29
.\gitmap\db\clusternode.go|81|monolithic function|length 20
.\gitmap\db\clusternode.go|138|monolithic function|length 29
.\gitmap\db\clusterrun.go|46|return without blank line|return 0, fmt.Errorf("failed to insert ClusterRun: %w", err)
.\gitmap\db\clusterrun.go|51|return without blank line|return 0, fmt.Errorf("failed to get last insert id: %w", err)
.\gitmap\db\clusterrun.go|65|return without blank line|return fmt.Errorf("failed to update ClusterRun %d: %w", id, err)
.\gitmap\db\clusterrun.go|97|return without blank line|return ClusterRun{}, fmt.Errorf("ClusterRun not found for RunRef %s: %w", runRef, err)
.\gitmap\db\clusterrun.go|100|return without blank line|return ClusterRun{}, fmt.Errorf("failed to scan ClusterRun: %w", err)
.\gitmap\db\clusterrun.go|120|return without blank line|return nil, fmt.Errorf("failed to query ClusterRuns: %w", err)
.\gitmap\db\clusterrun.go|142|return without blank line|return nil, fmt.Errorf("failed to scan ClusterRun: %w", err)
.\gitmap\db\clusterrun.go|148|return without blank line|return nil, fmt.Errorf("error iterating over ClusterRuns: %w", err)
.\gitmap\db\clusterrun.go|25|monolithic function|length 30
.\gitmap\db\clusterrun.go|71|monolithic function|length 33
.\gitmap\db\clusterrun.go|106|monolithic function|length 46
.\gitmap\db\clusterrun_test.go|32|monolithic function|length 103
.\gitmap\db\enums.go|28|return without blank line|return "PsCommand"
.\gitmap\db\enums.go|30|return without blank line|return "CmdCommand"
.\gitmap\db\enums.go|32|return without blank line|return "Install"
.\gitmap\db\enums.go|34|return without blank line|return "GitPull"
.\gitmap\db\enums.go|36|return without blank line|return "GitPush"
.\gitmap\db\enums.go|38|return without blank line|return "GitCommit"
.\gitmap\db\enums.go|40|return without blank line|return "GitStatus"
.\gitmap\db\enums.go|42|return without blank line|return "ProjRun"
.\gitmap\db\enums.go|44|return without blank line|return "ProjCreateCICD"
.\gitmap\db\enums.go|46|return without blank line|return "Restart"
.\gitmap\db\enums.go|48|return without blank line|return "Shutdown"
.\gitmap\db\enums.go|50|return without blank line|return "Logoff"
.\gitmap\db\enums.go|52|return without blank line|return fmt.Sprintf("CommandKindType(%d)", int(k))
.\gitmap\db\enums.go|59|return without blank line|return CommandKindPsCommand, nil
.\gitmap\db\enums.go|61|return without blank line|return CommandKindCmdCommand, nil
.\gitmap\db\enums.go|63|return without blank line|return CommandKindInstall, nil
.\gitmap\db\enums.go|65|return without blank line|return CommandKindGitPull, nil
.\gitmap\db\enums.go|67|return without blank line|return CommandKindGitPush, nil
.\gitmap\db\enums.go|69|return without blank line|return CommandKindGitCommit, nil
.\gitmap\db\enums.go|71|return without blank line|return CommandKindGitStatus, nil
.\gitmap\db\enums.go|73|return without blank line|return CommandKindProjRun, nil
.\gitmap\db\enums.go|75|return without blank line|return CommandKindProjCreateCICD, nil
.\gitmap\db\enums.go|77|return without blank line|return CommandKindRestart, nil
.\gitmap\db\enums.go|79|return without blank line|return CommandKindShutdown, nil
.\gitmap\db\enums.go|81|return without blank line|return CommandKindLogoff, nil
.\gitmap\db\enums.go|83|return without blank line|return 0, fmt.Errorf("invalid CommandKind: %s", s)
.\gitmap\db\enums.go|101|return without blank line|return "Pending"
.\gitmap\db\enums.go|103|return without blank line|return "Succeeded"
.\gitmap\db\enums.go|105|return without blank line|return "Failed"
.\gitmap\db\enums.go|107|return without blank line|return "Skipped"
.\gitmap\db\enums.go|109|return without blank line|return "Deferred"
.\gitmap\db\enums.go|111|return without blank line|return "RequiresAuth"
.\gitmap\db\enums.go|113|return without blank line|return fmt.Sprintf("ResultStatusType(%d)", int(s))
.\gitmap\db\enums.go|120|return without blank line|return ResultStatusPending, nil
.\gitmap\db\enums.go|122|return without blank line|return ResultStatusSucceeded, nil
.\gitmap\db\enums.go|124|return without blank line|return ResultStatusFailed, nil
.\gitmap\db\enums.go|126|return without blank line|return ResultStatusSkipped, nil
.\gitmap\db\enums.go|128|return without blank line|return ResultStatusDeferred, nil
.\gitmap\db\enums.go|130|return without blank line|return ResultStatusRequiresAuth, nil
.\gitmap\db\enums.go|132|return without blank line|return 0, fmt.Errorf("invalid ResultStatus: %s", s)
.\gitmap\db\enums.go|25|monolithic function|length 29
.\gitmap\db\enums.go|56|monolithic function|length 29
.\gitmap\db\enums.go|98|monolithic function|length 17
.\gitmap\db\enums.go|117|monolithic function|length 17
.\gitmap\db\migrations.go|21|return without blank line|return fmt.Errorf("failed to read migrations dir: %w", err)
.\gitmap\db\migrations.go|31|return without blank line|return fmt.Errorf("failed to read migration %s: %w", entry.Name(), err)
.\gitmap\db\migrations.go|36|return without blank line|return fmt.Errorf("failed to execute migration %s: %w", entry.Name(), err)
.\gitmap\db\migrations.go|39|return without blank line|return nil
.\gitmap\db\migrations.go|18|monolithic function|length 22
.\gitmap\db\repocgversion.go|29|return without blank line|return err
.\gitmap\db\repocgversion.go|39|return without blank line|return nil, nil
.\gitmap\db\repocgversion.go|42|return without blank line|return nil, err
.\gitmap\db\repocgversion.go|44|return without blank line|return &v, nil
.\gitmap\db\sshconnection.go|40|return without blank line|return err
.\gitmap\db\sshconnection.go|47|return without blank line|return nil, err
.\gitmap\db\sshconnection.go|55|return without blank line|return nil, err
.\gitmap\db\sshconnection.go|59|return without blank line|return conns, rows.Err()
.\gitmap\db\sshconnection.go|65|return without blank line|return err
.\gitmap\db\sshconnection.go|19|monolithic function|length 22
.\gitmap\db\sshconnection.go|43|monolithic function|length 17
.\gitmap\db\zombiezen\adapter.go|39|return without blank line|return nil, fmt.Errorf("zombiezen sqlite adapter: %w", ErrNotEnabled)
.\gitmap\desktop\desktop.go|17|return without blank line|return addAll(records, summary, cli)
.\gitmap\desktop\remove.go|7|return without blank line|return nil
.\gitmap\desktop\resolve.go|24|return without blank line|return hit
.\gitmap\desktop\resolve.go|26|return without blank line|return resolveFromKnownInstalls()
.\gitmap\desktop\resolve.go|35|return without blank line|return candidate
.\gitmap\desktop\resolve.go|38|return without blank line|return ""
.\gitmap\desktop\resolve.go|46|return without blank line|return windowsCandidates()
.\gitmap\desktop\resolve.go|49|return without blank line|return darwinCandidates()
.\gitmap\desktop\resolve.go|51|return without blank line|return nil
.\gitmap\desktop\resolve.go|59|return without blank line|return nil
.\gitmap\desktop\resolve.go|65|return without blank line|return out
.\gitmap\desktop\resolve.go|72|return without blank line|return out
.\gitmap\desktop\resolve.go|84|return without blank line|return out
.\gitmap\desktop\resolve.go|90|return without blank line|return []string{
.\gitmap\desktop\resolve.go|56|monolithic function|length 17
.\gitmap\desktop\resolve_test.go|15|monolithic function|length 22
.\gitmap\desktop\resolve_test.go|56|monolithic function|length 16
.\gitmap\desktop\update_path.go|7|return without blank line|return nil
.\gitmap\desktop\update_path.go|9|return without blank line|return addOne(newPath, cli)
.\gitmap\detector\csharpparser.go|62|return without blank line|return ""
.\gitmap\detector\csharpparser.go|67|return without blank line|return ""
.\gitmap\detector\csharpparser.go|88|return without blank line|return nil
.\gitmap\detector\csharpparser.go|91|return without blank line|return filepath.SkipDir
.\gitmap\detector\csharpparser.go|107|return without blank line|return true
.\gitmap\detector\csharpparser.go|157|return without blank line|return nil
.\gitmap\detector\csharpparser.go|160|return without blank line|return filepath.SkipDir
.\gitmap\detector\csharpparser.go|182|return without blank line|return true
.\gitmap\detector\csharpparser.go|186|return without blank line|return true
.\gitmap\detector\csharpparser.go|84|monolithic function|length 18
.\gitmap\detector\csharpparser.go|131|monolithic function|length 19
.\gitmap\detector\csharpparser.go|153|monolithic function|length 23
.\gitmap\detector\detector.go|52|return without blank line|return nil
.\gitmap\detector\detector.go|55|return without blank line|return filepath.SkipDir
.\gitmap\detector\detector.go|58|return without blank line|return nil
.\gitmap\detector\detector.go|62|return without blank line|return nil
.\gitmap\detector\detector.go|79|return without blank line|return true
.\gitmap\detector\detector.go|82|return without blank line|return true
.\gitmap\detector\detector.go|85|return without blank line|return true
.\gitmap\detector\detector.go|88|return without blank line|return true
.\gitmap\detector\detector.go|122|return without blank line|return true
.\gitmap\detector\detector.go|126|return without blank line|return true
.\gitmap\detector\detector.go|137|return without blank line|return "."
.\gitmap\detector\detector.go|48|monolithic function|length 25
.\gitmap\detector\goparser.go|77|return without blank line|return runnables
.\gitmap\detector\goparser.go|118|return without blank line|return append(runnables, model.GoRunnableFile{
.\gitmap\detector\goparser.go|132|return without blank line|return false
.\gitmap\detector\goparser.go|89|monolithic function|length 23
.\gitmap\detector\parser.go|50|return without blank line|return nil, err
.\gitmap\detector\parser.go|62|return without blank line|return true
.\gitmap\detector\parser.go|65|return without blank line|return true
.\gitmap\detector\parser.go|19|monolithic function|length 25
.\gitmap\detector\rules.go|76|return without blank line|return true
.\gitmap\detector\rules.go|87|return without blank line|return true
.\gitmap\detector\rules.go|13|monolithic function|length 19
.\gitmap\detector\rules.go|101|monolithic function|length 16
.\gitmap\diff\endpoint.go|35|return without blank line|return ep, fmt.Errorf(constants.ErrDiffNotFolderFmt, trimmed)
.\gitmap\diff\endpoint.go|39|return without blank line|return ep, fmt.Errorf("resolve abs path %s: %w", trimmed, err)
.\gitmap\diff\endpoint.go|50|return without blank line|return ep, fmt.Errorf(constants.ErrDiffMissingFmt, ep.DisplayName)
.\gitmap\diff\endpoint.go|53|return without blank line|return ep, fmt.Errorf("stat %s: %w", ep.WorkingDir, err)
.\gitmap\diff\endpoint.go|56|return without blank line|return ep, fmt.Errorf(constants.ErrDiffNotFolderFmt, ep.DisplayName)
.\gitmap\diff\endpoint.go|67|return without blank line|return true
.\gitmap\diff\report.go|50|return without blank line|return reportJSON(out, entries)
.\gitmap\diff\report.go|92|return without blank line|return s.MissingLeft == 0 && s.MissingRight == 0 && s.Conflicts == 0 && s.Identical == 0
.\gitmap\diff\report.go|126|return without blank line|return fmt.Sprintf("  (L: %s @ %s | R: %s @ %s)",
.\gitmap\diff\report.go|131|return without blank line|return fmt.Sprintf("  (L: %s @ %s)", humanSize(e.LeftSize), humanTime(e.LeftMTime))
.\gitmap\diff\report.go|134|return without blank line|return fmt.Sprintf("  (R: %s @ %s)", humanSize(e.RightSize), humanTime(e.RightMTime))
.\gitmap\diff\report.go|144|return without blank line|return fmt.Sprintf("%d B", b)
.\gitmap\diff\report.go|147|return without blank line|return fmt.Sprintf("%.1f KB", float64(b)/float64(k))
.\gitmap\diff\report.go|156|return without blank line|return "-"
.\gitmap\diff\report.go|21|monolithic function|length 16
.\gitmap\diff\report.go|69|monolithic function|length 19
.\gitmap\diff\tree.go|48|return without blank line|return nil, err
.\gitmap\diff\tree.go|52|return without blank line|return nil, err
.\gitmap\diff\tree.go|63|return without blank line|return err
.\gitmap\diff\tree.go|67|return without blank line|return relErr
.\gitmap\diff\tree.go|70|return without blank line|return filepath.SkipDir
.\gitmap\diff\tree.go|73|return without blank line|return nil
.\gitmap\diff\tree.go|76|return without blank line|return nil
.\gitmap\diff\tree.go|90|return without blank line|return true
.\gitmap\diff\tree.go|93|return without blank line|return true
.\gitmap\diff\tree.go|148|return without blank line|return MissingRight
.\gitmap\diff\tree.go|150|return without blank line|return MissingLeft
.\gitmap\diff\tree.go|152|return without blank line|return Identical
.\gitmap\diff\tree.go|162|return without blank line|return "missing_right"
.\gitmap\diff\tree.go|164|return without blank line|return "missing_left"
.\gitmap\diff\tree.go|166|return without blank line|return "identical"
.\gitmap\diff\tree.go|168|return without blank line|return "conflict"
.\gitmap\diff\tree.go|179|return without blank line|return false
.\gitmap\diff\tree.go|189|return without blank line|return "", err
.\gitmap\diff\tree.go|194|return without blank line|return "", err
.\gitmap\diff\tree.go|59|monolithic function|length 25
.\gitmap\diff\tree_test.go|9|monolithic function|length 31
.\gitmap\downloaderconfig\downloaderconfig.go|62|return without blank line|return Document{
.\gitmap\downloaderconfig\downloaderconfig.go|101|return without blank line|return Document{}, fmt.Errorf(constants.ErrDownloaderConfigInvalidJSON, err)
.\gitmap\downloaderconfig\downloaderconfig.go|105|return without blank line|return Document{}, err
.\gitmap\downloaderconfig\downloaderconfig.go|124|return without blank line|return fmt.Errorf(constants.ErrDownloaderConfigMissingKey, "DownloaderConfig.PreferredDownloader")
.\gitmap\downloaderconfig\downloaderconfig.go|127|return without blank line|return fmt.Errorf(constants.ErrDownloaderConfigMissingKey, "DownloaderConfig.FallbackDownloader")
.\gitmap\downloaderconfig\downloaderconfig.go|130|return without blank line|return fmt.Errorf(constants.ErrDownloaderConfigBadParallel, dc.ParallelDownloads)
.\gitmap\downloaderconfig\downloaderconfig.go|133|return without blank line|return fmt.Errorf(constants.ErrDownloaderConfigBadSplits, dc.SplitConnections)
.\gitmap\downloaderconfig\downloaderconfig.go|143|return without blank line|return fmt.Errorf(constants.ErrDownloaderConfigMissingKey, k)
.\gitmap\downloaderconfig\downloaderconfig.go|154|return without blank line|return json.MarshalIndent(doc, "", constants.JSONIndent)
.\gitmap\downloaderconfig\downloaderconfig.go|163|return without blank line|return ""
.\gitmap\downloaderconfig\downloaderconfig.go|61|monolithic function|length 18
.\gitmap\downloaderconfig\downloaderconfig.go|98|monolithic function|length 18
.\gitmap\downloaderconfig\downloaderconfig.go|121|monolithic function|length 27
.\gitmap\errreport\errreport.go|99|return without blank line|return &Collector{
.\gitmap\errreport\errreport.go|132|return without blank line|return 0, 0
.\gitmap\errreport\errreport_test.go|49|monolithic function|length 37
.\gitmap\errreport\errreport_test.go|92|monolithic function|length 18
.\gitmap\errreport\writer.go|34|return without blank line|return "", nil
.\gitmap\errreport\writer.go|39|return without blank line|return "", nil
.\gitmap\errreport\writer.go|45|return without blank line|return "", fmt.Errorf("create report dir: %w", err)
.\gitmap\errreport\writer.go|56|return without blank line|return fileShape{
.\gitmap\errreport\writer.go|78|return without blank line|return fmt.Errorf("marshal report: %w", err)
.\gitmap\errreport\writer.go|81|return without blank line|return fmt.Errorf("write temp report: %w", err)
.\gitmap\errreport\writer.go|32|monolithic function|length 18
.\gitmap\errreport\writer.go|74|monolithic function|length 16
.\gitmap\fixtureversion\bump.go|65|return without blank line|return body, false
.\gitmap\fixtureversion\bump.go|79|return without blank line|return head
.\gitmap\fixtureversion\bump.go|89|return without blank line|return head
.\gitmap\fixtureversion\bump.go|100|return without blank line|return head
.\gitmap\fixtureversion\bump.go|130|return without blank line|return false, nil
.\gitmap\fixtureversion\bump.go|134|return without blank line|return false, fmt.Errorf("autobump: read %s: %w", path, err)
.\gitmap\fixtureversion\bump.go|138|return without blank line|return false, fmt.Errorf("autobump: no stamp marker in %s", path)
.\gitmap\fixtureversion\bump.go|141|return without blank line|return false, fmt.Errorf("autobump: write %s: %w", path, err)
.\gitmap\fixtureversion\bump.go|150|return without blank line|return os.Getenv(FixtureAutoBumpEnv) == "1"
.\gitmap\fixtureversion\bump.go|156|return without blank line|return strings.Join([]string{
.\gitmap\fixtureversion\bump.go|169|return without blank line|return -1
.\gitmap\fixtureversion\bump.go|179|return without blank line|return a
.\gitmap\fixtureversion\bump.go|128|monolithic function|length 17
.\gitmap\fixtureversion\bump_test.go|82|monolithic function|length 16
.\gitmap\fixtureversion\bump_test.go|100|monolithic function|length 16
.\gitmap\fixtureversion\fixtureversion.go|63|return without blank line|return base
.\gitmap\fixtureversion\fixtureversion.go|85|return without blank line|return Stamp{}, false
.\gitmap\fixtureversion\fixtureversion.go|109|return without blank line|return Stamp{}, false
.\gitmap\fixtureversion\fixtureversion.go|115|return without blank line|return Stamp{}, false
.\gitmap\fixtureversion\fixtureversion.go|125|return without blank line|return Stamp{}, false
.\gitmap\fixtureversion\fixtureversion.go|137|return without blank line|return strings.Fields(payload)
.\gitmap\fixtureversion\fixtureversion.go|94|monolithic function|length 35
.\gitmap\fixtureversion\hash.go|51|return without blank line|return fullHash
.\gitmap\fixtureversion\hash.go|63|return without blank line|return true
.\gitmap\fixtureversion\hash.go|87|return without blank line|return head
.\gitmap\fixtureversion\hash.go|90|return without blank line|return shaFieldRe.ReplaceAllString(head, "${1}"+newSHA)
.\gitmap\fixtureversion\validate.go|39|return without blank line|return fmt.Errorf("fixture is unstamped: add %q as the first line",
.\gitmap\fixtureversion\validate.go|43|return without blank line|return fmt.Errorf(
.\gitmap\fixtureversion\validate.go|49|return without blank line|return fmt.Errorf(
.\gitmap\fixtureversion\validate.go|65|return without blank line|return err
.\gitmap\fixtureversion\validate.go|68|return without blank line|return nil
.\gitmap\fixtureversion\validate.go|118|return without blank line|return stamp
.\gitmap\fixtureversion\validate.go|144|return without blank line|return false
.\gitmap\fixtureversion\validate.go|37|monolithic function|length 19
.\gitmap\fixtureversion\validate.go|109|monolithic function|length 16
.\gitmap\fixtureversion\validate.go|132|monolithic function|length 19
.\gitmap\formatter\clonescript.go|15|return without blank line|return err
.\gitmap\formatter\clonescript.go|47|return without blank line|return r.SSHUrl
.\gitmap\formatter\clonescript.go|50|return without blank line|return r.HTTPSUrl
.\gitmap\formatter\clonescript.go|53|return without blank line|return r.HTTPSUrl
.\gitmap\formatter\csv.go|27|return without blank line|return err
.\gitmap\formatter\csv.go|31|return without blank line|return err
.\gitmap\formatter\csv.go|43|return without blank line|return err
.\gitmap\formatter\csv.go|73|return without blank line|return nil, err
.\gitmap\formatter\csv.go|17|monolithic function|length 19
.\gitmap\formatter\csv.go|117|monolithic function|length 24
.\gitmap\formatter\csvcrlf_contract_test.go|25|monolithic function|length 25
.\gitmap\formatter\csvcrlf_contract_test.go|56|monolithic function|length 16
.\gitmap\formatter\csv_header_contract_test.go|82|monolithic function|length 20
.\gitmap\formatter\csv_header_contract_test.go|124|monolithic function|length 17
.\gitmap\formatter\desktopscript.go|24|monolithic function|length 35
.\gitmap\formatter\desktopscript.go|69|monolithic function|length 20
.\gitmap\formatter\directclone.go|12|return without blank line|return writeDirectCloneScriptTemplate(w, records, "direct-clone.ps1.tmpl", false)
.\gitmap\formatter\directclone.go|17|return without blank line|return writeDirectCloneScriptTemplate(w, records, "direct-clone-ssh.ps1.tmpl", true)
.\gitmap\formatter\directclone.go|24|return without blank line|return err
.\gitmap\formatter\directclone.go|61|return without blank line|return r.SSHUrl
.\gitmap\formatter\directclone.go|64|return without blank line|return r.HTTPSUrl
.\gitmap\formatter\directclone.go|67|return without blank line|return r.SSHUrl
.\gitmap\formatter\directclone.go|39|monolithic function|length 16
.\gitmap\formatter\formatter_test.go|13|return without blank line|return []model.ScanRecord{
.\gitmap\formatter\formatter_test.go|12|monolithic function|length 17
.\gitmap\formatter\formatter_test.go|79|monolithic function|length 17
.\gitmap\formatter\json.go|23|return without blank line|return err
.\gitmap\formatter\json.go|58|return without blank line|return err
.\gitmap\formatter\json.go|71|return without blank line|return nil, err
.\gitmap\formatter\json.go|31|monolithic function|length 32
.\gitmap\formatter\scangolden_contract_test.go|182|return without blank line|return bytes.ReplaceAll(b, []byte("\r\n"), []byte("\n"))
.\gitmap\formatter\scangolden_contract_test.go|39|monolithic function|length 39
.\gitmap\formatter\scangolden_contract_test.go|147|monolithic function|length 30
.\gitmap\formatter\structure.go|42|return without blank line|return entries[i].Path < entries[j].Path
.\gitmap\formatter\structure.go|91|return without blank line|return c
.\gitmap\formatter\structure.go|109|return without blank line|return err
.\gitmap\formatter\structure.go|115|return without blank line|return err
.\gitmap\formatter\structure.go|68|monolithic function|length 17
.\gitmap\formatter\structure.go|99|monolithic function|length 21
.\gitmap\formatter\template.go|35|return without blank line|return nil, err
.\gitmap\formatter\template.go|43|return without blank line|return strings.ReplaceAll(p, "/", "\\")
.\gitmap\formatter\terminal.go|28|return without blank line|return nil
.\gitmap\formatter\terminaltree.go|29|return without blank line|return entries[i].Path < entries[j].Path
.\gitmap\formatter\terminaltree.go|76|return without blank line|return c
.\gitmap\formatter\terminaltree.go|54|monolithic function|length 16
.\gitmap\formatter\validate.go|72|return without blank line|return issues
.\gitmap\formatter\validate.go|87|return without blank line|return issues
.\gitmap\formatter\validate.go|100|return without blank line|return len(strings.TrimSpace(rec.HTTPSUrl)) > 0 ||
.\gitmap\formatter\validate.go|108|return without blank line|return issues
.\gitmap\formatter\validate.go|112|return without blank line|return issues
.\gitmap\formatter\validate_sink.go|42|return without blank line|return 0
.\gitmap\formatter\validate_test.go|12|monolithic function|length 90
.\gitmap\formatter\validate_writers_test.go|13|monolithic function|length 16
.\gitmap\formatter\validate_writers_test.go|32|monolithic function|length 16
.\gitmap\formatter\validate_writers_test.go|52|monolithic function|length 26
.\gitmap\formatter\validate_writers_test.go|82|monolithic function|length 18
.\gitmap\fsutil\exists.go|33|return without blank line|return false
.\gitmap\fsutil\exists.go|38|return without blank line|return false
.\gitmap\fsutil\exists.go|52|return without blank line|return false
.\gitmap\fsutil\exists.go|66|return without blank line|return false
.\gitmap\fsutil\exists.go|71|return without blank line|return false
.\gitmap\fsutil\exists_test.go|16|monolithic function|length 21
.\gitmap\fsutil\exists_test.go|39|monolithic function|length 21
.\gitmap\fsutil\exists_test.go|62|monolithic function|length 21
.\gitmap\fsutil\longpath_other.go|7|return without blank line|return path
.\gitmap\fsutil\longpath_other.go|12|return without blank line|return path
.\gitmap\fsutil\longpath_windows.go|17|return without blank line|return path
.\gitmap\fsutil\longpath_windows.go|20|return without blank line|return path
.\gitmap\fsutil\longpath_windows.go|27|return without blank line|return winLongPathUNCPrefix + strings.TrimPrefix(abs, `\\`)
.\gitmap\fsutil\longpath_windows.go|29|return without blank line|return winLongPathPrefix + abs
.\gitmap\fsutil\longpath_windows.go|35|return without blank line|return `\\` + strings.TrimPrefix(path, winLongPathUNCPrefix)
.\gitmap\fsutil\longpath_windows.go|38|return without blank line|return strings.TrimPrefix(path, winLongPathPrefix)
.\gitmap\fsutil\longpath_windows.go|40|return without blank line|return path
.\gitmap\fsutil\path_normalize.go|10|return without blank line|return filepath.ToSlash(filepath.Clean(strings.ReplaceAll(path, "\\", "/")))
.\gitmap\fsutil\path_normalize.go|17|return without blank line|return path
.\gitmap\fsutil\path_normalize.go|19|return without blank line|return trimmed
.\gitmap\fsutil\path_normalize.go|27|return without blank line|return "", err
.\gitmap\fsutil\path_normalize.go|29|return without blank line|return filepath.Clean(abs), nil
.\gitmap\fsutil\path_normalize.go|36|return without blank line|return normA == normB
.\gitmap\fsutil\path_normalize.go|44|return without blank line|return true
.\gitmap\fsutil\path_normalize.go|49|return without blank line|return strings.HasPrefix(cNorm, pNorm)
.\gitmap\fsutil\path_normalize_test.go|9|monolithic function|length 23
.\gitmap\fsutil\path_normalize_test.go|46|monolithic function|length 23
.\gitmap\fsutil\safe_fs.go|13|return without blank line|return nil
.\gitmap\fsutil\safe_fs.go|18|return without blank line|return os.RemoveAll(path)
.\gitmap\fsutil\safe_fs.go|20|return without blank line|return nil
.\gitmap\fsutil\safe_fs.go|27|return without blank line|return nil
.\gitmap\fsutil\safe_fs.go|30|return without blank line|return fmt.Errorf("rename fallback failed: %w", errCopy)
.\gitmap\fsutil\safe_fs.go|32|return without blank line|return SafeRemoveAll(src)
.\gitmap\fsutil\safe_fs.go|37|return without blank line|return filepath.Walk(src, func(path string, info os.FileInfo, err error) error {
.\gitmap\fsutil\safe_fs.go|39|return without blank line|return err
.\gitmap\fsutil\safe_fs.go|43|return without blank line|return err
.\gitmap\fsutil\safe_fs.go|47|return without blank line|return os.MkdirAll(target, info.Mode())
.\gitmap\fsutil\safe_fs.go|49|return without blank line|return copyFile(path, target, info.Mode())
.\gitmap\fsutil\safe_fs.go|56|return without blank line|return err
.\gitmap\fsutil\safe_fs.go|62|return without blank line|return err
.\gitmap\fsutil\safe_fs.go|67|return without blank line|return err
.\gitmap\ghtoken\ghtoken.go|46|return without blank line|return t, SourceEnvGitHubToken, nil
.\gitmap\ghtoken\ghtoken.go|49|return without blank line|return t, SourceEnvGHToken, nil
.\gitmap\ghtoken\ghtoken.go|52|return without blank line|return t, SourceGhCLI, nil
.\gitmap\ghtoken\ghtoken.go|63|return without blank line|return "", false
.\gitmap\ghtoken\ghtoken.go|67|return without blank line|return "", false
.\gitmap\ghtoken\ghtoken.go|71|return without blank line|return "", false
.\gitmap\gitutil\branchdetect_test.go|10|monolithic function|length 60
.\gitmap\gitutil\checkout.go|45|return without blank line|return StripRemotePrefix(strings.TrimPrefix(name, "refs/remotes/"))
.\gitmap\gitutil\gitutil.go|31|return without blank line|return "", err
.\gitmap\gitutil\gitutil.go|43|return without blank line|return "", err
.\gitmap\gitutil\gitutil.go|63|return without blank line|return constants.DefaultBranch, err
.\gitmap\gitutil\gitutil.go|74|return without blank line|return DetectBranchWithDefault(repoPath, constants.DefaultBranch)
.\gitmap\gitutil\gitutil.go|103|return without blank line|return name, BranchSourceHEAD
.\gitmap\gitutil\gitutil.go|106|return without blank line|return name, BranchSourceRemoteTracking
.\gitmap\gitutil\gitutil.go|109|return without blank line|return name, BranchSourceRemoteTracking
.\gitmap\gitutil\gitutil.go|112|return without blank line|return fallback, BranchSourceDefault
.\gitmap\gitutil\gitutil.go|228|return without blank line|return rs
.\gitmap\gitutil\gitutil.go|234|return without blank line|return rs
.\gitmap\gitutil\gitutil.go|249|return without blank line|return false, 0, 0, 0
.\gitmap\gitutil\gitutil.go|276|return without blank line|return 0, 0
.\gitmap\gitutil\gitutil.go|291|return without blank line|return 0
.\gitmap\gitutil\gitutil.go|303|return without blank line|return "", err
.\gitmap\gitutil\gitutil.go|101|monolithic function|length 19
.\gitmap\gitutil\gitutil.go|183|monolithic function|length 21
.\gitmap\gitutil\gitutil.go|223|monolithic function|length 20
.\gitmap\gitutil\gitutil.go|246|monolithic function|length 24
.\gitmap\gitutil\latestbranchresolve.go|137|return without blank line|return ""
.\gitmap\gitutil\latestbranchresolve.go|142|return without blank line|return ""
.\gitmap\gitutil\latestbranchresolve.go|43|monolithic function|length 18
.\gitmap\gitutil\latestbranchresolve.go|79|monolithic function|length 19
.\gitmap\gitutil\latestbranchresolve.go|130|monolithic function|length 16
.\gitmap\gitutil\network.go|19|return without blank line|return fmt.Errorf(constants.ErrOffline)
.\gitmap\gitutil\repoid.go|30|return without blank line|return ""
.\gitmap\gitutil\repoid.go|27|monolithic function|length 24
.\gitmap\gitutil\repoid_test.go|8|monolithic function|length 18
.\gitmap\glyphs\autodetect_windows.go|22|return without blank line|return false
.\gitmap\glyphs\autodetect_windows.go|25|return without blank line|return false
.\gitmap\glyphs\autodetect_windows.go|28|return without blank line|return false
.\gitmap\glyphs\autodetect_windows.go|31|return without blank line|return false
.\gitmap\glyphs\autodetect_windows.go|34|return without blank line|return false
.\gitmap\glyphs\autodetect_windows.go|38|return without blank line|return false
.\gitmap\glyphs\autodetect_windows.go|41|return without blank line|return false
.\gitmap\glyphs\autodetect_windows.go|44|return without blank line|return false
.\gitmap\glyphs\autodetect_windows.go|20|monolithic function|length 28
.\gitmap\glyphs\filter.go|55|return without blank line|return p
.\gitmap\glyphs\filter.go|22|monolithic function|length 27
.\gitmap\glyphs\glyphs.go|31|return without blank line|return ModeRich
.\gitmap\glyphs\glyphs.go|33|return without blank line|return ModeSafe
.\gitmap\glyphs\glyphs.go|35|return without blank line|return autoDetect()
.\gitmap\glyphs\glyphs.go|42|return without blank line|return Parse(os.Getenv(constants.EnvGlyphs))
.\gitmap\glyphs\glyphs.go|49|return without blank line|return true
.\gitmap\glyphs\glyphs.go|51|return without blank line|return false
.\gitmap\glyphs\glyphs.go|61|return without blank line|return ModeSafe
.\gitmap\glyphs\install.go|75|return without blank line|return dst
.\gitmap\goldenguard\determinism.go|92|return without blank line|return nil, fmt.Errorf("run %d/%d: %w", i+1, determinismRunCount, err)
.\gitmap\goldenguard\determinism.go|96|return without blank line|return out, nil
.\gitmap\goldenguard\determinism.go|131|return without blank line|return fmt.Sprintf("%q… (truncated)", b[:determinismMaxDiffBytes])
.\gitmap\goldenguard\determinism.go|133|return without blank line|return fmt.Sprintf("%q", b)
.\gitmap\goldenguard\determinism.go|145|return without blank line|return false
.\gitmap\goldenguard\determinism.go|148|return without blank line|return AllowUpdate(t, trigger)
.\gitmap\goldenguard\determinism_test.go|46|return without blank line|return []byte{byte(n)}, nil
.\gitmap\goldenguard\determinism_test.go|67|return without blank line|return []byte{byte(atomic.AddInt32(&counter, 1))}, nil
.\gitmap\goldenguard\determinism_test.go|79|return without blank line|return []byte("x"), nil
.\gitmap\goldenguard\determinism_test.go|101|return without blank line|return len(haystack) >= len(needle) && indexOf(haystack, needle) >= 0
.\gitmap\goldenguard\determinism_test.go|107|return without blank line|return i
.\gitmap\goldenguard\determinism_test.go|110|return without blank line|return -1
.\gitmap\goldenguard\goldenguard.go|73|monolithic function|length 19
.\gitmap\helptext\coverage_test.go|57|return without blank line|return nil, err
.\gitmap\helptext\coverage_test.go|71|return without blank line|return nil
.\gitmap\helptext\coverage_test.go|121|return without blank line|return strings.Contains(name, "Alias")
.\gitmap\helptext\coverage_test.go|23|monolithic function|length 19
.\gitmap\helptext\examples_golden_test.go|47|return without blank line|return false
.\gitmap\helptext\examples_golden_test.go|49|return without blank line|return strings.Contains(md[idx:], "```")
.\gitmap\helptext\examples_golden_test.go|57|return without blank line|return true
.\gitmap\helptext\examples_golden_test.go|59|return without blank line|return false
.\gitmap\helptext\examples_golden_test.go|15|monolithic function|length 25
.\gitmap\helptext\print.go|68|return without blank line|return data, nil
.\gitmap\helptext\print.go|73|return without blank line|return data, nil
.\gitmap\helptext\stamp.go|41|return without blank line|return nil
.\gitmap\helptext\stamp.go|45|return without blank line|return fmt.Errorf("helptext %q has a fixture-stamp comment but it failed to parse; "+
.\gitmap\helptext\stamp.go|57|monolithic function|length 21
.\gitmap\jsonenv\jsonenv.go|44|return without blank line|return write(w, Envelope{
.\gitmap\jsonenv\jsonenv.go|51|return without blank line|return write(w, Envelope{
.\gitmap\jsonenv\jsonenv.go|59|return without blank line|return enc.Encode(env)
.\gitmap\localdirs\migrate.go|71|return without blank line|return nil
.\gitmap\localdirs\migrate.go|84|return without blank line|return nil
.\gitmap\localdirs\migrate.go|29|monolithic function|length 20
.\gitmap\localdirs\migrate.go|53|monolithic function|length 69
.\gitmap\lockcheck\lockcheck.go|17|return without blank line|return fmt.Sprintf("%s (PID %d)", p.Name, p.PID)
.\gitmap\lockcheck\lockcheck.go|23|return without blank line|return ""
.\gitmap\lockcheck\lockcheck.go|33|return without blank line|return b.String()
.\gitmap\lockcheck\lockcheck_unix.go|16|return without blank line|return nil, fmt.Errorf("lsof not found")
.\gitmap\lockcheck\lockcheck_unix.go|51|return without blank line|return exec.Command("kill", "-9", strconv.Itoa(pid)).Run()
.\gitmap\lockcheck\lockcheck_unix.go|25|monolithic function|length 22
.\gitmap\lockcheck\lockcheck_windows.go|21|return without blank line|return procs, nil
.\gitmap\lockcheck\lockcheck_windows.go|35|return without blank line|return nil, fmt.Errorf("handle.exe not found")
.\gitmap\lockcheck\lockcheck_windows.go|42|return without blank line|return nil, err
.\gitmap\lockcheck\lockcheck_windows.go|100|return without blank line|return nil, err
.\gitmap\lockcheck\lockcheck_windows.go|134|return without blank line|return cmd.Run()
.\gitmap\lockcheck\lockcheck_windows.go|29|monolithic function|length 17
.\gitmap\lockcheck\lockcheck_windows.go|50|monolithic function|length 33
.\gitmap\lockcheck\lockcheck_windows.go|87|monolithic function|length 17
.\gitmap\lockcheck\lockcheck_windows.go|106|monolithic function|length 22
.\gitmap\lockfile\lockfile.go|50|return without blank line|return func() {}, err
.\gitmap\lockfile\lockfile.go|65|return without blank line|return func() {}, fmt.Errorf("lockfile: write %s: %w", path, err)
.\gitmap\lockfile\lockfile.go|77|return without blank line|return 0
.\gitmap\lockfile\lockfile.go|85|return without blank line|return filepath.Join(os.TempDir(), "gitmap-"+name+".lock")
.\gitmap\lockfile\lockfile.go|92|return without blank line|return writePIDFile(path)
.\gitmap\lockfile\lockfile.go|116|return without blank line|return fmt.Errorf("%w (pid=%d, file=%s)", ErrAlreadyHeld, pid, path)
.\gitmap\lockfile\lockfile.go|119|return without blank line|return fmt.Errorf("%w (pid=%d, file=%s)", ErrAlreadyHeld, pid, path)
.\gitmap\lockfile\lockfile.go|144|return without blank line|return 0, err
.\gitmap\lockfile\lockfile.go|154|return without blank line|return false
.\gitmap\lockfile\lockfile.go|158|return without blank line|return false
.\gitmap\lockfile\lockfile.go|107|monolithic function|length 17
.\gitmap\lockfile\lockfile_test.go|46|monolithic function|length 24
.\gitmap\lockfile\lockfile_test.go|74|monolithic function|length 18
.\gitmap\logging\jsonlog.go|54|return without blank line|return &Logger{w: w, command: command, enabled: enabled}
.\gitmap\logging\jsonlog.go|58|monolithic function|length 17
.\gitmap\macro\execute.go|31|return without blank line|return err
.\gitmap\macro\execute.go|40|return without blank line|return nil
.\gitmap\macro\execute.go|66|return without blank line|return err
.\gitmap\macro\execute.go|70|return without blank line|return nil
.\gitmap\macro\execute.go|15|monolithic function|length 26
.\gitmap\macro\execute.go|43|monolithic function|length 28
.\gitmap\macro\macro_test.go|8|monolithic function|length 45
.\gitmap\macro\record.go|59|return without blank line|return fmt.Errorf("could not save macro: %w", err)
.\gitmap\macro\record.go|64|return without blank line|return nil
.\gitmap\macro\record.go|17|monolithic function|length 48
.\gitmap\macro\storage.go|17|return without blank line|return "", err
.\gitmap\macro\storage.go|21|return without blank line|return "", err
.\gitmap\macro\storage.go|23|return without blank line|return dir, nil
.\gitmap\macro\storage.go|30|return without blank line|return err
.\gitmap\macro\storage.go|37|return without blank line|return err
.\gitmap\macro\storage.go|39|return without blank line|return os.WriteFile(path, data, 0644)
.\gitmap\macro\storage.go|46|return without blank line|return nil, err
.\gitmap\macro\storage.go|51|return without blank line|return nil, fmt.Errorf("macro %q not found: %w", name, err)
.\gitmap\macro\storage.go|55|return without blank line|return nil, err
.\gitmap\macro\storage.go|57|return without blank line|return &m, nil
.\gitmap\macro\storage.go|64|return without blank line|return nil, err
.\gitmap\macro\storage.go|68|return without blank line|return nil, err
.\gitmap\macro\storage.go|80|return without blank line|return out, nil
.\gitmap\macro\storage.go|87|return without blank line|return err
.\gitmap\macro\storage.go|90|return without blank line|return os.Remove(path)
.\gitmap\macro\storage.go|61|monolithic function|length 20
.\gitmap\mapper\mapper.go|24|return without blank line|return BuildRecordsWithOptions(repos, BuildOptions{Mode: mode, DefaultNote: defaultNote})
.\gitmap\mapper\mapper.go|38|return without blank line|return BuildRecordsWithOptions(repos, BuildOptions{
.\gitmap\mapper\mapper.go|66|return without blank line|return repo.RelativePath
.\gitmap\mapper\mapper.go|126|return without blank line|return sshURL
.\gitmap\mapper\mapper.go|132|return without blank line|return httpsURL
.\gitmap\mapper\mapper.go|144|return without blank line|return raw
.\gitmap\mapper\mapper.go|158|return without blank line|return raw
.\gitmap\mapper\mapper.go|161|return without blank line|return raw
.\gitmap\mapper\mapper.go|167|return without blank line|return fmt.Sprintf(constants.SSHFromHTTPSFmt, parts[0], parts[1])
.\gitmap\mapper\mapper.go|178|return without blank line|return parts[0], parts[1]
.\gitmap\mapper\mapper.go|187|return without blank line|return sshURL
.\gitmap\mapper\mapper.go|196|return without blank line|return constants.UnknownRepoName
.\gitmap\mapper\mapper.go|206|return without blank line|return constants.NoteNoRemote
.\gitmap\mapper\mapper.go|215|return without blank line|return ""
.\gitmap\mapper\mapper.go|225|return without blank line|return strings.ToLower(repoName)
.\gitmap\mapper\mapper.go|64|monolithic function|length 19
.\gitmap\mapper\mapper.go|88|monolithic function|length 29
.\gitmap\mapper\mapper.go|122|monolithic function|length 17
.\gitmap\mapper\mapper_options.go|33|return without blank line|return constants.DefaultBranch
.\gitmap\mapper\mapper_relroot_test.go|74|return without blank line|return `C:\repos`
.\gitmap\mapper\mapper_relroot_test.go|16|monolithic function|length 16
.\gitmap\mapper\sort.go|43|return without blank line|return lessRecord(records[i], records[j])
.\gitmap\mapper\sort.go|52|return without blank line|return a.RelativePath < b.RelativePath
.\gitmap\mapper\sort.go|55|return without blank line|return a.HTTPSUrl < b.HTTPSUrl
.\gitmap\mapper\sort.go|58|return without blank line|return a.SSHUrl < b.SSHUrl
.\gitmap\mapper\transport.go|36|return without blank line|return constants.ScanTransportSSH
.\gitmap\mapper\transport.go|39|return without blank line|return constants.ScanTransportHTTPS
.\gitmap\mapper\transport.go|42|return without blank line|return constants.ScanTransportSSH
.\gitmap\mapper\transport.go|57|return without blank line|return false
.\gitmap\mapper\transport.go|61|return without blank line|return false
.\gitmap\mapper\transport_test.go|75|return without blank line|return constants.ScanTransportSSH
.\gitmap\mapper\transport_test.go|77|return without blank line|return constants.ScanTransportHTTPS
.\gitmap\mapper\transport_test.go|79|return without blank line|return constants.ScanTransportOther
.\gitmap\mapper\transport_test.go|18|monolithic function|length 20
.\gitmap\mapper\transport_test.go|45|monolithic function|length 19
.\gitmap\model\relativepath.go|56|return without blank line|return ""
.\gitmap\movemerge\conflict.go|45|return without blank line|return &Resolver{policy: policy, in: in, out: out}
.\gitmap\movemerge\conflict.go|52|return without blank line|return c, nil
.\gitmap\movemerge\conflict.go|55|return without blank line|return c, nil
.\gitmap\movemerge\conflict.go|64|return without blank line|return r.sticky, true
.\gitmap\movemerge\conflict.go|73|return without blank line|return 0, false
.\gitmap\movemerge\conflict.go|75|return without blank line|return ChoiceLeft, true
.\gitmap\movemerge\conflict.go|77|return without blank line|return ChoiceRight, true
.\gitmap\movemerge\conflict.go|79|return without blank line|return ChoiceSkip, true
.\gitmap\movemerge\conflict.go|81|return without blank line|return ChoiceLeft, true
.\gitmap\movemerge\conflict.go|83|return without blank line|return ChoiceRight, true
.\gitmap\movemerge\conflict.go|98|return without blank line|return r.parseKey(strings.TrimSpace(scanner.Text())), nil
.\gitmap\movemerge\conflict.go|108|return without blank line|return ChoiceLeft
.\gitmap\movemerge\conflict.go|110|return without blank line|return ChoiceRight
.\gitmap\movemerge\conflict.go|120|return without blank line|return ChoiceQuit
.\gitmap\movemerge\conflict.go|71|monolithic function|length 16
.\gitmap\movemerge\conflict.go|105|monolithic function|length 19
.\gitmap\movemerge\conflict_test.go|78|return without blank line|return writeWithMTime(t, filepath.Join(t.TempDir(), "z"), time.Now())
.\gitmap\movemerge\copy.go|14|return without blank line|return fmt.Errorf("mkdir %s: %w", filepath.Dir(dst), err)
.\gitmap\movemerge\copy.go|17|return without blank line|return copySymlink(src, dst)
.\gitmap\movemerge\copy.go|27|return without blank line|return fmt.Errorf("readlink %s: %w", src, err)
.\gitmap\movemerge\copy.go|38|return without blank line|return fmt.Errorf("open %s: %w", src, err)
.\gitmap\movemerge\copy.go|43|return without blank line|return fmt.Errorf("create %s: %w", dst, err)
.\gitmap\movemerge\copy.go|47|return without blank line|return fmt.Errorf("copy %s -> %s: %w", src, dst, err)
.\gitmap\movemerge\copy.go|57|return without blank line|return 0, err
.\gitmap\movemerge\copy.go|64|return without blank line|return count, copyErr
.\gitmap\movemerge\copy.go|35|monolithic function|length 16
.\gitmap\movemerge\copy.go|54|monolithic function|length 16
.\gitmap\movemerge\diff.go|32|return without blank line|return nil, err
.\gitmap\movemerge\diff.go|36|return without blank line|return nil, err
.\gitmap\movemerge\diff.go|43|return without blank line|return nil, derr
.\gitmap\movemerge\diff.go|76|return without blank line|return entry, err
.\gitmap\movemerge\diff.go|80|return without blank line|return entry, err
.\gitmap\movemerge\diff.go|29|monolithic function|length 20
.\gitmap\movemerge\diff.go|52|monolithic function|length 16
.\gitmap\movemerge\diff.go|71|monolithic function|length 19
.\gitmap\movemerge\endpoint.go|32|return without blank line|return raw, ""
.\gitmap\movemerge\endpoint.go|36|return without blank line|return raw, ""
.\gitmap\movemerge\endpoint.go|41|return without blank line|return raw, ""
.\gitmap\movemerge\endpoint.go|63|return without blank line|return false, nil
.\gitmap\movemerge\endpoint.go|66|return without blank line|return false, fmt.Errorf("stat %s: %w", path, err)
.\gitmap\movemerge\endpoint.go|29|monolithic function|length 16
.\gitmap\movemerge\finalize.go|13|return without blank line|return nil
.\gitmap\movemerge\finalize.go|20|return without blank line|return errRight
.\gitmap\movemerge\finalize.go|28|return without blank line|return errLeft
.\gitmap\movemerge\finalize.go|36|return without blank line|return dir == DirBoth || dir == DirRightOnly
.\gitmap\movemerge\finalize.go|41|return without blank line|return dir == DirBoth || dir == DirLeftOnly
.\gitmap\movemerge\finalize.go|46|return without blank line|return other.DisplayName
.\gitmap\movemerge\finalize.go|74|return without blank line|return sha[:7]
.\gitmap\movemerge\finalize.go|11|monolithic function|length 21
.\gitmap\movemerge\finalize.go|50|monolithic function|length 19
.\gitmap\movemerge\git.go|23|return without blank line|return runGit(dir, constants.GitConfigCmd, constants.GitGetFlag, constants.GitRemoteOrigin)
.\gitmap\movemerge\git.go|47|return without blank line|return fmt.Errorf("git pull --ff-only in %s: %w (%s)", dir, err, out)
.\gitmap\movemerge\git.go|57|return without blank line|return "", fmt.Errorf("git add -A in %s: %w", dir, err)
.\gitmap\movemerge\git.go|65|return without blank line|return sha, nil
.\gitmap\movemerge\git.go|68|return without blank line|return sha, fmt.Errorf("git push in %s: %w", dir, err)
.\gitmap\movemerge\git.go|55|monolithic function|length 17
.\gitmap\movemerge\guard.go|16|return without blank line|return fmt.Errorf(constants.ErrMMSameFolderFmt, lAbs)
.\gitmap\movemerge\guard.go|19|return without blank line|return fmt.Errorf(constants.ErrMMNestedFmt, lAbs, rAbs)
.\gitmap\movemerge\guard.go|29|return without blank line|return false
.\gitmap\movemerge\guard.go|32|return without blank line|return false
.\gitmap\movemerge\integration_test.go|111|return without blank line|return err
.\gitmap\movemerge\integration_test.go|116|return without blank line|return readErr
.\gitmap\movemerge\integration_test.go|142|return without blank line|return false
.\gitmap\movemerge\integration_test.go|146|return without blank line|return false
.\gitmap\movemerge\integration_test.go|21|monolithic function|length 40
.\gitmap\movemerge\integration_test.go|66|monolithic function|length 22
.\gitmap\movemerge\integration_test.go|106|monolithic function|length 21
.\gitmap\movemerge\merge.go|15|return without blank line|return err
.\gitmap\movemerge\merge.go|20|return without blank line|return err
.\gitmap\movemerge\merge.go|25|return without blank line|return applyErr
.\gitmap\movemerge\merge.go|29|return without blank line|return finErr
.\gitmap\movemerge\merge.go|39|return without blank line|return PreferNone
.\gitmap\movemerge\merge.go|42|return without blank line|return opts.Prefer
.\gitmap\movemerge\merge.go|46|return without blank line|return PreferNewer
.\gitmap\movemerge\merge.go|48|return without blank line|return PreferLeft
.\gitmap\movemerge\merge.go|50|return without blank line|return PreferRight
.\gitmap\movemerge\merge.go|52|return without blank line|return PreferNewer
.\gitmap\movemerge\merge.go|60|return without blank line|return nil
.\gitmap\movemerge\merge.go|62|return without blank line|return applyMissing(e, l, r, dir, opts, false)
.\gitmap\movemerge\merge.go|64|return without blank line|return applyMissing(e, l, r, dir, opts, true)
.\gitmap\movemerge\merge.go|66|return without blank line|return applyConflict(e, l, r, dir, res, opts)
.\gitmap\movemerge\merge.go|75|return without blank line|return copyOne(l.WorkingDir, r.WorkingDir, e.RelPath, e.Left.Info, opts)
.\gitmap\movemerge\merge.go|77|return without blank line|return copyOne(r.WorkingDir, l.WorkingDir, e.RelPath, e.Right.Info, opts)
.\gitmap\movemerge\merge.go|79|return without blank line|return nil
.\gitmap\movemerge\merge.go|87|return without blank line|return err
.\gitmap\movemerge\merge.go|90|return without blank line|return fmt.Errorf("%s", constants.ErrMMQuit)
.\gitmap\movemerge\merge.go|106|return without blank line|return copyOne(l.WorkingDir, r.WorkingDir, e.RelPath, e.Left.Info, opts)
.\gitmap\movemerge\merge.go|109|return without blank line|return copyOne(r.WorkingDir, l.WorkingDir, e.RelPath, e.Right.Info, opts)
.\gitmap\movemerge\merge.go|112|return without blank line|return nil
.\gitmap\movemerge\merge.go|13|monolithic function|length 21
.\gitmap\movemerge\merge.go|37|monolithic function|length 17
.\gitmap\movemerge\move.go|15|return without blank line|return err
.\gitmap\movemerge\move.go|18|return without blank line|return err
.\gitmap\movemerge\move.go|23|return without blank line|return err
.\gitmap\movemerge\move.go|27|return without blank line|return delErr
.\gitmap\movemerge\move.go|37|return without blank line|return nil
.\gitmap\movemerge\move.go|45|return without blank line|return fmt.Errorf("mkdir %s: %w", right.WorkingDir, err)
.\gitmap\movemerge\move.go|48|return without blank line|return nil
.\gitmap\movemerge\move.go|51|return without blank line|return fmt.Errorf("git init %s: %w", right.WorkingDir, err)
.\gitmap\movemerge\move.go|60|return without blank line|return CopyTree(src, dst, opts)
.\gitmap\movemerge\move.go|65|return without blank line|return 0, err
.\gitmap\movemerge\move.go|83|return without blank line|return fmt.Errorf("delete LEFT %s: %w", left.WorkingDir, err)
.\gitmap\movemerge\move.go|13|monolithic function|length 18
.\gitmap\movemerge\move.go|35|monolithic function|length 20
.\gitmap\movemerge\resolve.go|19|return without blank line|return resolveURLEndpoint(ep, opts)
.\gitmap\movemerge\resolve.go|29|return without blank line|return ep, fmt.Errorf("abs %s: %w", ep.DisplayName, err)
.\gitmap\movemerge\resolve.go|34|return without blank line|return ep, err
.\gitmap\movemerge\resolve.go|38|return without blank line|return ep, fmt.Errorf(constants.ErrMMSrcMissingFmt, ep.DisplayName)
.\gitmap\movemerge\resolve.go|46|return without blank line|return ep, pullErr
.\gitmap\movemerge\resolve.go|58|return without blank line|return ep, fmt.Errorf("getwd: %w", err)
.\gitmap\movemerge\resolve.go|64|return without blank line|return ep, err
.\gitmap\movemerge\resolve.go|67|return without blank line|return reuseExistingURLFolder(ep, dir, opts)
.\gitmap\movemerge\resolve.go|71|return without blank line|return ep, cloneErr
.\gitmap\movemerge\resolve.go|82|return without blank line|return ep, fmt.Errorf("read origin in %s: %w", dir, err)
.\gitmap\movemerge\resolve.go|85|return without blank line|return handleMatchingOrigin(ep, dir)
.\gitmap\movemerge\resolve.go|88|return without blank line|return handleForceFolder(ep, dir)
.\gitmap\movemerge\resolve.go|96|return without blank line|return ep, pullErr
.\gitmap\movemerge\resolve.go|105|return without blank line|return ep, fmt.Errorf("force-folder remove %s: %w", dir, rmErr)
.\gitmap\movemerge\resolve.go|108|return without blank line|return ep, cloneErr
.\gitmap\movemerge\resolve.go|118|return without blank line|return strings.TrimSuffix(strings.ToLower(strings.TrimSpace(s)), ".git")
.\gitmap\movemerge\resolve.go|26|monolithic function|length 26
.\gitmap\movemerge\resolve.go|55|monolithic function|length 21
.\gitmap\movemerge\walk.go|25|return without blank line|return err
.\gitmap\movemerge\walk.go|29|return without blank line|return relErr
.\gitmap\movemerge\walk.go|32|return without blank line|return filepath.SkipDir
.\gitmap\movemerge\walk.go|35|return without blank line|return nil
.\gitmap\movemerge\walk.go|38|return without blank line|return nil
.\gitmap\movemerge\walk.go|53|return without blank line|return !opts.IsIncludeVCS
.\gitmap\movemerge\walk.go|56|return without blank line|return !opts.IsIncludeNodeMods
.\gitmap\movemerge\walk.go|84|return without blank line|return "", err
.\gitmap\movemerge\walk.go|89|return without blank line|return "", err
.\gitmap\movemerge\walk.go|21|monolithic function|length 25
.\gitmap\probe\background.go|113|return without blank line|return nil
.\gitmap\probe\background.go|155|return without blank line|return Stats{}
.\gitmap\probe\background.go|177|return without blank line|return Stats{}
.\gitmap\probe\background.go|226|return without blank line|return Result{Method: constants.ProbeMethodNone, Error: "empty clone url"}
.\gitmap\probe\background.go|111|monolithic function|length 16
.\gitmap\probe\background_test.go|67|monolithic function|length 23
.\gitmap\probe\background_test.go|96|monolithic function|length 26
.\gitmap\probe\clone.go|23|return without blank line|return "", fmt.Errorf("mkdtemp: %w", err)
.\gitmap\probe\clone.go|35|return without blank line|return "", fmt.Errorf(constants.ErrProbeCloneFail, summarize(out, err))
.\gitmap\probe\clone.go|41|return without blank line|return "", fmt.Errorf("git tag: %w", err)
.\gitmap\probe\clone.go|47|return without blank line|return t, nil
.\gitmap\probe\clone.go|58|return without blank line|return err.Error()
.\gitmap\probe\clone.go|17|monolithic function|length 35
.\gitmap\probe\probe.go|40|return without blank line|return RunOneWithDepth(cloneURL, constants.ProbeDefaultDepth)
.\gitmap\probe\probe.go|50|return without blank line|return Result{Method: constants.ProbeMethodNone, Error: "empty clone url"}
.\gitmap\probe\probe.go|54|return without blank line|return makeResult(tag, constants.ProbeMethodLsRemote)
.\gitmap\probe\probe.go|58|return without blank line|return makeResult(tag, constants.ProbeMethodShallowClone)
.\gitmap\probe\probe.go|60|return without blank line|return Result{
.\gitmap\probe\probe.go|70|return without blank line|return Result{Method: method, IsAvailable: false}
.\gitmap\probe\probe.go|84|return without blank line|return model.VersionProbe{
.\gitmap\probe\probe.go|100|return without blank line|return "", false
.\gitmap\probe\probe.go|117|return without blank line|return tag
.\gitmap\probe\probe.go|131|return without blank line|return 0
.\gitmap\probe\probe.go|48|monolithic function|length 17
.\gitmap\probe\probe.go|127|monolithic function|length 25
.\gitmap\probe\sibling_parallel.go|34|return without blank line|return nil
.\gitmap\probe\sibling_parallel.go|69|return without blank line|return out
.\gitmap\probe\sibling_parallel.go|32|monolithic function|length 38
.\gitmap\release\assets.go|40|return without blank line|return "", err
.\gitmap\release\assets.go|53|return without blank line|return parts[1], nil
.\gitmap\release\assets.go|72|return without blank line|return []string{"."}
.\gitmap\release\assets.go|78|return without blank line|return nil
.\gitmap\release\assets.go|159|return without blank line|return "app"
.\gitmap\release\assets.go|183|return without blank line|return "", fmt.Errorf("create staging dir: %w", err)
.\gitmap\release\assets.go|37|monolithic function|length 21
.\gitmap\release\assets.go|70|monolithic function|length 27
.\gitmap\release\assets.go|101|monolithic function|length 25
.\gitmap\release\assetsbuild.go|30|return without blank line|return CrossCompileResult{
.\gitmap\release\assetsbuild.go|85|return without blank line|return false
.\gitmap\release\assetsbuild.go|14|monolithic function|length 29
.\gitmap\release\assetstargets.go|13|return without blank line|return []BuildTarget{
.\gitmap\release\assetstargets.go|27|return without blank line|return ParseTargets(flagTargets)
.\gitmap\release\assetstargets.go|31|return without blank line|return convertConfigTargets(configTargets), nil
.\gitmap\release\assetstargets.go|52|return without blank line|return DefaultTargets(), nil
.\gitmap\release\assetstargets.go|61|return without blank line|return nil, err
.\gitmap\release\assetstargets.go|74|return without blank line|return BuildTarget{}, fmt.Errorf("invalid target format %q — expected os/arch", s)
.\gitmap\release\assetstargets.go|50|monolithic function|length 18
.\gitmap\release\assetsupload.go|22|return without blank line|return fmt.Errorf("open asset: %w", err)
.\gitmap\release\assetsupload.go|28|return without blank line|return fmt.Errorf("stat asset: %w", err)
.\gitmap\release\assetsupload.go|37|return without blank line|return fmt.Errorf("upload asset: %w", err)
.\gitmap\release\assetsupload.go|65|return without blank line|return fmt.Sprintf("upload error %d: %s", e.statusCode, e.message)
.\gitmap\release\assetsupload.go|82|return without blank line|return UploadAsset(owner, repo, releaseID, asset, token)
.\gitmap\release\assetsupload.go|16|monolithic function|length 39
.\gitmap\release\assetsupload.go|76|monolithic function|length 16
.\gitmap\release\autocommit.go|56|return without blank line|return commitReleaseOnly(releaseFiles, commitMsg)
.\gitmap\release\autocommit.go|67|return without blank line|return nil
.\gitmap\release\autocommit.go|172|return without blank line|return commitReleaseOnly(releaseFiles, msg)
.\gitmap\release\autocommit.go|177|return without blank line|return commitAll(msg)
.\gitmap\release\autocommit.go|25|monolithic function|length 35
.\gitmap\release\autocommit.go|74|monolithic function|length 16
.\gitmap\release\autocommit.go|107|monolithic function|length 44
.\gitmap\release\autocommit.go|155|monolithic function|length 33
.\gitmap\release\autocommitgit.go|70|return without blank line|return runGitCmd(constants.GitAdd, constants.GitAddAll)
.\gitmap\release\autocommitgit.go|75|return without blank line|return runGitCmd(constants.GitCommit, constants.GitCommitMsg, msg)
.\gitmap\release\autocommitgit.go|82|return without blank line|return err
.\gitmap\release\autocommitgit.go|87|return without blank line|return nil
.\gitmap\release\autocommitgit.go|91|return without blank line|return syncBranchAndRetryPush(branch, pushOutput)
.\gitmap\release\autocommitgit.go|129|return without blank line|return fmt.Errorf(
.\gitmap\release\autocommitgit.go|160|return without blank line|return fmt.Errorf("%s", trimmed)
.\gitmap\release\autocommitgit.go|169|return without blank line|return trimmed
.\gitmap\release\autocommitgit.go|176|return without blank line|return strings.Join(strings.Fields(trimGitOutput(output)), " ")
.\gitmap\release\autocommitgit.go|15|monolithic function|length 44
.\gitmap\release\autocommitgit.go|79|monolithic function|length 16
.\gitmap\release\autocommitgit.go|97|monolithic function|length 43
.\gitmap\release\autocommit_test.go|11|monolithic function|length 32
.\gitmap\release\autocommit_test.go|66|monolithic function|length 19
.\gitmap\release\autocommit_test.go|90|monolithic function|length 18
.\gitmap\release\autocommit_test.go|112|monolithic function|length 18
.\gitmap\release\changelog.go|38|return without blank line|return nil, err
.\gitmap\release\changelog.go|44|return without blank line|return nil, err
.\gitmap\release\changelog.go|48|return without blank line|return nil, fmt.Errorf("no version sections found in %s", constants.ChangelogFile)
.\gitmap\release\changelog.go|59|return without blank line|return entry, true
.\gitmap\release\changelog.go|72|return without blank line|return ""
.\gitmap\release\changelog.go|75|return without blank line|return v
.\gitmap\release\changelog.go|85|return without blank line|return ""
.\gitmap\release\changelog.go|90|return without blank line|return ""
.\gitmap\release\changelog.go|95|return without blank line|return ""
.\gitmap\release\changelog.go|98|return without blank line|return version
.\gitmap\release\changelog.go|35|monolithic function|length 17
.\gitmap\release\changelog.go|82|monolithic function|length 20
.\gitmap\release\changeloggen.go|23|return without blank line|return nil, fmt.Errorf(constants.ErrChangelogGenCommits, fromTag, toRef, err)
.\gitmap\release\changeloggen.go|32|return without blank line|return nil
.\gitmap\release\changeloggen.go|69|return without blank line|return nil, fmt.Errorf(constants.ErrChangelogGenTags, err)
.\gitmap\release\changeloggen.go|78|return without blank line|return resolveDefaultTagRange()
.\gitmap\release\changeloggen.go|83|return without blank line|return "", "", fmt.Errorf(constants.ErrChangelogGenTagNotFound, from)
.\gitmap\release\changeloggen.go|87|return without blank line|return from, constants.GitHEAD, nil
.\gitmap\release\changeloggen.go|92|return without blank line|return "", "", fmt.Errorf(constants.ErrChangelogGenTagNotFound, to)
.\gitmap\release\changeloggen.go|101|return without blank line|return "", "", fmt.Errorf(constants.ErrChangelogGenNoTags)
.\gitmap\release\changeloggen.go|105|return without blank line|return tags[0], constants.GitHEAD, nil
.\gitmap\release\changeloggen.go|30|monolithic function|length 16
.\gitmap\release\changeloggen.go|76|monolithic function|length 20
.\gitmap\release\changelogparse.go|35|return without blank line|return nil, err
.\gitmap\release\changelogparse.go|46|return without blank line|return strings.HasPrefix(strings.TrimLeft(line, " \t"), "## ")
.\gitmap\release\changelogparse.go|57|return without blank line|return entries, ChangelogEntry{}, false
.\gitmap\release\changelogparse.go|74|return without blank line|return current
.\gitmap\release\changelogparse.go|96|return without blank line|return 0, "", "", false
.\gitmap\release\changelogparse.go|101|return without blank line|return 0, "", "", false
.\gitmap\release\changelogparse.go|107|return without blank line|return 0, "", "", false
.\gitmap\release\changelogparse.go|117|return without blank line|return raw[:i], raw[i:]
.\gitmap\release\changelogparse.go|127|return without blank line|return "-", body[2:], true
.\gitmap\release\changelogparse.go|130|return without blank line|return "*", body[2:], true
.\gitmap\release\changelogparse.go|143|return without blank line|return "", "", false
.\gitmap\release\changelogparse.go|151|return without blank line|return len(marker) > 1 && marker[len(marker)-1] == '.'
.\gitmap\release\changelogparse.go|174|return without blank line|return ""
.\gitmap\release\changelogparse.go|14|monolithic function|length 28
.\gitmap\release\changelogparse.go|50|monolithic function|length 16
.\gitmap\release\changelogparse.go|71|monolithic function|length 17
.\gitmap\release\changelogparse.go|93|monolithic function|length 18
.\gitmap\release\checksums.go|20|return without blank line|return "", nil
.\gitmap\release\checksums.go|28|return without blank line|return "", fmt.Errorf("create checksums file: %w", err)
.\gitmap\release\checksums.go|54|return without blank line|return "", err
.\gitmap\release\checksums.go|60|return without blank line|return "", err
.\gitmap\release\checksums.go|18|monolithic function|length 30
.\gitmap\release\compress.go|62|return without blank line|return createZip(path)
.\gitmap\release\compress.go|70|return without blank line|return strings.HasSuffix(strings.ToLower(path), ".exe")
.\gitmap\release\compress.go|78|return without blank line|return "", fmt.Errorf("create zip: %w", err)
.\gitmap\release\compress.go|87|return without blank line|return "", err
.\gitmap\release\compress.go|102|return without blank line|return fmt.Errorf("open source: %w", err)
.\gitmap\release\compress.go|108|return without blank line|return fmt.Errorf("stat source: %w", err)
.\gitmap\release\compress.go|113|return without blank line|return fmt.Errorf("zip header: %w", err)
.\gitmap\release\compress.go|121|return without blank line|return fmt.Errorf("create entry: %w", err)
.\gitmap\release\compress.go|20|monolithic function|length 19
.\gitmap\release\compress.go|74|monolithic function|length 22
.\gitmap\release\compress.go|99|monolithic function|length 28
.\gitmap\release\compresstar.go|18|return without blank line|return "", fmt.Errorf("create tar.gz: %w", err)
.\gitmap\release\compresstar.go|30|return without blank line|return "", err
.\gitmap\release\compresstar.go|46|return without blank line|return fmt.Errorf("open source: %w", err)
.\gitmap\release\compresstar.go|52|return without blank line|return fmt.Errorf("stat source: %w", err)
.\gitmap\release\compresstar.go|57|return without blank line|return fmt.Errorf("tar header: %w", err)
.\gitmap\release\compresstar.go|64|return without blank line|return fmt.Errorf("write header: %w", err)
.\gitmap\release\compresstar.go|14|monolithic function|length 26
.\gitmap\release\compresstar.go|43|monolithic function|length 27
.\gitmap\release\deflate.go|26|return without blank line|return m.fw.Write(p)
.\gitmap\release\deflate.go|30|return without blank line|return m.fw.Close()
.\gitmap\release\github.go|17|return without blank line|return nil
.\gitmap\release\github.go|23|return without blank line|return nil
.\gitmap\release\github.go|29|return without blank line|return files
.\gitmap\release\github.go|59|return without blank line|return nil
.\gitmap\release\github.go|80|return without blank line|return ""
.\gitmap\release\github.go|90|return without blank line|return ""
.\gitmap\release\github.go|15|monolithic function|length 22
.\gitmap\release\github.go|56|monolithic function|length 18
.\gitmap\release\githubapi.go|31|return without blank line|return nil, fmt.Errorf("marshal release payload: %w", err)
.\gitmap\release\githubapi.go|39|return without blank line|return nil, fmt.Errorf("create release: %w", err)
.\gitmap\release\githubapi.go|19|monolithic function|length 34
.\gitmap\release\gitignore.go|19|monolithic function|length 39
.\gitmap\release\gitops.go|45|return without blank line|return fmt.Errorf("push branch: %w", err)
.\gitmap\release\gitops.go|54|return without blank line|return fmt.Errorf("push tag: %w", err)
.\gitmap\release\gitops.go|62|return without blank line|return runGitCmd(constants.GitCheckout, branch)
.\gitmap\release\gitops.go|67|return without blank line|return runGitCmd(constants.GitFetch, constants.GitOrigin, branch)
.\gitmap\release\gitops.go|73|return without blank line|return resolveFromCommit(commit)
.\gitmap\release\gitops.go|76|return without blank line|return resolveFromBranch(branch)
.\gitmap\release\gitops.go|85|return without blank line|return "", "", fmt.Errorf("commit %s not found", commit)
.\gitmap\release\gitops.go|91|return without blank line|return commit, constants.GitCommitPrefix + commit, nil
.\gitmap\release\gitops.go|98|return without blank line|return "", "", fmt.Errorf("branch %s not found: %w", branch, err)
.\gitmap\release\gitops.go|113|return without blank line|return constants.GitHEAD, constants.GitHEAD, nil
.\gitmap\release\gitops.go|140|return without blank line|return flushErr
.\gitmap\release\gitops.go|38|monolithic function|length 20
.\gitmap\release\gitopsquery.go|16|return without blank line|return false
.\gitmap\release\gitopsquery.go|28|return without blank line|return false
.\gitmap\release\gitopsquery.go|39|return without blank line|return false
.\gitmap\release\gitopsquery.go|50|return without blank line|return "", err
.\gitmap\release\gitopsquery.go|62|return without blank line|return "", err
.\gitmap\release\gitopsquery.go|73|return without blank line|return false
.\gitmap\release\gitopsquery.go|84|return without blank line|return Version{}, fmt.Errorf("no git tags found and no .gitmap/release/latest.json exists")
.\gitmap\release\gitopsquery.go|115|return without blank line|return candidate, true
.\gitmap\release\gitopsquery.go|118|return without blank line|return candidate, true
.\gitmap\release\gitopsquery.go|128|return without blank line|return Version{}, false
.\gitmap\release\gitopsquery.go|133|return without blank line|return Version{}, false
.\gitmap\release\gitopsquery.go|137|return without blank line|return Version{}, false
.\gitmap\release\gitopsquery.go|91|monolithic function|length 19
.\gitmap\release\gitopsquery.go|125|monolithic function|length 16
.\gitmap\release\gitopstags.go|25|return without blank line|return nil
.\gitmap\release\gitopstags.go|34|return without blank line|return nil
.\gitmap\release\gitopstags.go|54|return without blank line|return TagEntry{}, false
.\gitmap\release\gitopstags.go|60|return without blank line|return TagEntry{}, false
.\gitmap\release\gitopstags.go|32|monolithic function|length 16
.\gitmap\release\gitstderrfilter.go|23|return without blank line|return &filteredStderrWriter{
.\gitmap\release\gitstderrfilter.go|36|return without blank line|return len(p), nil
.\gitmap\release\gitstderrfilter.go|45|return without blank line|return len(p), err
.\gitmap\release\gitstderrfilter.go|54|return without blank line|return nil
.\gitmap\release\gitstderrfilter.go|74|return without blank line|return true
.\gitmap\release\gitstderrfilter.go|31|monolithic function|length 17
.\gitmap\release\gitstderrfilter.go|52|monolithic function|length 16
.\gitmap\release\httphelpers.go|14|return without blank line|return t.Clone()
.\gitmap\release\httphelpers.go|23|return without blank line|return &url.URL{
.\gitmap\release\httphelpers.go|31|return without blank line|return &url.URL{
.\gitmap\release\httphelpers.go|40|return without blank line|return &http.Request{
.\gitmap\release\httphelpers.go|54|return without blank line|return githubTransport.RoundTrip(req)
.\gitmap\release\httphelpers.go|60|return without blank line|return nil, err
.\gitmap\release\installsnippet.go|21|return without blank line|return body
.\gitmap\release\installsnippet.go|26|return without blank line|return body
.\gitmap\release\installsnippet.go|31|return without blank line|return snippet
.\gitmap\release\installsnippet.go|39|return without blank line|return fmt.Sprintf(
.\gitmap\release\installsnippet.go|19|monolithic function|length 16
.\gitmap\release\metadata.go|66|return without blank line|return fmt.Errorf("create release dir: %w", err)
.\gitmap\release\metadata.go|71|return without blank line|return fmt.Errorf("parse tag for path: %w", err)
.\gitmap\release\metadata.go|80|return without blank line|return nil
.\gitmap\release\metadata.go|96|return without blank line|return false
.\gitmap\release\metadata.go|100|return without blank line|return false
.\gitmap\release\metadata.go|103|return without blank line|return false
.\gitmap\release\metadata.go|113|return without blank line|return LatestMeta{}, err
.\gitmap\release\metadata.go|126|return without blank line|return "", err
.\gitmap\release\metadata.go|132|return without blank line|return "", err
.\gitmap\release\metadata.go|144|return without blank line|return ReleaseMeta{}, err
.\gitmap\release\metadata.go|150|return without blank line|return meta, err
.\gitmap\release\metadata.go|161|return without blank line|return meta, nil
.\gitmap\release\metadata.go|179|return without blank line|return nil, err
.\gitmap\release\metadata.go|202|return without blank line|return filepath.Join(constants.DefaultReleaseDir, constants.DefaultLatestFile)
.\gitmap\release\metadata.go|209|return without blank line|return err
.\gitmap\release\metadata.go|141|monolithic function|length 31
.\gitmap\release\metadata.go|175|monolithic function|length 23
.\gitmap\release\metadata_test.go|17|return without blank line|return func() { constants.DefaultReleaseDir = orig }
.\gitmap\release\metadata_test.go|20|monolithic function|length 27
.\gitmap\release\metadata_test.go|49|monolithic function|length 18
.\gitmap\release\metadata_test.go|79|monolithic function|length 26
.\gitmap\release\metadata_test.go|107|monolithic function|length 20
.\gitmap\release\metadata_test.go|129|monolithic function|length 16
.\gitmap\release\releaseinstallhint.go|25|return without blank line|return false
.\gitmap\release\releaseinstallhint.go|37|return without blank line|return strings.Replace(normalized[idx+1:], ":", "/", 1)
.\gitmap\release\releaseinstallhint.go|46|return without blank line|return ""
.\gitmap\release\releaseinstallhint.go|58|return without blank line|return false
.\gitmap\release\releaseinstallhint.go|66|return without blank line|return false
.\gitmap\release\releaseinstallhint.go|71|return without blank line|return false
.\gitmap\release\remoteorigin.go|16|return without blank line|return "", "", fmt.Errorf("no remote origin URL found")
.\gitmap\release\remoteorigin.go|26|return without blank line|return ""
.\gitmap\release\remoteorigin.go|35|return without blank line|return parseGitURL(url)
.\gitmap\release\remoteorigin.go|42|return without blank line|return parseHTTPSURL(url)
.\gitmap\release\remoteorigin.go|47|return without blank line|return parseSSHURL(url)
.\gitmap\release\remoteorigin.go|59|return without blank line|return "", "", fmt.Errorf("invalid HTTPS remote: %s", url)
.\gitmap\release\remoteorigin.go|74|return without blank line|return "", "", fmt.Errorf("invalid SSH remote: %s", url)
.\gitmap\release\remoteorigin.go|81|return without blank line|return "", "", fmt.Errorf("invalid SSH remote path: %s", url)
.\gitmap\release\remoteorigin.go|69|monolithic function|length 16
.\gitmap\release\remoteorigin_test.go|10|monolithic function|length 26
.\gitmap\release\remoteorigin_test.go|39|monolithic function|length 26
.\gitmap\release\remoteorigin_test.go|68|monolithic function|length 28
.\gitmap\release\remoteorigin_test.go|103|monolithic function|length 26
.\gitmap\release\remoteorigin_test.go|136|monolithic function|length 26
.\gitmap\release\retry.go|12|monolithic function|length 21
.\gitmap\release\rollback.go|13|monolithic function|length 16
.\gitmap\release\rollback.go|48|monolithic function|length 24
.\gitmap\release\rollback.go|75|monolithic function|length 24
.\gitmap\release\selfrelease.go|16|return without blank line|return err
.\gitmap\release\selfrelease.go|21|return without blank line|return fmt.Errorf("could not determine current directory: %w", err)
.\gitmap\release\selfrelease.go|32|return without blank line|return fmt.Errorf("could not switch to source repo: %w", err)
.\gitmap\release\selfrelease.go|49|return without blank line|return false
.\gitmap\release\selfrelease.go|13|monolithic function|length 30
.\gitmap\release\selfrelease_resolve.go|39|return without blank line|return ""
.\gitmap\release\selfrelease_resolve.go|44|return without blank line|return ""
.\gitmap\release\selfrelease_resolve.go|51|return without blank line|return normalizeSourceRepoRoot(loadSourceRepoDB())
.\gitmap\release\selfrelease_resolve.go|57|return without blank line|return ""
.\gitmap\release\selfrelease_resolve.go|65|return without blank line|return "", fmt.Errorf("%s", constants.ErrSelfReleaseNoRepo)
.\gitmap\release\selfrelease_resolve.go|73|return without blank line|return "", fmt.Errorf("%s", constants.ErrSelfReleaseNoRepo)
.\gitmap\release\selfrelease_resolve.go|78|return without blank line|return "", fmt.Errorf("%s", constants.ErrSelfReleaseNoRepo)
.\gitmap\release\selfrelease_resolve.go|96|return without blank line|return false
.\gitmap\release\selfrelease_resolve.go|104|return without blank line|return ""
.\gitmap\release\selfrelease_resolve.go|109|return without blank line|return ""
.\gitmap\release\selfrelease_resolve.go|114|return without blank line|return ""
.\gitmap\release\selfrelease_resolve.go|122|return without blank line|return true
.\gitmap\release\selfrelease_resolve.go|126|return without blank line|return false
.\gitmap\release\selfrelease_resolve.go|131|return without blank line|return false
.\gitmap\release\selfrelease_resolve.go|156|return without blank line|return ""
.\gitmap\release\selfrelease_resolve.go|168|return without blank line|return dir
.\gitmap\release\selfrelease_resolve.go|173|return without blank line|return ""
.\gitmap\release\selfrelease_resolve.go|18|monolithic function|length 16
.\gitmap\release\selfrelease_resolve.go|63|monolithic function|length 28
.\gitmap\release\selfrelease_resolve.go|102|monolithic function|length 16
.\gitmap\release\semver.go|28|return without blank line|return Version{}, fmt.Errorf("empty version string")
.\gitmap\release\semver.go|39|return without blank line|return Version{}, err
.\gitmap\release\semver.go|52|return without blank line|return ""
.\gitmap\release\semver.go|62|return without blank line|return 0, 0, 0, fmt.Errorf("too many version segments")
.\gitmap\release\semver.go|67|return without blank line|return 0, 0, 0, fmt.Errorf("invalid major version: %s", parts[0])
.\gitmap\release\semver.go|72|return without blank line|return 0, 0, 0, err
.\gitmap\release\semver.go|77|return without blank line|return 0, 0, 0, err
.\gitmap\release\semver.go|85|return without blank line|return 0, nil
.\gitmap\release\semver.go|89|return without blank line|return 0, fmt.Errorf("invalid %s version: %s", name, parts[idx])
.\gitmap\release\semver.go|91|return without blank line|return val, nil
.\gitmap\release\semver.go|98|return without blank line|return base + "-" + v.PreRelease
.\gitmap\release\semver.go|108|return without blank line|return base + "-" + v.PreRelease
.\gitmap\release\semver.go|116|return without blank line|return len(v.PreRelease) > 0
.\gitmap\release\semver.go|122|return without blank line|return true
.\gitmap\release\semver.go|125|return without blank line|return false
.\gitmap\release\semver.go|128|return without blank line|return true
.\gitmap\release\semver.go|131|return without blank line|return false
.\gitmap\release\semver.go|134|return without blank line|return true
.\gitmap\release\semver.go|137|return without blank line|return false
.\gitmap\release\semver.go|147|return without blank line|return true
.\gitmap\release\semver.go|157|return without blank line|return Version{Major: v.Major + 1, Minor: 0, Patch: 0}, nil
.\gitmap\release\semver.go|159|return without blank line|return Version{Major: v.Major, Minor: v.Minor + 1, Patch: 0}, nil
.\gitmap\release\semver.go|161|return without blank line|return Version{Major: v.Major, Minor: v.Minor, Patch: v.Patch + 1}, nil
.\gitmap\release\semver.go|163|return without blank line|return Version{}, fmt.Errorf("invalid bump level: %s (use major, minor, or patch)", level)
.\gitmap\release\semver.go|24|monolithic function|length 22
.\gitmap\release\semver.go|59|monolithic function|length 22
.\gitmap\release\semver.go|120|monolithic function|length 21
.\gitmap\release\semver_test.go|92|monolithic function|length 19
.\gitmap\release\temprelease.go|27|return without blank line|return nil, fmt.Errorf("failed to list recent commits: %w", err)
.\gitmap\release\temprelease.go|36|return without blank line|return nil
.\gitmap\release\temprelease.go|56|return without blank line|return TempReleaseCommit{}
.\gitmap\release\temprelease.go|108|return without blank line|return nil, err
.\gitmap\release\temprelease.go|117|return without blank line|return nil
.\gitmap\release\temprelease.go|34|monolithic function|length 16
.\gitmap\release\temprelease.go|53|monolithic function|length 17
.\gitmap\release\temprelease.go|115|monolithic function|length 18
.\gitmap\release\workflow.go|59|return without blank line|return delegateErr
.\gitmap\release\workflow.go|64|return without blank line|return err
.\gitmap\release\workflow.go|69|return without blank line|return delegateErr
.\gitmap\release\workflow.go|74|return without blank line|return err
.\gitmap\release\workflow.go|79|return without blank line|return err
.\gitmap\release\workflow.go|95|return without blank line|return false, nil
.\gitmap\release\workflow.go|102|return without blank line|return false, nil
.\gitmap\release\workflow.go|108|return without blank line|return false, nil
.\gitmap\release\workflow.go|121|return without blank line|return false, nil
.\gitmap\release\workflow.go|125|return without blank line|return false, nil
.\gitmap\release\workflow.go|130|return without blank line|return false, nil
.\gitmap\release\workflow.go|135|return without blank line|return false, nil
.\gitmap\release\workflow.go|146|return without blank line|return tryDelegateFromCurrentBranch(opts)
.\gitmap\release\workflow.go|155|return without blank line|return resolveExplicitVersion(opts.Version)
.\gitmap\release\workflow.go|158|return without blank line|return resolveBumpVersion(opts.Bump)
.\gitmap\release\workflow.go|167|return without blank line|return v, err
.\gitmap\release\workflow.go|172|return without blank line|return v, nil
.\gitmap\release\workflow.go|178|return without blank line|return v, err
.\gitmap\release\workflow.go|183|return without blank line|return v, nil
.\gitmap\release\workflow.go|189|return without blank line|return v, err
.\gitmap\release\workflow.go|194|return without blank line|return v, nil
.\gitmap\release\workflow.go|210|return without blank line|return printDryRun(v, branchName, tag, sourceName, opts)
.\gitmap\release\workflow.go|224|return without blank line|return err
.\gitmap\release\workflow.go|234|return without blank line|return err
.\gitmap\release\workflow.go|250|return without blank line|return nil
.\gitmap\release\workflow.go|260|return without blank line|return fmt.Errorf("create branch: %w", err)
.\gitmap\release\workflow.go|266|return without blank line|return fmt.Errorf("create tag: %w", err)
.\gitmap\release\workflow.go|276|return without blank line|return opts.Notes
.\gitmap\release\workflow.go|52|monolithic function|length 35
.\gitmap\release\workflow.go|92|monolithic function|length 22
.\gitmap\release\workflow.go|118|monolithic function|length 23
.\gitmap\release\workflow.go|198|monolithic function|length 47
.\gitmap\release\workflowbranch.go|16|return without blank line|return err
.\gitmap\release\workflowbranch.go|21|return without blank line|return err
.\gitmap\release\workflowbranch.go|27|return without blank line|return printDryRun(version, branchName, version.String(), branchName, Options{
.\gitmap\release\workflowbranch.go|39|return without blank line|return Version{}, fmt.Errorf(constants.ErrReleaseInvalidVersion, branchName)
.\gitmap\release\workflowbranch.go|50|return without blank line|return checkDuplicate(v)
.\gitmap\release\workflowbranch.go|65|return without blank line|return fmt.Errorf("checkout branch: %w", err)
.\gitmap\release\workflowbranch.go|88|return without blank line|return err
.\gitmap\release\workflowbranch.go|105|return without blank line|return fmt.Errorf("could not list release branches: %w", err)
.\gitmap\release\workflowbranch.go|126|return without blank line|return err
.\gitmap\release\workflowbranch.go|150|return without blank line|return nil, err
.\gitmap\release\workflowbranch.go|13|monolithic function|length 20
.\gitmap\release\workflowbranch.go|57|monolithic function|length 41
.\gitmap\release\workflowbranch.go|102|monolithic function|length 28
.\gitmap\release\workflowdocs.go|55|return without blank line|return fmt.Errorf("walk error at %s: %w", path, err)
.\gitmap\release\workflowdocs.go|59|return without blank line|return nil
.\gitmap\release\workflowdocs.go|74|return without blank line|return fmt.Errorf("create archive %s: %w", archivePath, err)
.\gitmap\release\workflowdocs.go|84|return without blank line|return fmt.Errorf("relative path for %s: %w", itemPath, relErr)
.\gitmap\release\workflowdocs.go|91|return without blank line|return fmt.Errorf("add %s to zip: %w", itemPath, err)
.\gitmap\release\workflowdocs.go|15|monolithic function|length 32
.\gitmap\release\workflowdocs.go|50|monolithic function|length 18
.\gitmap\release\workflowdocs.go|71|monolithic function|length 25
.\gitmap\release\workflowdryrun.go|121|return without blank line|return nil
.\gitmap\release\workflowdryrun.go|126|return without blank line|return fmt.Errorf("switch back to %s: %w", branch, err)
.\gitmap\release\workflowdryrun.go|29|monolithic function|length 23
.\gitmap\release\workflowdryrun.go|71|monolithic function|length 17
.\gitmap\release\workflowfinalize.go|27|return without blank line|return fmt.Errorf(constants.ErrReleasePushFailed, err)
.\gitmap\release\workflowfinalize.go|95|return without blank line|return fmt.Errorf(constants.ErrReleaseMetaWrite, metaPath, err)
.\gitmap\release\workflowfinalize.go|147|return without blank line|return nil
.\gitmap\release\workflowfinalize.go|157|return without blank line|return nil
.\gitmap\release\workflowfinalize.go|162|return without blank line|return entry.Notes
.\gitmap\release\workflowfinalize.go|188|return without blank line|return err
.\gitmap\release\workflowfinalize.go|221|return without blank line|return assets
.\gitmap\release\workflowfinalize.go|234|return without blank line|return assets
.\gitmap\release\workflowfinalize.go|22|monolithic function|length 55
.\gitmap\release\workflowfinalize.go|80|monolithic function|length 22
.\gitmap\release\workflowfinalize.go|105|monolithic function|length 30
.\gitmap\release\workflowfinalize.go|169|monolithic function|length 27
.\gitmap\release\workflowgithub.go|68|return without blank line|return nil
.\gitmap\release\workflowgithub.go|72|return without blank line|return nil
.\gitmap\release\workflowgithub.go|77|return without blank line|return nil
.\gitmap\release\workflowgithub.go|13|monolithic function|length 50
.\gitmap\release\workflowgithub.go|66|monolithic function|length 45
.\gitmap\release\workfloworder_test.go|17|monolithic function|length 47
.\gitmap\release\workfloworder_test.go|68|monolithic function|length 31
.\gitmap\release\workfloworder_test.go|103|monolithic function|length 31
.\gitmap\release\workfloworder_test.go|138|monolithic function|length 24
.\gitmap\release\workfloworder_test.go|167|monolithic function|length 22
.\gitmap\release\workflowpending.go|14|return without blank line|return nil
.\gitmap\release\workflowpending.go|37|return without blank line|return false
.\gitmap\release\workflowpending.go|42|return without blank line|return false
.\gitmap\release\workflowpending.go|45|return without blank line|return false
.\gitmap\release\workflowpending.go|48|return without blank line|return false
.\gitmap\release\workflowpending.go|71|return without blank line|return fmt.Errorf("invalid version in metadata: %s", meta.Tag)
.\gitmap\release\workflowpending.go|100|return without blank line|return fmt.Errorf("create branch from metadata: %w", err)
.\gitmap\release\workflowpending.go|107|return without blank line|return fmt.Errorf("create tag from metadata: %w", err)
.\gitmap\release\workflowpending.go|120|return without blank line|return false
.\gitmap\release\workflowpending.go|131|return without blank line|return false
.\gitmap\release\workflowpending.go|134|return without blank line|return false
.\gitmap\release\workflowpending.go|11|monolithic function|length 20
.\gitmap\release\workflowpending.go|35|monolithic function|length 17
.\gitmap\release\workflowpending.go|68|monolithic function|length 46
.\gitmap\release\workflowreleasescript.go|32|return without blank line|return nil
.\gitmap\release\workflowreleasescript.go|68|return without blank line|return "", fmt.Errorf("read embedded %s: %w", s.embeddedName, err)
.\gitmap\release\workflowreleasescript.go|75|return without blank line|return "", fmt.Errorf("write snapshot %s: %w", outPath, err)
.\gitmap\release\workflowreleasescript.go|102|return without blank line|return header + bakeLine + "\n" + body
.\gitmap\release\workflowreleasescript.go|105|return without blank line|return body[:idx] + bakeLine + "\n" + header + body[idx:]
.\gitmap\release\workflowreleasescript.go|112|return without blank line|return "#!/usr/bin/env bash\n" + header + bakeLine + "\n" + body
.\gitmap\release\workflowreleasescript.go|114|return without blank line|return body[:idxBash] + header + bakeLine + "\n\n" + body[idxBash:]
.\gitmap\release\workflowreleasescript.go|30|monolithic function|length 30
.\gitmap\release\workflowreleasescript.go|65|monolithic function|length 19
.\gitmap\release\workflowreleasescript.go|94|monolithic function|length 21
.\gitmap\release\workflowvalidate.go|18|return without blank line|return Version{}, err
.\gitmap\release\workflowvalidate.go|27|return without blank line|return Version{}, err
.\gitmap\release\workflowvalidate.go|37|return without blank line|return ResolveLatestVersion()
.\gitmap\release\workflowvalidate.go|71|return without blank line|return v, nil
.\gitmap\release\workflowvalidate.go|85|return without blank line|return Version{}, fmt.Errorf(constants.ErrReleaseVersionRequired)
.\gitmap\release\workflowvalidate.go|102|return without blank line|return handleOrphanedMeta(v)
.\gitmap\release\workflowvalidate.go|105|return without blank line|return fmt.Errorf(constants.ErrReleaseAlreadyExists, v.String(), v.String())
.\gitmap\release\workflowvalidate.go|109|return without blank line|return fmt.Errorf(constants.ErrReleaseTagExists, v.String())
.\gitmap\release\workflowvalidate.go|123|return without blank line|return fmt.Errorf(constants.ErrReleaseAlreadyExists, v.String(), v.String())
.\gitmap\release\workflowvalidate.go|128|return without blank line|return fmt.Errorf(constants.ErrReleaseAborted)
.\gitmap\release\workflowvalidate.go|136|return without blank line|return fmt.Errorf(constants.ErrReleaseOrphanedRemove, path, err)
.\gitmap\release\workflowvalidate.go|15|monolithic function|length 18
.\gitmap\release\workflowvalidate.go|55|monolithic function|length 24
.\gitmap\release\workflowvalidate.go|95|monolithic function|length 18
.\gitmap\release\workflowvalidate.go|117|monolithic function|length 25
.\gitmap\release\workflowzip.go|16|return without blank line|return nil
.\gitmap\release\workflowzip.go|60|return without blank line|return nil
.\gitmap\release\workflowzip.go|77|return without blank line|return nil
.\gitmap\release\workflowzip.go|14|monolithic function|length 41
.\gitmap\release\workflowzip.go|58|monolithic function|length 31
.\gitmap\release\workflowzip.go|92|monolithic function|length 17
.\gitmap\release\workflow_test.go|13|monolithic function|length 34
.\gitmap\release\workflow_test.go|51|monolithic function|length 33
.\gitmap\release\workflow_test.go|88|monolithic function|length 29
.\gitmap\release\workflow_test.go|121|monolithic function|length 33
.\gitmap\release\ziparchive.go|47|return without blank line|return "", fmt.Errorf(constants.ErrZGGroupNotDB, name)
.\gitmap\release\ziparchive.go|52|return without blank line|return "", err
.\gitmap\release\ziparchive.go|68|return without blank line|return "", err
.\gitmap\release\ziparchive.go|79|return without blank line|return g.ArchiveName
.\gitmap\release\ziparchive.go|90|return without blank line|return buildAdHocBundle(paths, bundleName, stagingDir)
.\gitmap\release\ziparchive.go|44|monolithic function|length 30
.\gitmap\release\ziparchive.go|114|monolithic function|length 22
.\gitmap\release\ziparchive.go|139|monolithic function|length 19
.\gitmap\release\ziparchive.go|160|monolithic function|length 16
.\gitmap\release\zipdryrun.go|13|monolithic function|length 26
.\gitmap\release\zipdryrun.go|42|monolithic function|length 17
.\gitmap\release\zipio.go|20|return without blank line|return fmt.Errorf("create zip: %w", err)
.\gitmap\release\zipio.go|29|return without blank line|return newMaxDeflateWriter(out), nil
.\gitmap\release\zipio.go|48|return without blank line|return err
.\gitmap\release\zipio.go|85|return without blank line|return "", err
.\gitmap\release\zipio.go|93|return without blank line|return "", err
.\gitmap\release\zipio.go|103|return without blank line|return fmt.Errorf("open %s: %w", srcPath, err)
.\gitmap\release\zipio.go|109|return without blank line|return fmt.Errorf("stat %s: %w", srcPath, err)
.\gitmap\release\zipio.go|114|return without blank line|return fmt.Errorf("header %s: %w", srcPath, err)
.\gitmap\release\zipio.go|122|return without blank line|return fmt.Errorf("create entry %s: %w", entryName, err)
.\gitmap\release\zipio.go|132|return without blank line|return filepath.Walk(folderPath, func(path string, info os.FileInfo, err error) error {
.\gitmap\release\zipio.go|134|return without blank line|return err
.\gitmap\release\zipio.go|138|return without blank line|return nil
.\gitmap\release\zipio.go|17|monolithic function|length 44
.\gitmap\release\zipio.go|100|monolithic function|length 28
.\gitmap\release\zipio.go|131|monolithic function|length 21
.\gitmap\render\adapters.go|68|return without blank line|return ssh
.\gitmap\render\adapters.go|71|return without blank line|return https
.\gitmap\render\adapters.go|24|monolithic function|length 20
.\gitmap\render\preflag.go|62|return without blank line|return false
.\gitmap\render\preflag.go|65|return without blank line|return false
.\gitmap\render\preflag.go|68|return without blank line|return true
.\gitmap\render\preflag.go|71|return without blank line|return false
.\gitmap\render\preflag.go|88|return without blank line|return theme.IsStdoutTTY()
.\gitmap\render\preflag.go|92|return without blank line|return false
.\gitmap\render\pretty.go|66|return without blank line|return applyANSIPost(tokenToANSI().Replace(Render(md)))
.\gitmap\render\pretty.go|75|return without blank line|return tokenToANSI().Replace(HighlightQuotes(s))
.\gitmap\render\pretty.go|82|return without blank line|return strings.NewReplacer(
.\gitmap\render\prettypost.go|26|return without blank line|return h
.\gitmap\render\prettypost.go|48|return without blank line|return "", false
.\gitmap\render\prettypost.go|54|return without blank line|return constants.ColorCyan + "▌ " + text + constants.ColorReset, true
.\gitmap\render\prettypost.go|56|return without blank line|return constants.ColorYellow + "▌ " + text + constants.ColorReset, true
.\gitmap\render\prettypost.go|58|return without blank line|return constants.ColorMagenta + "› " + text + constants.ColorReset, true
.\gitmap\render\prettypost.go|60|return without blank line|return constants.ColorWhite + text + constants.ColorReset, true
.\gitmap\render\prettypost.go|88|return without blank line|return line
.\gitmap\render\prettypost.go|97|return without blank line|return line
.\gitmap\render\prettypost.go|24|monolithic function|length 17
.\gitmap\render\prettypost.go|45|monolithic function|length 17
.\gitmap\render\prettypost_spans.go|15|return without blank line|return line
.\gitmap\render\prettypost_spans.go|31|return without blank line|return bareFlagRe.ReplaceAllString(line,
.\gitmap\render\prettypost_spans.go|38|return without blank line|return anglePlaceholderRe.ReplaceAllString(line,
.\gitmap\render\prettypost_spans.go|45|return without blank line|return defaultParenRe.ReplaceAllString(line,
.\gitmap\render\prettypost_spans.go|52|return without blank line|return inlineCodeRe.ReplaceAllString(s,
.\gitmap\render\prettypost_spans.go|59|return without blank line|return inlineBoldRe.ReplaceAllString(s,
.\gitmap\render\prettypost_spans.go|66|return without blank line|return inlineLinkRe.ReplaceAllString(s,
.\gitmap\render\prettypost_spans.go|76|return without blank line|return line
.\gitmap\render\prettypost_spans.go|78|return without blank line|return "  " + constants.ColorDim + "$ " + constants.ColorReset +
.\gitmap\render\pretty_emit.go|81|return without blank line|return b.String()
.\gitmap\render\pretty_emit.go|88|return without blank line|return true
.\gitmap\render\pretty_emit.go|92|return without blank line|return false
.\gitmap\render\pretty_emit.go|117|return without blank line|return m[1] + TokGreenOpen + m[2] + TokGreenClose
.\gitmap\render\pretty_emit.go|119|return without blank line|return highlightInline(line)
.\gitmap\render\pretty_emit.go|127|return without blank line|return TokMagentaOpen + m + TokMagentaClose
.\gitmap\render\pretty_emit.go|130|return without blank line|return TokMagentaOpen + m + TokMagentaClose
.\gitmap\render\pretty_emit.go|132|return without blank line|return s
.\gitmap\render\pretty_parse.go|35|return without blank line|return out
.\gitmap\render\pretty_parse.go|42|return without blank line|return appendFence(out, body), next
.\gitmap\render\pretty_parse.go|45|return without blank line|return parseHeadingAndSubtitle(lines, i, out)
.\gitmap\render\pretty_parse.go|48|return without blank line|return append(out, block{kind: bkBlank}), i + 1
.\gitmap\render\pretty_parse.go|50|return without blank line|return parseCodeOrText(lines, i, out)
.\gitmap\render\pretty_parse.go|57|return without blank line|return append(out, block{kind: bkList, lines: items}), next
.\gitmap\render\pretty_parse.go|61|return without blank line|return append(out, block{kind: bkFence, lines: body}), next
.\gitmap\render\pretty_parse.go|64|return without blank line|return append(out, block{kind: bkParagraph, text: para}), next
.\gitmap\render\pretty_parse.go|73|return without blank line|return out, next
.\gitmap\render\pretty_parse.go|75|return without blank line|return out, i + 1
.\gitmap\render\pretty_parse.go|86|return without blank line|return stripItalic(lines[j]), j + 1
.\gitmap\render\pretty_parse.go|88|return without blank line|return "", 0
.\gitmap\render\pretty_parse.go|102|return without blank line|return out
.\gitmap\render\pretty_parse.go|104|return without blank line|return append(out, block{kind: bkFence, lines: body})
.\gitmap\render\pretty_parse.go|110|return without blank line|return i
.\gitmap\render\pretty_parse.go|113|return without blank line|return -1
.\gitmap\render\pretty_parse.go|128|return without blank line|return body, i
.\gitmap\render\pretty_parse.go|144|return without blank line|return strings.Join(buf, " "), i
.\gitmap\render\pretty_parse.go|148|return without blank line|return strings.HasPrefix(strings.TrimSpace(line), "```")
.\gitmap\render\pretty_parse.go|153|return without blank line|return strings.HasPrefix(t, "# ") || strings.HasPrefix(t, "## ") ||
.\gitmap\render\pretty_parse.go|164|return without blank line|return depth
.\gitmap\render\pretty_parse.go|170|return without blank line|return false
.\gitmap\render\pretty_parse.go|172|return without blank line|return (strings.HasPrefix(t, "*") && strings.HasSuffix(t, "*") &&
.\gitmap\render\pretty_parse.go|184|return without blank line|return t
.\gitmap\render\pretty_parse.go|190|return without blank line|return strings.Join(strings.Fields(strings.ToLower(s)), " ")
.\gitmap\render\pretty_parse.go|198|return without blank line|return true
.\gitmap\render\pretty_parse.go|200|return without blank line|return strings.HasPrefix(t, "|")
.\gitmap\render\pretty_parse.go|211|return without blank line|return out, i
.\gitmap\render\pretty_parse.go|221|return without blank line|return false
.\gitmap\render\pretty_parse.go|223|return without blank line|return strings.TrimSpace(line) != ""
.\gitmap\render\pretty_parse.go|227|return without blank line|return strings.TrimSpace(lines[i]) == "" && i+1 < len(lines) && isIndentedCode(lines[i+1])
.\gitmap\render\pretty_parse.go|247|return without blank line|return body, i
.\gitmap\render\pretty_test.go|16|monolithic function|length 20
.\gitmap\render\repotermblock.go|80|return without blank line|return err
.\gitmap\render\repotermblock.go|94|return without blank line|return err
.\gitmap\render\repotermblock.go|118|return without blank line|return b.Transport
.\gitmap\render\repotermblock.go|126|return without blank line|return b.HTTPSUrl
.\gitmap\render\repotermblock.go|129|return without blank line|return b.OriginalURL
.\gitmap\render\repotermblock.go|137|return without blank line|return b.SSHUrl
.\gitmap\render\repotermblock.go|140|return without blank line|return b.OriginalURL
.\gitmap\render\repotermblock.go|149|return without blank line|return constants.ScanTransportSSH
.\gitmap\render\repotermblock.go|152|return without blank line|return constants.ScanTransportHTTPS
.\gitmap\render\repotermblock.go|164|return without blank line|return fieldUnknown
.\gitmap\render\repotermblock.go|167|return without blank line|return branch
.\gitmap\render\repotermblock.go|176|return without blank line|return fieldUnknown
.\gitmap\render\repotermblock_test.go|11|monolithic function|length 28
.\gitmap\render\repotermblock_test.go|43|monolithic function|length 20
.\gitmap\render\repotermblock_test.go|98|monolithic function|length 16
.\gitmap\result\result.go|11|return without blank line|return Result[T]{
.\gitmap\result\result.go|19|return without blank line|return Result[T]{
.\gitmap\scanner\progress.go|34|return without blank line|return func() {}
.\gitmap\scanner\progress.go|52|monolithic function|length 16
.\gitmap\scanner\progress_test.go|16|monolithic function|length 54
.\gitmap\scanner\progress_test.go|76|monolithic function|length 33
.\gitmap\scanner\progress_test.go|133|monolithic function|length 29
.\gitmap\scanner\scanner.go|139|return without blank line|return ScanDirWithOptions(root, ScanOptions{ExcludeDirs: excludeDirs})
.\gitmap\scanner\scanner.go|147|return without blank line|return ScanDirWithOptions(root, ScanOptions{
.\gitmap\scanner\scanner.go|159|return without blank line|return nil, err
.\gitmap\scanner\scanner.go|176|return without blank line|return defaultWorkerCount()
.\gitmap\scanner\scanner.go|179|return without blank line|return scanWorkersMax
.\gitmap\scanner\scanner.go|191|return without blank line|return DefaultMaxDepth
.\gitmap\scanner\scanner.go|201|return without blank line|return 1
.\gitmap\scanner\scanner.go|204|return without blank line|return scanWorkersMax
.\gitmap\scanner\scanner.go|250|return without blank line|return ScanProgress{
.\gitmap\scanner\scanner.go|356|return without blank line|return true
.\gitmap\scanner\scanner.go|380|return without blank line|return true
.\gitmap\scanner\scanner.go|383|return without blank line|return true
.\gitmap\scanner\scanner.go|397|return without blank line|return false
.\gitmap\scanner\scanner.go|261|monolithic function|length 50
.\gitmap\scanner\scanner.go|323|monolithic function|length 24
.\gitmap\scanner\scanner_test.go|26|monolithic function|length 32
.\gitmap\scanner\scanner_test.go|111|monolithic function|length 23
.\gitmap\scanner\scanner_worktree_test.go|50|monolithic function|length 18
.\gitmap\scanner\sort.go|38|return without blank line|return repos[i].RelativePath < repos[j].RelativePath
.\gitmap\scripts\embed.go|18|return without blank line|return files
.\gitmap\scripts\embed.go|24|return without blank line|return fs.ReadFile(files, name)
.\gitmap\setup\pathsnippet.go|20|return without blank line|return "", fmt.Errorf(constants.ErrPathSnippetDirRequired)
.\gitmap\setup\pathsnippet.go|24|return without blank line|return "", err
.\gitmap\setup\pathsnippet.go|37|return without blank line|return constants.PathSnippetBashFmt, nil
.\gitmap\setup\pathsnippet.go|39|return without blank line|return constants.PathSnippetZshFmt, nil
.\gitmap\setup\pathsnippet.go|41|return without blank line|return constants.PathSnippetFishFmt, nil
.\gitmap\setup\pathsnippet.go|43|return without blank line|return constants.PathSnippetPwshFmt, nil
.\gitmap\setup\pathsnippet.go|45|return without blank line|return "", fmt.Errorf(constants.ErrPathSnippetUnknownShell, shell)
.\gitmap\setup\pathsnippet.go|61|return without blank line|return constants.PathSnippetMarkerClose
.\gitmap\setup\pathsnippetwriter.go|45|return without blank line|return PathSnippetWriteResult{}, err
.\gitmap\setup\pathsnippetwriter.go|50|return without blank line|return appendSnippet(profile, body)
.\gitmap\setup\pathsnippetwriter.go|52|return without blank line|return rewriteProfileFile(profile, string(existing), open, MarkerClose(), body)
.\gitmap\setup\pathsnippetwriter.go|58|return without blank line|return "", "", err
.\gitmap\setup\pathsnippetwriter.go|62|return without blank line|return "", "", err
.\gitmap\setup\pathsnippetwriter.go|64|return without blank line|return body, resolvedPath, nil
.\gitmap\setup\pathsnippetwriter.go|71|return without blank line|return "", err
.\gitmap\setup\pathsnippetwriter.go|75|return without blank line|return "", fmt.Errorf("create profile dir %s: %w", filepath.Dir(profile), err)
.\gitmap\setup\pathsnippetwriter.go|77|return without blank line|return profile, nil
.\gitmap\setup\pathsnippetwriter.go|83|return without blank line|return PathSnippetWriteResult{Profile: profile, Action: "noop", Snippet: body}, nil
.\gitmap\setup\pathsnippetwriter.go|87|return without blank line|return PathSnippetWriteResult{}, fmt.Errorf("rewrite profile %s: %w", profile, wrErr)
.\gitmap\setup\pathsnippetwriter.go|89|return without blank line|return PathSnippetWriteResult{Profile: profile, Action: "rewritten", Snippet: body}, nil
.\gitmap\setup\pathsnippetwriter.go|96|return without blank line|return PathSnippetWriteResult{}, fmt.Errorf("open profile %s: %w", profile, err)
.\gitmap\setup\pathsnippetwriter.go|100|return without blank line|return PathSnippetWriteResult{}, fmt.Errorf("append snippet: %w", err)
.\gitmap\setup\pathsnippetwriter.go|102|return without blank line|return PathSnippetWriteResult{Profile: profile, Action: "appended", Snippet: body}, nil
.\gitmap\setup\pathsnippetwriter.go|132|return without blank line|return out.String(), state.wrote
.\gitmap\setup\pathsnippetwriter.go|140|return without blank line|return content
.\gitmap\setup\pathsnippetwriter.go|143|return without blank line|return res
.\gitmap\setup\pathsnippetwriter.go|145|return without blank line|return strings.TrimRight(res, "\n")
.\gitmap\setup\pathsnippetwriter.go|152|return without blank line|return "", fmt.Errorf("resolve home dir: %w", err)
.\gitmap\setup\pathsnippetwriter.go|156|return without blank line|return "", err
.\gitmap\setup\pathsnippetwriter.go|158|return without blank line|return filepath.Join(home, rel), nil
.\gitmap\setup\pathsnippetwriter.go|164|return without blank line|return ".bashrc", nil
.\gitmap\setup\pathsnippetwriter.go|166|return without blank line|return ".zshrc", nil
.\gitmap\setup\pathsnippetwriter.go|168|return without blank line|return filepath.Join(".config", "fish", "config.fish"), nil
.\gitmap\setup\pathsnippetwriter.go|174|return without blank line|return "", fmt.Errorf("unknown shell %q", shell)
.\gitmap\setup\pathsnippetwriter_test.go|26|monolithic function|length 30
.\gitmap\setup\pathsnippetwriter_test.go|74|monolithic function|length 16
.\gitmap\setup\pathsnippet_test.go|8|monolithic function|length 16
.\gitmap\setup\setup.go|56|return without blank line|return GitSetupConfig{}, err
.\gitmap\setup\setup.go|65|monolithic function|length 20
.\gitmap\setup\setupapply.go|79|return without blank line|return ""
.\gitmap\setup\setupapply.go|95|return without blank line|return mapped
.\gitmap\stablejson\stablejson.go|74|return without blank line|return WriteArrayIndent(w, items, "  ")
.\gitmap\stablejson\stablejson.go|130|return without blank line|return WriteObjectIndent(w, fields, "  ")
.\gitmap\stablejson\stablejson.go|158|return without blank line|return err
.\gitmap\stablejson\stablejson.go|166|return without blank line|return err
.\gitmap\stablejson\stablejson.go|142|monolithic function|length 35
.\gitmap\stablejson\stablejson.go|192|monolithic function|length 16
.\gitmap\stablejson\stablejson_test.go|29|monolithic function|length 35
.\gitmap\stablejson\stablejson_test.go|89|monolithic function|length 17
.\gitmap\stablejson\writers.go|23|return without blank line|return err
.\gitmap\stablejson\writers.go|49|return without blank line|return err
.\gitmap\stablejson\writers.go|71|return without blank line|return err
.\gitmap\stablejson\writers.go|92|return without blank line|return err
.\gitmap\stablejson\writers.go|112|return without blank line|return fmt.Errorf("stablejson: encode key %q: %w", f.Key, err)
.\gitmap\stablejson\writers.go|119|return without blank line|return fmt.Errorf("stablejson: encode value for key %q: %w", f.Key, err)
.\gitmap\stablejson\writers.go|19|monolithic function|length 16
.\gitmap\stablejson\writers.go|85|monolithic function|length 17
.\gitmap\startup\add.go|113|return without blank line|return AddResult{Status: AddBadName}, nil
.\gitmap\startup\add.go|121|return without blank line|return AddResult{}, err
.\gitmap\startup\add.go|124|return without blank line|return AddResult{}, fmt.Errorf("create autostart dir %s: %w", dir, err)
.\gitmap\startup\add.go|156|return without blank line|return clean + constants.StartupDesktopExt
.\gitmap\startup\add.go|168|return without blank line|return AddResult{Status: AddRefused, Path: full}, nil
.\gitmap\startup\add.go|171|return without blank line|return AddResult{Status: AddExists, Path: full}, nil
.\gitmap\startup\add.go|175|return without blank line|return AddResult{}, err
.\gitmap\startup\add.go|178|return without blank line|return AddResult{Status: AddOverwritten, Path: full}, nil
.\gitmap\startup\add.go|202|return without blank line|return false, false
.\gitmap\startup\add.go|110|monolithic function|length 19
.\gitmap\startup\add.go|165|monolithic function|length 17
.\gitmap\startup\addplist.go|57|return without blank line|return clean + constants.StartupPlistExt
.\gitmap\startup\addplist.go|141|return without blank line|return []string{""}
.\gitmap\startup\addplist.go|110|monolithic function|length 19
.\gitmap\startup\addplist.go|171|monolithic function|length 17
.\gitmap\startup\addrender.go|68|return without blank line|return fmt.Errorf("write temp %s: %w", tmp, err)
.\gitmap\startup\addrender.go|72|return without blank line|return fmt.Errorf("rename %s -> %s: %w", tmp, target, err)
.\gitmap\startup\addrender.go|84|return without blank line|return ".gitmap-tmp-" + target
.\gitmap\startup\addrender.go|26|monolithic function|length 28
.\gitmap\startup\add_darwin_test.go|25|monolithic function|length 19
.\gitmap\startup\add_darwin_test.go|50|monolithic function|length 32
.\gitmap\startup\add_darwin_test.go|104|monolithic function|length 17
.\gitmap\startup\add_darwin_test.go|125|monolithic function|length 16
.\gitmap\startup\add_darwin_test.go|162|monolithic function|length 16
.\gitmap\startup\add_darwin_test.go|185|monolithic function|length 18
.\gitmap\startup\add_test.go|19|monolithic function|length 24
.\gitmap\startup\add_test.go|65|monolithic function|length 17
.\gitmap\startup\add_test.go|86|monolithic function|length 16
.\gitmap\startup\add_test.go|122|monolithic function|length 25
.\gitmap\startup\desktop.go|67|return without blank line|return false
.\gitmap\startup\desktop.go|81|return without blank line|return Entry{}, false
.\gitmap\startup\desktop.go|87|return without blank line|return Entry{}, false
.\gitmap\startup\desktop.go|127|return without blank line|return dir + name
.\gitmap\startup\desktop.go|42|monolithic function|length 18
.\gitmap\startup\desktop.go|77|monolithic function|length 18
.\gitmap\startup\desktop.go|103|monolithic function|length 16
.\gitmap\startup\lifecycle_integration_test.go|47|return without blank line|return withFakeLaunchAgentsDir(t)
.\gitmap\startup\lifecycle_integration_test.go|59|return without blank line|return "gitmap." + logical, "gitmap." + logical + ".plist"
.\gitmap\startup\lifecycle_integration_test.go|70|monolithic function|length 95
.\gitmap\startup\lifecycle_integration_test.go|173|monolithic function|length 28
.\gitmap\startup\lifecycle_integration_test.go|208|monolithic function|length 36
.\gitmap\startup\plist.go|60|return without blank line|return false
.\gitmap\startup\plist.go|75|return without blank line|return Entry{}, false
.\gitmap\startup\plist.go|81|return without blank line|return Entry{}, false
.\gitmap\startup\plist.go|164|return without blank line|return strings.Join(s.progArgs, " ")
.\gitmap\startup\plist.go|35|monolithic function|length 18
.\gitmap\startup\plist.go|71|monolithic function|length 18
.\gitmap\startup\plist.go|127|monolithic function|length 21
.\gitmap\startup\plistxml.go|17|monolithic function|length 17
.\gitmap\startup\plistxml.go|40|monolithic function|length 17
.\gitmap\startup\plist_test.go|37|monolithic function|length 18
.\gitmap\startup\plist_test.go|61|monolithic function|length 18
.\gitmap\startup\plist_test.go|120|monolithic function|length 30
.\gitmap\startup\remove.go|75|return without blank line|return RemoveWithOptions(name, RemoveOptions{})
.\gitmap\startup\remove.go|82|monolithic function|length 18
.\gitmap\startup\remove.go|138|monolithic function|length 19
.\gitmap\startup\remove.go|167|monolithic function|length 16
.\gitmap\startup\remove_dryrun_test.go|19|monolithic function|length 20
.\gitmap\startup\scanner.go|16|return without blank line|return bufio.NewScanner(r)
.\gitmap\startup\startup.go|66|monolithic function|length 24
.\gitmap\startup\startup.go|110|monolithic function|length 21
.\gitmap\startup\startup_test.go|17|monolithic function|length 16
.\gitmap\startup\startup_test.go|58|monolithic function|length 18
.\gitmap\startup\startup_test.go|105|monolithic function|length 34
.\gitmap\startup\winbackend.go|59|return without blank line|return BackendUnspecified, nil
.\gitmap\startup\winbackend.go|61|return without blank line|return BackendRegistry, nil
.\gitmap\startup\winbackend.go|63|return without blank line|return BackendStartupFolder, nil
.\gitmap\startup\winbackend.go|65|return without blank line|return BackendRegistryHKLM, nil
.\gitmap\startup\winbackend.go|67|return without blank line|return BackendUnspecified, fmt.Errorf(constants.ErrStartupAddBadBackend, s)
.\gitmap\startup\winbackend.go|76|return without blank line|return constants.StartupBackendRegistry
.\gitmap\startup\winbackend.go|78|return without blank line|return constants.StartupBackendStartupFolder
.\gitmap\startup\winbackend.go|80|return without blank line|return constants.StartupBackendRegistryHKLM
.\gitmap\startup\winbackend.go|82|return without blank line|return ""
.\gitmap\startup\winbackend.go|84|return without blank line|return ""
.\gitmap\startup\winbackend.go|94|return without blank line|return b
.\gitmap\startup\winbackend.go|97|return without blank line|return BackendRegistry
.\gitmap\startup\winbackend.go|109|monolithic function|length 19
.\gitmap\startup\winbackend.go|140|monolithic function|length 29
.\gitmap\startup\winbackend.go|176|monolithic function|length 22
.\gitmap\startup\winbackend_scoped_test.go|56|return without blank line|return // Registry entry survived as expected
.\gitmap\startup\winbackend_scoped_test.go|42|monolithic function|length 18
.\gitmap\startup\windows_lifecycle_test.go|57|monolithic function|length 58
.\gitmap\startup\windows_lifecycle_test.go|121|monolithic function|length 73
.\gitmap\startup\windows_lifecycle_test.go|206|monolithic function|length 41
.\gitmap\startup\windows_lifecycle_test.go|255|monolithic function|length 44
.\gitmap\startup\windows_lifecycle_test.go|305|monolithic function|length 16
.\gitmap\startup\windows_test.go|72|return without blank line|return "test-" + filepath.Base(t.TempDir())
.\gitmap\startup\windows_test.go|77|monolithic function|length 30
.\gitmap\startup\windows_test.go|112|monolithic function|length 23
.\gitmap\startup\windows_test.go|152|monolithic function|length 30
.\gitmap\startup\winregistry_directvalue_test.go|53|return without blank line|return nil
.\gitmap\startup\winregistry_directvalue_test.go|63|return without blank line|return names
.\gitmap\startup\winregistry_directvalue_test.go|79|return without blank line|return out
.\gitmap\startup\winregistry_directvalue_test.go|24|monolithic function|length 20
.\gitmap\startup\winregistry_directvalue_test.go|48|monolithic function|length 16
.\gitmap\startup\winregistry_hklm_windows.go|55|return without blank line|return RemoveResult{}, err
.\gitmap\startup\winregistry_hklm_windows.go|61|return without blank line|return RemoveResult{Status: RemoveNoOp, DryRun: opts.DryRun}, nil
.\gitmap\startup\winregistry_hklm_windows.go|64|return without blank line|return RemoveResult{Status: RemoveRefused, Path: runValuePathFor(hiveLabelHKLM, valueName), DryRun: opts.DryRun}, nil
.\gitmap\startup\winregistry_hklm_windows.go|72|return without blank line|return RemoveResult{}, err
.\gitmap\startup\winregistry_hklm_windows.go|86|return without blank line|return listWindowsRegistryAt(registry.LOCAL_MACHINE, hiveLabelHKLM)
.\gitmap\startup\winregistry_hklm_windows.go|50|monolithic function|length 28
.\gitmap\startup\winregistry_hklm_windows.go|113|monolithic function|length 20
.\gitmap\startup\winregistry_other.go|26|return without blank line|return AddResult{}, fmt.Errorf(constants.ErrStartupUnsupportedOS)
.\gitmap\startup\winregistry_other.go|31|return without blank line|return RemoveResult{}, fmt.Errorf(constants.ErrStartupUnsupportedOS)
.\gitmap\startup\winregistry_other.go|38|return without blank line|return nil, nil
.\gitmap\startup\winregistry_other.go|45|return without blank line|return AddResult{}, fmt.Errorf(constants.ErrStartupUnsupportedOS)
.\gitmap\startup\winregistry_other.go|50|return without blank line|return RemoveResult{}, fmt.Errorf(constants.ErrStartupUnsupportedOS)
.\gitmap\startup\winregistry_other.go|58|return without blank line|return nil, nil
.\gitmap\startup\winregistry_other.go|65|return without blank line|return false
.\gitmap\startup\winregistry_other.go|72|return without blank line|return fmt.Errorf(constants.ErrStartupUnsupportedOS)
.\gitmap\startup\winregistry_other.go|77|return without blank line|return fmt.Errorf(constants.ErrStartupUnsupportedOS)
.\gitmap\startup\winregistry_remove_windows.go|34|return without blank line|return removeWindowsRegistryAt(registry.CURRENT_USER, hiveLabelHKCU, clean, opts)
.\gitmap\startup\winregistry_remove_windows.go|101|return without blank line|return deleteTrackingSubkeyAt(registry.CURRENT_USER, parent, name)
.\gitmap\startup\winregistry_remove_windows.go|128|return without blank line|return listWindowsRegistryAt(registry.CURRENT_USER, hiveLabelHKCU)
.\gitmap\startup\winregistry_remove_windows.go|141|return without blank line|return nil, nil
.\gitmap\startup\winregistry_remove_windows.go|144|return without blank line|return nil, fmt.Errorf(constants.ErrStartupRegistryOpen, constants.RegRunKeyPath, err)
.\gitmap\startup\winregistry_remove_windows.go|137|monolithic function|length 18
.\gitmap\startup\winregistry_windows.go|63|return without blank line|return addWindowsRegistryAt(registry.CURRENT_USER, hiveLabelHKCU,
.\gitmap\startup\winregistry_windows.go|111|return without blank line|return classifyRunValueAt(registry.CURRENT_USER, valueName, clean)
.\gitmap\startup\winregistry_windows.go|123|return without blank line|return false, false, nil
.\gitmap\startup\winregistry_windows.go|126|return without blank line|return false, false, fmt.Errorf(constants.ErrStartupRegistryOpen, constants.RegRunKeyPath, err)
.\gitmap\startup\winregistry_windows.go|132|return without blank line|return false, false, nil
.\gitmap\startup\winregistry_windows.go|135|return without blank line|return false, false, fmt.Errorf(constants.ErrStartupRegistryRead, valueName, err)
.\gitmap\startup\winregistry_windows.go|147|return without blank line|return trackingSubkeyExistsAt(registry.CURRENT_USER, parent, name)
.\gitmap\startup\winregistry_windows.go|170|return without blank line|return writeRunValueAt(registry.CURRENT_USER, valueName, exec)
.\gitmap\startup\winregistry_windows.go|197|return without blank line|return writeTrackingSubkeyAt(registry.CURRENT_USER, parent, name, exec, source, workingDir)
.\gitmap\startup\winregistry_windows.go|231|return without blank line|return nil
.\gitmap\startup\winregistry_windows.go|235|return without blank line|return fmt.Errorf(constants.ErrStartupRegistryWrite, constants.RegTrackKeyWorkingDir, err)
.\gitmap\startup\winregistry_windows.go|245|return without blank line|return runValuePathFor(hiveLabelHKCU, valueName)
.\gitmap\startup\winregistry_windows.go|254|return without blank line|return hive + `\` + constants.RegRunKeyPath + `\` + valueName
.\gitmap\startup\winregistry_windows.go|120|monolithic function|length 20
.\gitmap\startup\winregistry_windows.go|208|monolithic function|length 31
.\gitmap\startup\winshortcut.go|174|return without blank line|return false
.\gitmap\startup\winshortcut.go|27|monolithic function|length 17
.\gitmap\startup\winshortcut.go|50|monolithic function|length 26
.\gitmap\startup\winshortcut.go|81|monolithic function|length 33
.\gitmap\startup\winshortcut.go|119|monolithic function|length 21
.\gitmap\startup\winshortcut.go|145|monolithic function|length 23
.\gitmap\startup\winshortcut_helpers.go|35|return without blank line|return true
.\gitmap\startup\winshortcut_linkinfo.go|92|monolithic function|length 21
.\gitmap\startup\winshortcut_linkinfo_golden_test.go|12|monolithic function|length 25
.\gitmap\startup\winshortcut_linkinfo_safeuint32_test.go|24|monolithic function|length 25
.\gitmap\startup\winshortcut_linkinfo_safeuint32_test.go|68|monolithic function|length 25
.\gitmap\startup\winshortcut_writer.go|69|return without blank line|return err
.\gitmap\startup\winshortcut_writer.go|73|return without blank line|return fmt.Errorf("write shortcut tmp %s: %w", tmp, err)
.\gitmap\startup\winshortcut_writer.go|77|return without blank line|return fmt.Errorf("rename shortcut %s: %w", lnkPath, err)
.\gitmap\startup\winshortcut_writer.go|89|return without blank line|return nil, fmt.Errorf("shortcut target is empty")
.\gitmap\startup\winshortcut_writer.go|93|return without blank line|return nil, err
.\gitmap\startup\winshortcut_writer.go|97|return without blank line|return nil, err
.\gitmap\startup\winshortcut_writer.go|122|return without blank line|return fmt.Errorf("write shell link header: %w", err)
.\gitmap\startup\winshortcut_writer.go|108|monolithic function|length 18
.\gitmap\startup\winshortcut_writer_test.go|154|return without blank line|return string(b)
.\gitmap\startup\winshortcut_writer_test.go|31|monolithic function|length 20
.\gitmap\startup\winshortcut_writer_test.go|58|monolithic function|length 26
.\gitmap\store\alias.go|30|return without blank line|return model.Alias{}, fmt.Errorf(constants.ErrAliasCreate, err)
.\gitmap\store\alias.go|40|return without blank line|return fmt.Errorf(constants.ErrAliasCreate, err)
.\gitmap\store\alias.go|64|return without blank line|return nil, fmt.Errorf(constants.ErrAliasQuery, err)
.\gitmap\store\alias.go|79|return without blank line|return AliasWithRepo{}, fmt.Errorf(constants.ErrAliasNotFound, alias)
.\gitmap\store\alias.go|89|return without blank line|return nil, fmt.Errorf(constants.ErrAliasQuery, err)
.\gitmap\store\alias.go|113|return without blank line|return fmt.Errorf(constants.ErrAliasDelete, err)
.\gitmap\store\alias.go|123|return without blank line|return nil, fmt.Errorf(constants.ErrAliasQuery, err)
.\gitmap\store\alias.go|156|return without blank line|return model.Alias{}, err
.\gitmap\store\alias.go|86|monolithic function|length 21
.\gitmap\store\alias.go|120|monolithic function|length 21
.\gitmap\store\amendment.go|35|return without blank line|return fmt.Errorf(constants.ErrDBUpsert, err)
.\gitmap\store\amendment.go|45|return without blank line|return nil, fmt.Errorf(constants.ErrDBQuery, err)
.\gitmap\store\amendment.go|56|return without blank line|return nil, fmt.Errorf(constants.ErrDBQuery, err)
.\gitmap\store\amendment.go|76|return without blank line|return nil, err
.\gitmap\store\amendment.go|88|return without blank line|return 1
.\gitmap\store\amendment.go|64|monolithic function|length 19
.\gitmap\store\archive_history.go|52|return without blank line|return 0, err
.\gitmap\store\archive_history.go|92|return without blank line|return nil, err
.\gitmap\store\archive_history.go|100|return without blank line|return nil, err
.\gitmap\store\archive_history.go|122|return without blank line|return row, err
.\gitmap\store\archive_history.go|33|monolithic function|length 23
.\gitmap\store\archive_history.go|82|monolithic function|length 24
.\gitmap\store\archive_history.go|110|monolithic function|length 21
.\gitmap\store\bookmark.go|15|return without blank line|return fmt.Errorf(constants.ErrBookmarkQuery, err)
.\gitmap\store\bookmark.go|25|return without blank line|return nil, fmt.Errorf(constants.ErrBookmarkQuery, err)
.\gitmap\store\bookmark.go|39|return without blank line|return r, fmt.Errorf(constants.ErrBookmarkQuery, err)
.\gitmap\store\bookmark.go|49|return without blank line|return fmt.Errorf(constants.ErrBookmarkQuery, err)
.\gitmap\store\bookmark.go|66|return without blank line|return nil, fmt.Errorf(constants.ErrBookmarkQuery, err)
.\gitmap\store\bookmark.go|56|monolithic function|length 16
.\gitmap\store\cddefault.go|16|return without blank line|return make(map[string]string)
.\gitmap\store\cddefault.go|23|return without blank line|return make(map[string]string)
.\gitmap\store\cddefault.go|34|return without blank line|return err
.\gitmap\store\cddefault.go|39|return without blank line|return err
.\gitmap\store\cddefault.go|47|return without blank line|return filepath.Join(outputDir, constants.DBDir, constants.CDDefaultsFile)
.\gitmap\store\chromeprofile.go|69|return without blank line|return fmt.Errorf("ensure chrome-profile tables: %w", err)
.\gitmap\store\chromeprofile.go|72|return without blank line|return nil
.\gitmap\store\chromeprofile.go|79|return without blank line|return 0, err
.\gitmap\store\chromeprofile.go|86|return without blank line|return 0, fmt.Errorf("upsert chrome-profile: %w", err)
.\gitmap\store\chromeprofile.go|90|return without blank line|return 0, fmt.Errorf("read chrome-profile id: %w", err)
.\gitmap\store\chromeprofile.go|92|return without blank line|return id, nil
.\gitmap\store\chromeprofile.go|98|return without blank line|return err
.\gitmap\store\chromeprofile.go|101|return without blank line|return fmt.Errorf("insert chrome-profile-export: %w", err)
.\gitmap\store\chromeprofile.go|103|return without blank line|return nil
.\gitmap\store\chromeprofile.go|109|return without blank line|return nil, err
.\gitmap\store\chromeprofile.go|113|return without blank line|return nil, fmt.Errorf("list chrome-profiles: %w", err)
.\gitmap\store\chromeprofile.go|120|return without blank line|return nil, fmt.Errorf("scan chrome-profile row: %w", err)
.\gitmap\store\chromeprofile.go|124|return without blank line|return out, nil
.\gitmap\store\chromeprofile.go|77|monolithic function|length 16
.\gitmap\store\chromeprofile.go|107|monolithic function|length 18
.\gitmap\store\chromeprofile_delete.go|23|return without blank line|return nil, err
.\gitmap\store\chromeprofile_delete.go|27|return without blank line|return nil, err
.\gitmap\store\chromeprofile_delete.go|30|return without blank line|return nil, fmt.Errorf("delete chrome-profile exports: %w", err)
.\gitmap\store\chromeprofile_delete.go|33|return without blank line|return nil, fmt.Errorf("delete chrome-profile: %w", err)
.\gitmap\store\chromeprofile_delete.go|35|return without blank line|return paths, nil
.\gitmap\store\chromeprofile_delete.go|41|return without blank line|return false
.\gitmap\store\chromeprofile_delete.go|44|return without blank line|return db.conn.QueryRow(sqlSelectChromeProfileId, name).Scan(&id) == nil
.\gitmap\store\chromeprofile_delete.go|52|return without blank line|return nil, fmt.Errorf("query chrome-profile artifacts: %w", err)
.\gitmap\store\chromeprofile_delete.go|59|return without blank line|return nil, fmt.Errorf("scan artifact: %w", err)
.\gitmap\store\chromeprofile_delete.go|63|return without blank line|return out, nil
.\gitmap\store\chromeprofile_test.go|22|return without blank line|return db
.\gitmap\store\chromeprofile_test.go|40|monolithic function|length 22
.\gitmap\store\chromeprofile_test.go|64|monolithic function|length 16
.\gitmap\store\cloneinteractiveselection.go|16|return without blank line|return []any{
.\gitmap\store\cloneinteractiveselection.go|38|return without blank line|return 0, fmt.Errorf(constants.ErrClonePickDBInsert, err)
.\gitmap\store\cloneinteractiveselection_load.go|32|return without blank line|return clonepick.Plan{}, 0, sql.ErrNoRows
.\gitmap\store\cloneinteractiveselection_load.go|44|return without blank line|return fmt.Errorf("clone-pick: touch CreatedAt: %w", err)
.\gitmap\store\cloneinteractiveselection_load.go|60|return without blank line|return row.Scan(
.\gitmap\store\cloneinteractiveselection_load.go|81|return without blank line|return clonepick.Plan{}, 0, err
.\gitmap\store\cloneinteractiveselection_load.go|93|return without blank line|return nil
.\gitmap\store\clone_recent.go|26|return without blank line|return fmt.Errorf(constants.ErrDBUpsert, err)
.\gitmap\store\clone_recent.go|39|return without blank line|return RecentClone{}, false, nil
.\gitmap\store\clone_recent.go|42|return without blank line|return RecentClone{}, false, fmt.Errorf(constants.ErrDBQuery, err)
.\gitmap\store\csharpmetadata.go|44|return without blank line|return nil, err
.\gitmap\store\csharpmetadata.go|54|return without blank line|return nil, fmt.Errorf(constants.ErrProjectQuery, err)
.\gitmap\store\csharpmetadata.go|65|return without blank line|return nil, fmt.Errorf(constants.ErrProjectQuery, err)
.\gitmap\store\csharpmetadata.go|75|return without blank line|return nil
.\gitmap\store\csharpmetadata.go|88|return without blank line|return nil
.\gitmap\store\csharpmetadata.go|110|return without blank line|return nil, err
.\gitmap\store\csharpmetadata.go|129|return without blank line|return nil, err
.\gitmap\store\csharpmetadata.go|99|monolithic function|length 17
.\gitmap\store\csharpmetadata.go|119|monolithic function|length 16
.\gitmap\store\downloader_seed.go|79|return without blank line|return true
.\gitmap\store\downloader_seed.go|83|return without blank line|return true
.\gitmap\store\downloader_seed.go|86|return without blank line|return true
.\gitmap\store\downloader_seed.go|105|return without blank line|return fallback, downloaderconfig.SeedHash(fallback)
.\gitmap\store\downloader_seed.go|116|return without blank line|return seedPath
.\gitmap\store\downloader_seed.go|120|return without blank line|return seedPath
.\gitmap\store\downloader_seed.go|129|return without blank line|return hash
.\gitmap\store\downloader_seed.go|34|monolithic function|length 37
.\gitmap\store\downloader_settings.go|21|return without blank line|return downloaderconfig.Document{}, false
.\gitmap\store\downloader_settings.go|41|return without blank line|return err
.\gitmap\store\downloader_settings.go|45|return without blank line|return err
.\gitmap\store\downloader_settings.go|55|return without blank line|return db.SetSetting(constants.SettingDownloaderConfigSeedHash, hash)
.\gitmap\store\downloader_settings.go|61|return without blank line|return db.GetSetting(constants.SettingDownloaderConfigSeedHash)
.\gitmap\store\erd_parity_test.go|52|return without blank line|return dir
.\gitmap\store\erd_parity_test.go|61|return without blank line|return ""
.\gitmap\store\erd_parity_test.go|84|return without blank line|return tables
.\gitmap\store\erd_parity_test.go|103|return without blank line|return tables
.\gitmap\store\erd_parity_test.go|112|return without blank line|return out
.\gitmap\store\erd_parity_test.go|43|monolithic function|length 19
.\gitmap\store\erd_parity_test.go|64|monolithic function|length 21
.\gitmap\store\erd_parity_test.go|87|monolithic function|length 17
.\gitmap\store\erd_parity_test.go|117|monolithic function|length 35
.\gitmap\store\export.go|21|return without blank line|return export, err
.\gitmap\store\export.go|26|return without blank line|return export, err
.\gitmap\store\export.go|31|return without blank line|return export, err
.\gitmap\store\export.go|36|return without blank line|return export, err
.\gitmap\store\export.go|41|return without blank line|return export, err
.\gitmap\store\export.go|51|return without blank line|return nil, err
.\gitmap\store\export.go|59|return without blank line|return nil, err
.\gitmap\store\export.go|71|return without blank line|return model.GroupExport{}, err
.\gitmap\store\export.go|11|monolithic function|length 34
.\gitmap\store\export.go|48|monolithic function|length 17
.\gitmap\store\find_next.go|17|return without blank line|return nil, fmt.Errorf(constants.ErrFindNextQuery, err)
.\gitmap\store\find_next.go|27|return without blank line|return conn.Query(constants.SQLSelectFindNextByScanFolder, scanFolderID)
.\gitmap\store\find_next.go|39|return without blank line|return nil, fmt.Errorf(constants.ErrFindNextScanRow, err)
.\gitmap\store\gometadata.go|35|return without blank line|return nil, err
.\gitmap\store\gometadata.go|45|return without blank line|return nil, fmt.Errorf(constants.ErrProjectQuery, err)
.\gitmap\store\gometadata.go|55|return without blank line|return nil
.\gitmap\store\gometadata.go|76|return without blank line|return nil, err
.\gitmap\store\gometadata.go|66|monolithic function|length 16
.\gitmap\store\group.go|14|return without blank line|return model.Group{}, fmt.Errorf(constants.ErrDBGroupCreate, err)
.\gitmap\store\group.go|24|return without blank line|return nil, fmt.Errorf(constants.ErrDBGroupQuery, err)
.\gitmap\store\group.go|37|return without blank line|return model.Group{}, fmt.Errorf(constants.ErrDBGroupNone, name)
.\gitmap\store\group.go|47|return without blank line|return err
.\gitmap\store\group.go|52|return without blank line|return fmt.Errorf(constants.ErrDBGroupAdd, err)
.\gitmap\store\group.go|62|return without blank line|return err
.\gitmap\store\group.go|67|return without blank line|return fmt.Errorf(constants.ErrDBGroupRemove, err)
.\gitmap\store\group.go|77|return without blank line|return nil, err
.\gitmap\store\group.go|82|return without blank line|return nil, fmt.Errorf(constants.ErrDBQuery, err)
.\gitmap\store\group.go|93|return without blank line|return fmt.Errorf(constants.ErrDBGroupDelete, err)
.\gitmap\store\group.go|103|return without blank line|return 0, err
.\gitmap\store\group.go|109|return without blank line|return 0, fmt.Errorf(constants.ErrDBGroupQuery, err)
.\gitmap\store\group.go|126|return without blank line|return nil, err
.\gitmap\store\group.go|138|return without blank line|return fmt.Errorf(constants.ErrDBGroupDelete, err)
.\gitmap\store\group.go|142|return without blank line|return fmt.Errorf(constants.ErrDBGroupNone, name)
.\gitmap\store\group.go|116|monolithic function|length 16
.\gitmap\store\history.go|16|return without blank line|return 0, fmt.Errorf(constants.ErrHistoryQuery, err)
.\gitmap\store\history.go|27|return without blank line|return fmt.Errorf(constants.ErrHistoryQuery, err)
.\gitmap\store\history.go|37|return without blank line|return nil, fmt.Errorf(constants.ErrHistoryQuery, err)
.\gitmap\store\history.go|48|return without blank line|return nil, fmt.Errorf(constants.ErrHistoryQuery, err)
.\gitmap\store\history.go|72|return without blank line|return nil, err
.\gitmap\store\import.go|13|return without blank line|return fmt.Errorf("repos: %w", err)
.\gitmap\store\import.go|17|return without blank line|return fmt.Errorf("groups: %w", err)
.\gitmap\store\import.go|21|return without blank line|return fmt.Errorf("releases: %w", err)
.\gitmap\store\import.go|25|return without blank line|return fmt.Errorf("history: %w", err)
.\gitmap\store\import.go|29|return without blank line|return fmt.Errorf("bookmarks: %w", err)
.\gitmap\store\import.go|43|return without blank line|return err
.\gitmap\store\import.go|54|return without blank line|return err
.\gitmap\store\import.go|66|return without blank line|return err
.\gitmap\store\import.go|70|return without blank line|return err
.\gitmap\store\import.go|86|return without blank line|return err
.\gitmap\store\import.go|97|return without blank line|return err
.\gitmap\store\import.go|112|return without blank line|return err
.\gitmap\store\import.go|125|return without blank line|return err
.\gitmap\store\import.go|11|monolithic function|length 22
.\gitmap\store\inject_idempotency.go|31|return without blank line|return InjectTimestamps{}, nil
.\gitmap\store\inject_idempotency.go|34|return without blank line|return InjectTimestamps{}, fmt.Errorf(constants.ErrDBQuery, err)
.\gitmap\store\inject_idempotency.go|46|return without blank line|return fmt.Errorf("inject_idempotency: unknown InjectKind %d", kind)
.\gitmap\store\inject_idempotency.go|51|return without blank line|return fmt.Errorf(constants.ErrDBUpsert, err)
.\gitmap\store\inject_idempotency.go|61|return without blank line|return constants.ColInjectDesktop
.\gitmap\store\inject_idempotency.go|63|return without blank line|return constants.ColInjectVSCode
.\gitmap\store\inject_idempotency.go|65|return without blank line|return ""
.\gitmap\store\installedtool.go|59|return without blank line|return nil, err
.\gitmap\store\installedtool.go|74|return without blank line|return nil, err
.\gitmap\store\installedtool.go|96|return without blank line|return false
.\gitmap\store\installedtool.go|106|return without blank line|return 0, 0, 0, 0
.\gitmap\store\installedtool.go|121|return without blank line|return fmt.Sprintf("%d.%d.%d.%d", major, minor, patch, build)
.\gitmap\store\installedtool.go|131|return without blank line|return intCmp(a.VersionMajor, b.VersionMajor)
.\gitmap\store\installedtool.go|134|return without blank line|return intCmp(a.VersionMinor, b.VersionMinor)
.\gitmap\store\installedtool.go|137|return without blank line|return intCmp(a.VersionPatch, b.VersionPatch)
.\gitmap\store\installedtool.go|146|return without blank line|return -1
.\gitmap\store\installedtool.go|149|return without blank line|return 1
.\gitmap\store\installedtool.go|164|return without blank line|return 0
.\gitmap\store\installedtool.go|173|return without blank line|return parts[idx]
.\gitmap\store\installedtool.go|183|return without blank line|return t.InstalledAt
.\gitmap\store\installedtool.go|56|monolithic function|length 25
.\gitmap\store\location.go|17|return without blank line|return filepath.Join(".", constants.DBDir)
.\gitmap\store\lock.go|19|return without blank line|return handleExistingLock(lockPath)
.\gitmap\store\lock.go|48|return without blank line|return fmt.Errorf(constants.ErrLockHeld, pid, lockPath)
.\gitmap\store\lock.go|60|return without blank line|return 0, err
.\gitmap\store\lock.go|65|return without blank line|return 0, err
.\gitmap\store\lock.go|83|return without blank line|return false
.\gitmap\store\makeallvisibility.go|32|return without blank line|return 0, fmt.Errorf(constants.ErrMakeAllRunInsertFmt, err, err.Error())
.\gitmap\store\makeallvisibility.go|45|return without blank line|return nil, fmt.Errorf(constants.ErrMakeAllResultInsertFmt, err, err.Error())
.\gitmap\store\makeallvisibility.go|56|return without blank line|return nil, fmt.Errorf(constants.ErrMakeAllResultInsertFmt, commitErr, commitErr.Error())
.\gitmap\store\makeallvisibility.go|72|return without blank line|return nil, fmt.Errorf(constants.ErrMakeAllResultInsertFmt, err, err.Error())
.\gitmap\store\makeallvisibility.go|76|return without blank line|return nil, fmt.Errorf(constants.ErrMakeAllResultInsertFmt, idErr, idErr.Error())
.\gitmap\store\makeallvisibility.go|88|return without blank line|return nil
.\gitmap\store\makeallvisibility.go|92|return without blank line|return fmt.Errorf(constants.ErrMakeAllResultExcludeFmt, err, err.Error())
.\gitmap\store\makeallvisibility.go|112|return without blank line|return fmt.Errorf(constants.ErrMakeAllResultUpdateFmt, err, err.Error())
.\gitmap\store\makeallvisibility.go|125|return without blank line|return fmt.Errorf(constants.ErrMakeAllRunFinalizeFmt, err, err.Error())
.\gitmap\store\makeallvisibility.go|42|monolithic function|length 18
.\gitmap\store\makeallvisibility.go|65|monolithic function|length 17
.\gitmap\store\makeallvisibility.go|86|monolithic function|length 17
.\gitmap\store\makeallvisibility_history.go|19|return without blank line|return nil, fmt.Errorf(constants.ErrHistorySelectFmt, err, err.Error())
.\gitmap\store\makeallvisibility_history.go|34|return without blank line|return nil, fmt.Errorf(constants.ErrHistorySelectFmt, err, err.Error())
.\gitmap\store\makeallvisibility_history.go|39|return without blank line|return nil, fmt.Errorf(constants.ErrHistorySelectFmt, err, err.Error())
.\gitmap\store\makeallvisibility_history.go|27|monolithic function|length 16
.\gitmap\store\makeallvisibility_history_filtered.go|62|return without blank line|return nil, fmt.Errorf(constants.ErrHistorySelectFmt, err, err.Error())
.\gitmap\store\makeallvisibility_history_filtered.go|30|monolithic function|length 23
.\gitmap\store\makeallvisibility_history_filtered_test.go|12|return without blank line|return model.MakeAllVisibilityRunRecord{
.\gitmap\store\makeallvisibility_history_filtered_test.go|44|monolithic function|length 19
.\gitmap\store\makeallvisibility_roundtrip_test.go|34|monolithic function|length 22
.\gitmap\store\makeallvisibility_undo.go|27|return without blank line|return model.MakeAllVisibilityRunRecord{}, nil
.\gitmap\store\makeallvisibility_undo.go|30|return without blank line|return model.MakeAllVisibilityRunRecord{}, fmt.Errorf(constants.ErrUndoSelectRunFmt, err, err.Error())
.\gitmap\store\makeallvisibility_undo.go|42|return without blank line|return nil, fmt.Errorf(constants.ErrUndoSelectResultsFmt, err, err.Error())
.\gitmap\store\makeallvisibility_undo.go|56|return without blank line|return nil, fmt.Errorf(constants.ErrUndoSelectResultsFmt, err, err.Error())
.\gitmap\store\makeallvisibility_undo.go|61|return without blank line|return nil, fmt.Errorf(constants.ErrUndoSelectResultsFmt, err, err.Error())
.\gitmap\store\makeallvisibility_undo.go|71|return without blank line|return scanRunRow(db.conn.QueryRow(constants.SQLSelectRunByID, id))
.\gitmap\store\makeallvisibility_undo.go|77|return without blank line|return scanRunRow(db.conn.QueryRow(constants.SQLSelectLatestRunByKind, kind))
.\gitmap\store\makeallvisibility_undo.go|88|return without blank line|return model.MakeAllVisibilityRunRecord{}, nil
.\gitmap\store\makeallvisibility_undo.go|91|return without blank line|return model.MakeAllVisibilityRunRecord{}, fmt.Errorf(constants.ErrUndoSelectRunFmt, err, err.Error())
.\gitmap\store\makeallvisibility_undo_test.go|35|monolithic function|length 29
.\gitmap\store\migrateids.go|40|return without blank line|return false
.\gitmap\store\migrateids.go|55|return without blank line|return true
.\gitmap\store\migrateids.go|117|return without blank line|return fmt.Errorf("disable foreign keys: %w", err)
.\gitmap\store\migrateids.go|121|return without blank line|return fmt.Errorf("rename Repos to Repos_legacy: %w", err)
.\gitmap\store\migrateids.go|125|return without blank line|return fmt.Errorf("create new Repos table: %w", err)
.\gitmap\store\migrateids.go|131|return without blank line|return fmt.Errorf("copy data from Repos_legacy: %w", err)
.\gitmap\store\migrateids.go|135|return without blank line|return fmt.Errorf("drop Repos_legacy: %w", err)
.\gitmap\store\migrateids.go|139|return without blank line|return fmt.Errorf("re-enable foreign keys: %w", err)
.\gitmap\store\migrateids.go|15|monolithic function|length 17
.\gitmap\store\migrateids.go|35|monolithic function|length 25
.\gitmap\store\migrateids.go|65|monolithic function|length 22
.\gitmap\store\migrateids.go|100|monolithic function|length 43
.\gitmap\store\migrate_commitin.go|22|return without blank line|return []string{
.\gitmap\store\migrate_commitin.go|74|return without blank line|return fmt.Errorf("commit-in migration failed: %w (statement: %s)", err, stmt)
.\gitmap\store\migrate_commitin.go|77|return without blank line|return nil
.\gitmap\store\migrate_commitin.go|21|monolithic function|length 45
.\gitmap\store\migrate_commitin_replaymap_helpers_test.go|89|return without blank line|return n
.\gitmap\store\migrate_commitin_replaymap_helpers_test.go|97|return without blank line|return nil
.\gitmap\store\migrate_commitin_replaymap_helpers_test.go|99|return without blank line|return s
.\gitmap\store\migrate_commitin_replaymap_helpers_test.go|105|return without blank line|return "0"
.\gitmap\store\migrate_commitin_replaymap_helpers_test.go|115|return without blank line|return string(buf[i:])
.\gitmap\store\migrate_commitin_replaymap_helpers_test.go|20|monolithic function|length 30
.\gitmap\store\migrate_commitin_replaymap_helpers_test.go|55|monolithic function|length 19
.\gitmap\store\migrate_commitin_replaymap_test.go|39|return without blank line|return out
.\gitmap\store\migrate_commitin_replaymap_test.go|20|monolithic function|length 20
.\gitmap\store\migrate_commitin_replaymap_test.go|45|monolithic function|length 36
.\gitmap\store\migrate_commitin_replaymap_test.go|85|monolithic function|length 28
.\gitmap\store\migrate_commitin_replaymap_test.go|118|monolithic function|length 27
.\gitmap\store\migrate_commitin_replaymap_test.go|171|monolithic function|length 22
.\gitmap\store\migrate_commitin_test.go|25|return without blank line|return db
.\gitmap\store\migrate_commitin_test.go|116|return without blank line|return out
.\gitmap\store\migrate_commitin_test.go|121|return without blank line|return false
.\gitmap\store\migrate_commitin_test.go|125|return without blank line|return false
.\gitmap\store\migrate_commitin_test.go|128|return without blank line|return true
.\gitmap\store\migrate_commitin_test.go|31|monolithic function|length 20
.\gitmap\store\migrate_commitin_test.go|57|monolithic function|length 23
.\gitmap\store\migrate_commitin_test.go|100|monolithic function|length 17
.\gitmap\store\migrate_schemaversion.go|40|return without blank line|return 0
.\gitmap\store\migrate_schemaversion.go|45|return without blank line|return 0
.\gitmap\store\migrate_schemaversion.go|50|return without blank line|return 0
.\gitmap\store\migrate_schemaversion.go|69|return without blank line|return db.readSchemaVersion() == constants.SchemaVersionCurrent
.\gitmap\store\migrate_schemaversion.go|38|monolithic function|length 16
.\gitmap\store\migrate_v15phase2.go|63|return without blank line|return fmt.Errorf("phase 1.2 %s: %w", spec.OldTable, err)
.\gitmap\store\migrate_v15phase2.go|72|return without blank line|return nil
.\gitmap\store\migrate_v15phase2.go|75|return without blank line|return fmt.Errorf("rebuild GroupRepo FK: %w", err)
.\gitmap\store\migrate_v15phase2.go|86|return without blank line|return err
.\gitmap\store\migrate_v15phase2.go|106|return without blank line|return fmt.Errorf("groupRepo rebuild step (%s): %w", firstWords(s, 4), err)
.\gitmap\store\migrate_v15phase2.go|122|return without blank line|return s[:i]
.\gitmap\store\migrate_v15phase2.go|21|monolithic function|length 58
.\gitmap\store\migrate_v15phase2.go|84|monolithic function|length 27
.\gitmap\store\migrate_v15phase3.go|79|return without blank line|return fmt.Errorf("phase 1.3 %s: %w", spec.OldTable, err)
.\gitmap\store\migrate_v15phase3.go|19|monolithic function|length 65
.\gitmap\store\migrate_v15phase4.go|34|return without blank line|return fmt.Errorf("phase 1.4 %s: %w", spec.OldTable, err)
.\gitmap\store\migrate_v15phase4.go|45|return without blank line|return append(append(append(append(
.\gitmap\store\migrate_v15phase4.go|55|return without blank line|return []v15RebuildSpec{
.\gitmap\store\migrate_v15phase4.go|82|return without blank line|return []v15RebuildSpec{
.\gitmap\store\migrate_v15phase4.go|140|return without blank line|return `
.\gitmap\store\migrate_v15phase4.go|152|return without blank line|return []v15RebuildSpec{
.\gitmap\store\migrate_v15phase4.go|186|return without blank line|return []v15RebuildSpec{
.\gitmap\store\migrate_v15phase4.go|239|return without blank line|return `
.\gitmap\store\migrate_v15phase4.go|252|return without blank line|return `
.\gitmap\store\migrate_v15phase4.go|267|return without blank line|return []v15RebuildSpec{
.\gitmap\store\migrate_v15phase4.go|304|return without blank line|return `
.\gitmap\store\migrate_v15phase4.go|320|return without blank line|return `
.\gitmap\store\migrate_v15phase4.go|54|monolithic function|length 23
.\gitmap\store\migrate_v15phase4.go|81|monolithic function|length 51
.\gitmap\store\migrate_v15phase4.go|151|monolithic function|length 30
.\gitmap\store\migrate_v15phase4.go|185|monolithic function|length 51
.\gitmap\store\migrate_v15phase4.go|266|monolithic function|length 35
.\gitmap\store\migrate_v15phase5.go|25|return without blank line|return nil // fresh install — Phase 1.2 + standard CREATE pass own this.
.\gitmap\store\migrate_v15phase5.go|29|return without blank line|return nil // already migrated, or freshly created with IsDraft.
.\gitmap\store\migrate_v15phase5.go|49|return without blank line|return fmt.Errorf("phase 1.5 Release: %w", err)
.\gitmap\store\migrate_v15phase5.go|69|return without blank line|return `
.\gitmap\store\migrate_v15phase5.go|23|monolithic function|length 40
.\gitmap\store\migrate_v15phase6.go|29|return without blank line|return nil
.\gitmap\store\migrate_v15phase6.go|33|return without blank line|return nil // already migrated.
.\gitmap\store\migrate_v15phase6.go|40|return without blank line|return fmt.Errorf("phase 1.6 Release drop: %w", err)
.\gitmap\store\migrate_v15phase6.go|27|monolithic function|length 19
.\gitmap\store\migrate_v15rebuild.go|38|return without blank line|return nil // fresh install, nothing to migrate
.\gitmap\store\migrate_v15rebuild.go|42|return without blank line|return nil
.\gitmap\store\migrate_v15rebuild.go|69|return without blank line|return fmt.Errorf("count %s: %w", spec.OldTable, err)
.\gitmap\store\migrate_v15rebuild.go|73|return without blank line|return err
.\gitmap\store\migrate_v15rebuild.go|78|return without blank line|return fmt.Errorf("count %s: %w", spec.NewTable, err)
.\gitmap\store\migrate_v15rebuild.go|103|return without blank line|return false
.\gitmap\store\migrate_v15rebuild.go|106|return without blank line|return false
.\gitmap\store\migrate_v15rebuild.go|117|return without blank line|return fmt.Errorf("disable foreign keys: %w", err)
.\gitmap\store\migrate_v15rebuild.go|125|return without blank line|return fmt.Errorf("create %s: %w", spec.NewTable, err)
.\gitmap\store\migrate_v15rebuild.go|134|return without blank line|return fmt.Errorf("copy %s→%s: %w", spec.OldTable, spec.NewTable, err)
.\gitmap\store\migrate_v15rebuild.go|138|return without blank line|return fmt.Errorf("drop %s: %w", spec.OldTable, err)
.\gitmap\store\migrate_v15rebuild.go|159|return without blank line|return spec
.\gitmap\store\migrate_v15rebuild.go|164|return without blank line|return spec
.\gitmap\store\migrate_v15rebuild.go|189|return without blank line|return list
.\gitmap\store\migrate_v15rebuild.go|192|return without blank line|return replacement
.\gitmap\store\migrate_v15rebuild.go|36|monolithic function|length 59
.\gitmap\store\migrate_v15rebuild.go|115|monolithic function|length 27
.\gitmap\store\migrate_v15repo.go|30|return without blank line|return nil // fresh install
.\gitmap\store\migrate_v15repo.go|45|return without blank line|return fmt.Errorf("count Repos: %w", err)
.\gitmap\store\migrate_v15repo.go|49|return without blank line|return err
.\gitmap\store\migrate_v15repo.go|54|return without blank line|return fmt.Errorf("count Repo: %w", err)
.\gitmap\store\migrate_v15repo.go|76|return without blank line|return fmt.Errorf("disable foreign keys: %w", err)
.\gitmap\store\migrate_v15repo.go|84|return without blank line|return fmt.Errorf("create Repo table: %w", err)
.\gitmap\store\migrate_v15repo.go|88|return without blank line|return fmt.Errorf("create AbsPath index: %w", err)
.\gitmap\store\migrate_v15repo.go|99|return without blank line|return fmt.Errorf("copy Repos -> Repo: %w", err)
.\gitmap\store\migrate_v15repo.go|103|return without blank line|return fmt.Errorf("drop legacy Repos: %w", err)
.\gitmap\store\migrate_v15repo.go|118|return without blank line|return 0, err
.\gitmap\store\migrate_v15repo.go|28|monolithic function|length 40
.\gitmap\store\migrate_v15repo.go|74|monolithic function|length 37
.\gitmap\store\migrations.go|34|return without blank line|return false
.\gitmap\store\migrations.go|53|return without blank line|return true
.\gitmap\store\migrations.go|85|return without blank line|return true
.\gitmap\store\migrations.go|96|return without blank line|return true
.\gitmap\store\migrations.go|31|monolithic function|length 27
.\gitmap\store\migrations.go|83|monolithic function|length 18
.\gitmap\store\owner_repo_list_cache.go|27|return without blank line|return "", time.Time{}, false
.\gitmap\store\owner_repo_list_cache.go|34|return without blank line|return "", time.Time{}, false
.\gitmap\store\owner_repo_list_cache.go|65|return without blank line|return err
.\gitmap\store\owner_repo_list_cache.go|21|monolithic function|length 17
.\gitmap\store\owner_repo_name_index.go|21|return without blank line|return err
.\gitmap\store\owner_repo_name_index.go|26|return without blank line|return err
.\gitmap\store\owner_repo_name_index.go|33|return without blank line|return err
.\gitmap\store\owner_repo_name_index.go|45|return without blank line|return err
.\gitmap\store\owner_repo_name_index.go|62|return without blank line|return "", 0, false
.\gitmap\store\owner_repo_name_index.go|18|monolithic function|length 32
.\gitmap\store\pendingtask.go|17|return without blank line|return 0, fmt.Errorf(constants.ErrPendingTaskInsert, err)
.\gitmap\store\pendingtask.go|33|return without blank line|return 0
.\gitmap\store\pendingtask.go|49|return without blank line|return 0
.\gitmap\store\pendingtask.go|59|return without blank line|return nil, fmt.Errorf(constants.ErrPendingTaskQuery, err)
.\gitmap\store\pendingtask.go|76|return without blank line|return r, fmt.Errorf(constants.ErrPendingTaskQuery, err)
.\gitmap\store\pendingtask.go|86|return without blank line|return fmt.Errorf(constants.ErrPendingTaskComplete, err)
.\gitmap\store\pendingtask.go|114|return without blank line|return fmt.Errorf(constants.ErrPendingTaskComplete, err)
.\gitmap\store\pendingtask.go|124|return without blank line|return fmt.Errorf(constants.ErrPendingTaskFail, err)
.\gitmap\store\pendingtask.go|129|return without blank line|return fmt.Errorf(constants.ErrPendingTaskNotFound, taskID)
.\gitmap\store\pendingtask.go|139|return without blank line|return nil, fmt.Errorf(constants.ErrPendingTaskQuery, err)
.\gitmap\store\pendingtask.go|154|return without blank line|return fmt.Errorf(constants.ErrPendingTaskComplete, err)
.\gitmap\store\pendingtask.go|158|return without blank line|return fmt.Errorf(constants.ErrPendingTaskNotFound, id)
.\gitmap\store\pendingtask.go|83|monolithic function|length 35
.\gitmap\store\pendingtaskscan.go|25|return without blank line|return nil, fmt.Errorf(constants.ErrPendingTaskQuery, err)
.\gitmap\store\pendingtaskscan.go|48|return without blank line|return nil, fmt.Errorf(constants.ErrPendingTaskQuery, err)
.\gitmap\store\pendingtaskscan.go|12|monolithic function|length 20
.\gitmap\store\pendingtaskscan.go|35|monolithic function|length 20
.\gitmap\store\profile.go|17|return without blank line|return defaultProfileConfig()
.\gitmap\store\profile.go|24|return without blank line|return defaultProfileConfig()
.\gitmap\store\profile.go|35|return without blank line|return err
.\gitmap\store\profile.go|40|return without blank line|return err
.\gitmap\store\profile.go|56|return without blank line|return constants.DBFile
.\gitmap\store\profile.go|64|return without blank line|return filepath.Join(outputDir, constants.DBDir, constants.ProfileConfigFile)
.\gitmap\store\profile.go|69|return without blank line|return model.ProfileConfig{
.\gitmap\store\project.go|34|return without blank line|return nil, fmt.Errorf(constants.ErrProjectQuery, err)
.\gitmap\store\project.go|52|return without blank line|return 0, nil
.\gitmap\store\project.go|59|return without blank line|return 0, err
.\gitmap\store\project.go|77|return without blank line|return nil, err
.\gitmap\store\project.go|66|monolithic function|length 17
.\gitmap\store\release.go|15|return without blank line|return fmt.Errorf(constants.ErrReleaseNoRepo, "<unset>")
.\gitmap\store\release.go|27|return without blank line|return err
.\gitmap\store\release.go|35|return without blank line|return fmt.Errorf(constants.ErrDBReleaseUpsert, err)
.\gitmap\store\release.go|45|return without blank line|return nil, fmt.Errorf(constants.ErrDBReleaseQuery, err)
.\gitmap\store\release.go|63|return without blank line|return fmt.Errorf(constants.ErrDBReleaseUpsert, err)
.\gitmap\store\release.go|79|return without blank line|return nil, err
.\gitmap\store\release.go|96|return without blank line|return model.ReleaseRecord{}, err
.\gitmap\store\release.go|108|return without blank line|return scanOneReleaseRow(row)
.\gitmap\store\release.go|114|return without blank line|return ""
.\gitmap\store\release.go|123|return without blank line|return 1
.\gitmap\store\release.go|135|return without blank line|return 0, err
.\gitmap\store\release.go|138|return without blank line|return 0, fmt.Errorf(constants.ErrReleaseNoRepo, absPath)
.\gitmap\store\release.go|13|monolithic function|length 26
.\gitmap\store\releaseacrossrepos.go|33|return without blank line|return nil, nil
.\gitmap\store\releaseacrossrepos.go|36|return without blank line|return nil, nil
.\gitmap\store\releaseacrossrepos.go|41|return without blank line|return nil, fmt.Errorf(constants.ErrDBReleaseQuery, err)
.\gitmap\store\releaseacrossrepos.go|57|return without blank line|return nil, err
.\gitmap\store\releaseacrossrepos.go|73|return without blank line|return ReleaseAcrossRepos{}, err
.\gitmap\store\releaseintegrity.go|10|return without blank line|return 0, 0, nil
.\gitmap\store\releaseintegrity.go|14|return without blank line|return 0, 0, nil // pre-v17 schema, skip
.\gitmap\store\releaseintegrity.go|21|return without blank line|return 0, 0, err
.\gitmap\store\releaseintegrity.go|28|return without blank line|return orphaned, 0, err
.\gitmap\store\releaseintegrity.go|8|monolithic function|length 24
.\gitmap\store\repo.go|14|return without blank line|return fmt.Errorf(constants.ErrDBUpsert, err)
.\gitmap\store\repo.go|37|return without blank line|return 0, err
.\gitmap\store\repo.go|48|return without blank line|return 0, err
.\gitmap\store\repo.go|58|return without blank line|return nil, fmt.Errorf(constants.ErrDBQuery, err)
.\gitmap\store\repo.go|69|return without blank line|return nil, fmt.Errorf(constants.ErrDBQuery, err)
.\gitmap\store\repo.go|80|return without blank line|return nil, fmt.Errorf(constants.ErrDBQuery, err)
.\gitmap\store\repo.go|97|return without blank line|return nil, err
.\gitmap\store\repo_identified_transport.go|38|return without blank line|return "", nil
.\gitmap\store\repo_identified_transport.go|46|return without blank line|return "", nil
.\gitmap\store\repo_identified_transport.go|49|return without blank line|return "", err
.\gitmap\store\repo_identified_transport.go|51|return without blank line|return transport, nil
.\gitmap\store\repo_identified_transport.go|64|return without blank line|return 0, nil
.\gitmap\store\repo_identified_transport.go|67|return without blank line|return 0, nil
.\gitmap\store\repo_identified_transport.go|73|return without blank line|return 0, err
.\gitmap\store\repo_identified_transport.go|76|return without blank line|return n, nil
.\gitmap\store\repo_identified_transport.go|86|return without blank line|return RepoTransportSSH
.\gitmap\store\repo_identified_transport.go|89|return without blank line|return RepoTransportHTTPS
.\gitmap\store\repo_identified_transport.go|91|return without blank line|return ""
.\gitmap\store\repo_identified_transport.go|35|monolithic function|length 17
.\gitmap\store\repo_identified_transport.go|60|monolithic function|length 17
.\gitmap\store\repo_identified_transport_test.go|26|return without blank line|return db
.\gitmap\store\repo_identified_transport_test.go|46|monolithic function|length 19
.\gitmap\store\scan_folder.go|18|return without blank line|return model.ScanFolder{}, fmt.Errorf(constants.ErrSFEnsure, absPath, err)
.\gitmap\store\scan_folder.go|28|return without blank line|return nil, fmt.Errorf(constants.ErrSFList, err)
.\gitmap\store\scan_folder.go|41|return without blank line|return 0, fmt.Errorf(constants.ErrSFList, err)
.\gitmap\store\scan_folder.go|53|return without blank line|return model.ScanFolder{}, 0, err
.\gitmap\store\scan_folder.go|63|return without blank line|return model.ScanFolder{}, 0, err
.\gitmap\store\scan_folder.go|73|return without blank line|return folder, 0, err
.\gitmap\store\scan_folder.go|77|return without blank line|return folder, 0, fmt.Errorf(constants.ErrSFDetachRepos, err)
.\gitmap\store\scan_folder.go|81|return without blank line|return folder, 0, fmt.Errorf(constants.ErrSFRemove, err)
.\gitmap\store\scan_folder.go|92|return without blank line|return model.ScanFolder{}, fmt.Errorf(constants.ErrSFFindByPath, absPath)
.\gitmap\store\scan_folder.go|95|return without blank line|return model.ScanFolder{}, fmt.Errorf(constants.ErrSFList, err)
.\gitmap\store\scan_folder.go|106|return without blank line|return model.ScanFolder{}, fmt.Errorf(constants.ErrSFFindByID, id)
.\gitmap\store\scan_folder.go|109|return without blank line|return model.ScanFolder{}, fmt.Errorf(constants.ErrSFList, err)
.\gitmap\store\scan_folder.go|132|return without blank line|return nil, fmt.Errorf(constants.ErrSFList, err)
.\gitmap\store\settings.go|14|return without blank line|return ""
.\gitmap\store\settings.go|24|return without blank line|return fmt.Errorf(constants.ErrDBSettingUpsert, err)
.\gitmap\store\settings.go|34|return without blank line|return fmt.Errorf(constants.ErrDBSettingUpsert, err)
.\gitmap\store\sshkey.go|16|return without blank line|return model.SSHKey{}, fmt.Errorf(constants.ErrSSHCreate, err)
.\gitmap\store\sshkey.go|26|return without blank line|return fmt.Errorf(constants.ErrSSHCreate, err)
.\gitmap\store\sshkey.go|43|return without blank line|return nil, fmt.Errorf(constants.ErrSSHQuery, err)
.\gitmap\store\sshkey.go|54|return without blank line|return fmt.Errorf(constants.ErrSSHDelete, err)
.\gitmap\store\sshkey.go|71|return without blank line|return nil, err
.\gitmap\store\sshkey.go|88|return without blank line|return model.SSHKey{}, err
.\gitmap\store\stats.go|14|return without blank line|return nil, fmt.Errorf(constants.ErrStatsQuery, err)
.\gitmap\store\stats.go|25|return without blank line|return nil, fmt.Errorf(constants.ErrStatsQuery, err)
.\gitmap\store\stats.go|40|return without blank line|return s, fmt.Errorf(constants.ErrStatsQuery, err)
.\gitmap\store\stats.go|59|return without blank line|return nil, fmt.Errorf(constants.ErrStatsQuery, err)
.\gitmap\store\stats.go|47|monolithic function|length 18
.\gitmap\store\store.go|42|return without blank line|return openDBAt(dbPath)
.\gitmap\store\store.go|49|return without blank line|return nil, fmt.Errorf(constants.ErrDBCreateDir, dbDir, err)
.\gitmap\store\store.go|53|return without blank line|return nil, err
.\gitmap\store\store.go|104|return without blank line|return fmt.Errorf(constants.ErrV15RepoMigration, err)
.\gitmap\store\store.go|113|return without blank line|return fmt.Errorf(constants.ErrV15Phase2Migration, err)
.\gitmap\store\store.go|121|return without blank line|return fmt.Errorf(constants.ErrV15Phase3Migration, err)
.\gitmap\store\store.go|130|return without blank line|return fmt.Errorf(constants.ErrV15Phase4Migration, err)
.\gitmap\store\store.go|134|return without blank line|return fmt.Errorf(constants.ErrV15Phase5Migration, err)
.\gitmap\store\store.go|138|return without blank line|return fmt.Errorf(constants.ErrV15Phase6Migration, err)
.\gitmap\store\store.go|198|return without blank line|return fmt.Errorf(constants.ErrDBMigrate, err)
.\gitmap\store\store.go|212|return without blank line|return err
.\gitmap\store\store.go|216|return without blank line|return err
.\gitmap\store\store.go|224|return without blank line|return err
.\gitmap\store\store.go|355|return without blank line|return // already migrated, or freshly created with CommitSha.
.\gitmap\store\store.go|359|return without blank line|return // both columns exist — refuse to clobber.
.\gitmap\store\store.go|441|return without blank line|return fmt.Errorf(constants.ErrDBMigrate, err)
.\gitmap\store\store.go|457|return without blank line|return db.conn
.\gitmap\store\store.go|462|return without blank line|return os.MkdirAll(dir, constants.DirPermission)
.\gitmap\store\store.go|479|return without blank line|return fmt.Errorf("apply pragma %q: %w", pragma, err)
.\gitmap\store\store.go|46|monolithic function|length 30
.\gitmap\store\store.go|85|monolithic function|length 153
.\gitmap\store\store.go|349|monolithic function|length 17
.\gitmap\store\store.go|384|monolithic function|length 62
.\gitmap\store\tasktype.go|14|return without blank line|return fmt.Errorf(constants.ErrPendingTaskInsert, err)
.\gitmap\store\tasktype.go|28|return without blank line|return 0, fmt.Errorf(constants.ErrTaskTypeNotFound, name)
.\gitmap\store\template.go|22|return without blank line|return fmt.Errorf(constants.ErrSEODBInsert, err)
.\gitmap\store\template.go|32|return without blank line|return nil, fmt.Errorf(constants.ErrDBQuery, err)
.\gitmap\store\template.go|57|return without blank line|return nil, err
.\gitmap\store\temprelease.go|15|return without blank line|return fmt.Errorf(constants.ErrTRCreate, err)
.\gitmap\store\temprelease.go|25|return without blank line|return nil, fmt.Errorf(constants.ErrTRQuery, err)
.\gitmap\store\temprelease.go|51|return without blank line|return 0, err
.\gitmap\store\temprelease.go|61|return without blank line|return fmt.Errorf(constants.ErrTRDelete, err)
.\gitmap\store\temprelease.go|71|return without blank line|return fmt.Errorf(constants.ErrTRDelete, err)
.\gitmap\store\temprelease.go|22|monolithic function|length 21
.\gitmap\store\transaction.go|24|return without blank line|return 0, fmt.Errorf("transaction insert: %w", err)
.\gitmap\store\transaction.go|32|return without blank line|return db.updateTxnStatus(id, constants.TxnStatusCommitted, true, false)
.\gitmap\store\transaction.go|37|return without blank line|return db.updateTxnStatus(id, constants.TxnStatusAborted, false, false)
.\gitmap\store\transaction.go|42|return without blank line|return db.updateTxnStatus(id, constants.TxnStatusReverted, false, true)
.\gitmap\store\transaction.go|52|return without blank line|return fmt.Errorf("transaction status update: %w", err)
.\gitmap\store\transaction.go|64|return without blank line|return fmt.Errorf("transaction file insert: %w", err)
.\gitmap\store\transaction.go|81|return without blank line|return nil, fmt.Errorf("transaction list: %w", err)
.\gitmap\store\transaction.go|92|return without blank line|return nil, fmt.Errorf("transaction files: %w", err)
.\gitmap\store\transaction.go|105|return without blank line|return 0, nil
.\gitmap\store\transaction.go|108|return without blank line|return 0, fmt.Errorf("transaction last-committed: %w", err)
.\gitmap\store\transaction.go|119|return without blank line|return nil, fmt.Errorf("transaction prune list: %w", err)
.\gitmap\store\transaction.go|123|return without blank line|return nil, err
.\gitmap\store\transaction.go|133|return without blank line|return fmt.Errorf("transaction prune delete: %w", err)
.\gitmap\store\transaction.go|148|return without blank line|return r, ErrTransactionNotFound
.\gitmap\store\transaction.go|151|return without blank line|return r, fmt.Errorf("transaction scan: %w", err)
.\gitmap\store\transaction.go|165|return without blank line|return nil, err
.\gitmap\store\transaction.go|181|return without blank line|return r, fmt.Errorf("transaction scan: %w", err)
.\gitmap\store\transaction.go|197|return without blank line|return nil, fmt.Errorf("transaction file scan: %w", err)
.\gitmap\store\transaction.go|212|return without blank line|return nil, fmt.Errorf("transaction id scan: %w", err)
.\gitmap\store\transaction.go|226|return without blank line|return sql.NullInt64{Int64: nowUnix(), Valid: true}
.\gitmap\store\transaction.go|235|return without blank line|return n.Int64
.\gitmap\store\transaction.go|141|monolithic function|length 16
.\gitmap\store\transaction_action.go|19|return without blank line|return 0, fmt.Errorf(constants.ErrActionInsert, err)
.\gitmap\store\transaction_action.go|30|return without blank line|return 0, fmt.Errorf(constants.ErrActionList, err)
.\gitmap\store\transaction_action.go|39|return without blank line|return db.queryActions(constants.SQLSelectTransactionActions, txnID)
.\gitmap\store\transaction_action.go|44|return without blank line|return db.queryActions(constants.SQLSelectTransactionActionsReverse, txnID)
.\gitmap\store\transaction_action.go|51|return without blank line|return nil, fmt.Errorf(constants.ErrActionList, err)
.\gitmap\store\transaction_action.go|63|return without blank line|return fmt.Errorf(constants.ErrActionMarkReverted, err)
.\gitmap\store\transaction_action.go|75|return without blank line|return nil, err
.\gitmap\store\transaction_action.go|91|return without blank line|return r, fmt.Errorf(constants.ErrActionList, err)
.\gitmap\store\txhelpers.go|26|return without blank line|return fmt.Errorf(errFmt, err, err.Error())
.\gitmap\store\version_history.go|16|return without blank line|return 0, fmt.Errorf(constants.ErrDBVersionHistory, err)
.\gitmap\store\version_history.go|26|return without blank line|return fmt.Errorf(constants.ErrDBVersionHistory, err)
.\gitmap\store\version_history.go|36|return without blank line|return nil, fmt.Errorf(constants.ErrDBVersionHistory, err)
.\gitmap\store\version_history.go|47|return without blank line|return nil, fmt.Errorf(constants.ErrDBVersionHistory, scanErr)
.\gitmap\store\version_history.go|60|return without blank line|return 0, err
.\gitmap\store\version_history.go|33|monolithic function|length 20
.\gitmap\store\version_probe.go|17|return without blank line|return nil
.\gitmap\store\version_probe.go|31|return without blank line|return fmt.Errorf(constants.ErrProbeTagFail, scanFolderID, err)
.\gitmap\store\version_probe.go|49|return without blank line|return fmt.Errorf(constants.ErrProbeRecord, p.RepoID, err)
.\gitmap\store\version_probe.go|68|return without blank line|return model.VersionProbe{}, sql.ErrNoRows
.\gitmap\store\version_probe.go|71|return without blank line|return model.VersionProbe{}, fmt.Errorf(constants.ErrProbeRecord, repoID, err)
.\gitmap\store\version_probe.go|15|monolithic function|length 20
.\gitmap\store\version_probe.go|57|monolithic function|length 19
.\gitmap\store\vscode_project.go|19|return without blank line|return fmt.Errorf(constants.ErrVSCodePMUpsert, rootPath, err)
.\gitmap\store\vscode_project.go|29|return without blank line|return nil, fmt.Errorf(constants.ErrVSCodePMList, err)
.\gitmap\store\vscode_project.go|58|return without blank line|return 0, fmt.Errorf(constants.ErrVSCodePMRename, rootPath, err)
.\gitmap\store\vscode_project.go|71|return without blank line|return err
.\gitmap\store\vscode_project.go|75|return without blank line|return fmt.Errorf(constants.ErrVSCodePMUpdatePaths, rootPath, err)
.\gitmap\store\vscode_project.go|84|return without blank line|return fmt.Errorf(constants.ErrVSCodePMDelete, rootPath, err)
.\gitmap\store\vscode_project.go|94|return without blank line|return model.VSCodeProject{}, sql.ErrNoRows
.\gitmap\store\vscode_project.go|97|return without blank line|return model.VSCodeProject{}, fmt.Errorf(constants.ErrVSCodePMList, err)
.\gitmap\store\vscode_project.go|115|return without blank line|return p, err
.\gitmap\store\vscode_project.go|122|return without blank line|return p, decodeErr
.\gitmap\store\vscode_project.go|139|return without blank line|return nil, fmt.Errorf(constants.ErrVSCodePMList, err)
.\gitmap\store\vscode_project.go|158|return without blank line|return "", fmt.Errorf(constants.ErrVSCodePMPathsEncode, rootPath, err)
.\gitmap\store\vscode_project.go|168|return without blank line|return []string{}, nil
.\gitmap\store\vscode_project.go|173|return without blank line|return nil, fmt.Errorf(constants.ErrVSCodePMPathsDecode, rootPath, err)
.\gitmap\store\vscode_project.go|105|monolithic function|length 22
.\gitmap\store\vscode_project.go|130|monolithic function|length 16
.\gitmap\store\wrapper.go|22|return without blank line|return QueryResult[sql.Result]{IsSuccess: false, IsFailure: true, Error: err}
.\gitmap\store\wrapper.go|24|return without blank line|return QueryResult[sql.Result]{IsSuccess: true, IsFailure: false, Data: res}
.\gitmap\store\wrapper.go|32|return without blank line|return QueryResult[*sql.Rows]{IsSuccess: false, IsFailure: true, Error: err}
.\gitmap\store\wrapper.go|34|return without blank line|return QueryResult[*sql.Rows]{IsSuccess: true, IsFailure: false, Data: rows}
.\gitmap\store\wrapper.go|39|return without blank line|return db.QueryRow(query, args...)
.\gitmap\store\wrapper.go|43|return without blank line|return q.Data, q.Error
.\gitmap\store\zipgroup.go|21|return without blank line|return model.ZipGroup{}, fmt.Errorf(constants.ErrZGCreate, err)
.\gitmap\store\zipgroup.go|35|return without blank line|return model.ZipGroup{}, fmt.Errorf(constants.ErrZGNotFound, name)
.\gitmap\store\zipgroup.go|45|return without blank line|return nil, fmt.Errorf(constants.ErrZGQuery, err)
.\gitmap\store\zipgroup.go|69|return without blank line|return nil, fmt.Errorf(constants.ErrZGQuery, err)
.\gitmap\store\zipgroup.go|93|return without blank line|return fmt.Errorf(constants.ErrZGDelete, err)
.\gitmap\store\zipgroup.go|103|return without blank line|return fmt.Errorf(constants.ErrZGCreate, err)
.\gitmap\store\zipgroup.go|113|return without blank line|return err
.\gitmap\store\zipgroup.go|123|return without blank line|return fmt.Errorf(constants.ErrZGAddItem, err)
.\gitmap\store\zipgroup.go|133|return without blank line|return err
.\gitmap\store\zipgroup.go|138|return without blank line|return fmt.Errorf(constants.ErrZGRemoveItem, err)
.\gitmap\store\zipgroup.go|148|return without blank line|return nil, err
.\gitmap\store\zipgroup.go|153|return without blank line|return nil, fmt.Errorf(constants.ErrZGQuery, err)
.\gitmap\store\zipgroup.go|180|return without blank line|return 0, err
.\gitmap\store\zipgroup.go|42|monolithic function|length 21
.\gitmap\store\zipgroup.go|66|monolithic function|length 21
.\gitmap\store\zipgroup.go|110|monolithic function|length 17
.\gitmap\store\zipgroup.go|145|monolithic function|length 29
.\gitmap\store\zipgroupjson.go|31|return without blank line|return err
.\gitmap\store\zipgroupjson.go|51|return without blank line|return fmt.Errorf(constants.ErrZGJSONWrite, dir, err)
.\gitmap\store\zipgroupjson.go|58|return without blank line|return fmt.Errorf(constants.ErrZGJSONWrite, jsonPath, err)
.\gitmap\store\zipgroupjson.go|63|return without blank line|return fmt.Errorf(constants.ErrZGJSONWrite, jsonPath, err)
.\gitmap\store\zipgroupjson.go|28|monolithic function|length 39
.\gitmap\templates\corpus_parity_test.go|41|monolithic function|length 17
.\gitmap\templates\corpus_parity_test.go|65|monolithic function|length 25
.\gitmap\templates\corpus_test.go|17|return without blank line|return err
.\gitmap\templates\corpus_test.go|20|return without blank line|return nil
.\gitmap\templates\corpus_test.go|14|monolithic function|length 19
.\gitmap\templates\corpus_test.go|35|monolithic function|length 24
.\gitmap\templates\diff.go|57|return without blank line|return DiffResult{}, fmt.Errorf("resolve %q: %w", targetPath, err)
.\gitmap\templates\diff.go|62|return without blank line|return DiffResult{}, readErr
.\gitmap\templates\diff.go|102|return without blank line|return nil, false
.\gitmap\templates\diff.go|149|return without blank line|return nil
.\gitmap\templates\diff.go|166|return without blank line|return data, true, nil
.\gitmap\templates\diff.go|169|return without blank line|return nil, false, nil
.\gitmap\templates\diff.go|54|monolithic function|length 40
.\gitmap\templates\diff.go|98|monolithic function|length 17
.\gitmap\templates\diff_test.go|77|monolithic function|length 24
.\gitmap\templates\dirfs.go|13|return without blank line|return emptyFS{}
.\gitmap\templates\list.go|24|return without blank line|return nil, err
.\gitmap\templates\list.go|27|return without blank line|return nil, err
.\gitmap\templates\list.go|36|return without blank line|return kindRank(out[i].Kind) < kindRank(out[j].Kind)
.\gitmap\templates\list.go|49|return without blank line|return 0
.\gitmap\templates\list.go|51|return without blank line|return 1
.\gitmap\templates\list.go|53|return without blank line|return 2
.\gitmap\templates\list.go|61|return without blank line|return fs.WalkDir(FS, embedAssetsRoot, func(p string, d fs.DirEntry, err error) error {
.\gitmap\templates\list.go|63|return without blank line|return err
.\gitmap\templates\list.go|66|return without blank line|return nil
.\gitmap\templates\list.go|70|return without blank line|return nil
.\gitmap\templates\list.go|83|return without blank line|return err
.\gitmap\templates\list.go|87|return without blank line|return nil // overlay dir may not exist; skip silently
.\gitmap\templates\list.go|90|return without blank line|return nil
.\gitmap\templates\list.go|94|return without blank line|return nil
.\gitmap\templates\list.go|116|return without blank line|return "", "", false
.\gitmap\templates\list.go|123|return without blank line|return "", "", false
.\gitmap\templates\list.go|129|return without blank line|return "", "", false
.\gitmap\templates\list.go|20|monolithic function|length 23
.\gitmap\templates\list.go|60|monolithic function|length 16
.\gitmap\templates\list.go|80|monolithic function|length 22
.\gitmap\templates\list.go|112|monolithic function|length 24
.\gitmap\templates\list_test.go|9|monolithic function|length 21
.\gitmap\templates\list_test.go|32|monolithic function|length 16
.\gitmap\templates\list_test.go|50|monolithic function|length 31
.\gitmap\templates\list_test.go|83|monolithic function|length 21
.\gitmap\templates\materialize.go|19|return without blank line|return "", nil, err
.\gitmap\templates\materialize.go|25|return without blank line|return err
.\gitmap\templates\materialize.go|28|return without blank line|return nil
.\gitmap\templates\materialize.go|33|return without blank line|return copyErr
.\gitmap\templates\materialize.go|42|return without blank line|return dir, written, fmt.Errorf(errTemplateMaterialize, dir, walkErr)
.\gitmap\templates\materialize.go|55|return without blank line|return "", nil
.\gitmap\templates\materialize.go|58|return without blank line|return "", fmt.Errorf(errTemplateMaterialize, dst, err)
.\gitmap\templates\materialize.go|63|return without blank line|return "", fmt.Errorf(errTemplateRead, embedPath, err)
.\gitmap\templates\materialize.go|66|return without blank line|return "", fmt.Errorf(errTemplateMaterialize, dst, err)
.\gitmap\templates\materialize.go|16|monolithic function|length 30
.\gitmap\templates\materialize.go|50|monolithic function|length 20
.\gitmap\templates\merge.go|55|return without blank line|return MergeResult{}, fmt.Errorf("resolve %q: %w", targetPath, err)
.\gitmap\templates\merge.go|60|return without blank line|return MergeResult{}, readErr
.\gitmap\templates\merge.go|68|return without blank line|return MergeResult{Path: abs, Outcome: outcome, Changed: false, BlockTag: tag}, nil
.\gitmap\templates\merge.go|72|return without blank line|return MergeResult{}, fmt.Errorf("mkdir %q: %w", filepath.Dir(abs), mkErr)
.\gitmap\templates\merge.go|75|return without blank line|return MergeResult{}, fmt.Errorf("write %q: %w", abs, wErr)
.\gitmap\templates\merge.go|86|return without blank line|return data, true, nil
.\gitmap\templates\merge.go|89|return without blank line|return nil, false, nil
.\gitmap\templates\merge.go|100|return without blank line|return block, MergeCreated
.\gitmap\templates\merge.go|105|return without blank line|return re.ReplaceAll(prior, block), MergeUpdated
.\gitmap\templates\merge.go|52|monolithic function|length 27
.\gitmap\templates\merge_test.go|15|monolithic function|length 19
.\gitmap\templates\merge_test.go|39|monolithic function|length 22
.\gitmap\templates\merge_test.go|65|monolithic function|length 41
.\gitmap\templates\merge_test.go|112|monolithic function|length 23
.\gitmap\templates\paths.go|16|return without blank line|return "", fmt.Errorf(errTemplateUserDir, err)
.\gitmap\templates\paths.go|27|return without blank line|return "", err
.\gitmap\templates\paths.go|30|return without blank line|return "", fmt.Errorf(errTemplateMaterialize, dir, mkErr)
.\gitmap\templates\resolver.go|35|return without blank line|return Resolved{}, err
.\gitmap\templates\resolver.go|37|return without blank line|return r, nil
.\gitmap\templates\resolver.go|45|return without blank line|return filepath.ToSlash(filepath.Join(kind, lang+extFor(kind)))
.\gitmap\templates\resolver.go|51|return without blank line|return templateExtAttributes
.\gitmap\templates\resolver.go|61|return without blank line|return Resolved{}, false, err
.\gitmap\templates\resolver.go|66|return without blank line|return Resolved{}, false, nil
.\gitmap\templates\resolver.go|69|return without blank line|return Resolved{}, false, fmt.Errorf(errTemplateRead, full, err)
.\gitmap\templates\resolver.go|80|return without blank line|return Resolved{}, fmt.Errorf(errTemplateNotFound, kind, lang)
.\gitmap\templates\resolver.go|83|return without blank line|return Resolved{}, fmt.Errorf(errTemplateRead, full, err)
.\gitmap\templates\resolver_test.go|44|monolithic function|length 27
.\gitmap\tests\cmd_test\aliasresolve_test.go|14|return without blank line|return args[i+1], removeElements(args, i, 2)
.\gitmap\tests\cmd_test\aliasresolve_test.go|17|return without blank line|return "", args
.\gitmap\tests\cmd_test\aliasresolve_test.go|21|return without blank line|return arg[3:], removeElements(args, i, 1)
.\gitmap\tests\cmd_test\aliasresolve_test.go|24|return without blank line|return arg[8:], removeElements(args, i, 1)
.\gitmap\tests\cmd_test\aliasresolve_test.go|32|return without blank line|return len(arg) > len(prefix) && arg[:len(prefix)] == prefix
.\gitmap\tests\cmd_test\aliasresolve_test.go|220|return without blank line|return nil
.\gitmap\tests\cmd_test\aliasresolve_test.go|11|monolithic function|length 18
.\gitmap\tests\cmd_test\aliasresolve_test.go|176|monolithic function|length 23
.\gitmap\tests\cmd_test\aliasresolve_test.go|236|monolithic function|length 17
.\gitmap\tests\cmd_test\aliasresolve_test.go|257|monolithic function|length 17
.\gitmap\tests\cmd_test\aliasresolve_test.go|302|monolithic function|length 16
.\gitmap\tests\cmd_test\amend_test.go|15|return without blank line|return args
.\gitmap\tests\cmd_test\amend_test.go|19|return without blank line|return args
.\gitmap\tests\cmd_test\amend_test.go|75|return without blank line|return constants.AmendModeAll
.\gitmap\tests\cmd_test\amend_test.go|79|return without blank line|return constants.AmendModeHead
.\gitmap\tests\cmd_test\amend_test.go|110|return without blank line|return nil
.\gitmap\tests\cmd_test\amend_test.go|155|return without blank line|return []string{s[:i], s[i+1:]}
.\gitmap\tests\cmd_test\amend_test.go|312|return without blank line|return ts.Format("2006-01-02T15-04-05")
.\gitmap\tests\cmd_test\amend_test.go|108|monolithic function|length 26
.\gitmap\tests\cmd_test\amend_test.go|211|monolithic function|length 27
.\gitmap\tests\cmd_test\amend_test.go|240|monolithic function|length 37
.\gitmap\tests\cmd_test\seowritecreate_test.go|112|return without blank line|return sampleTemplateFile{
.\gitmap\tests\cmd_test\seowritecreate_test.go|37|monolithic function|length 25
.\gitmap\tests\cmd_test\seowritecreate_test.go|65|monolithic function|length 23
.\gitmap\tests\cmd_test\seowritecreate_test.go|91|monolithic function|length 16
.\gitmap\tests\cmd_test\seowritecreate_test.go|111|monolithic function|length 21
.\gitmap\tests\cmd_test\seowritecsv_test.go|68|monolithic function|length 21
.\gitmap\tests\cmd_test\seowritecsv_test.go|116|monolithic function|length 21
.\gitmap\tests\cmd_test\seowriteloop_test.go|148|return without blank line|return 0, 0, errInvalid()
.\gitmap\tests\cmd_test\seowriteloop_test.go|156|return without blank line|return 0, 0, errInvalid()
.\gitmap\tests\cmd_test\seowriteloop_test.go|165|return without blank line|return false, errInvalid()
.\gitmap\tests\cmd_test\seowriteloop_test.go|170|return without blank line|return false, errInvalid()
.\gitmap\tests\cmd_test\seowriteloop_test.go|180|return without blank line|return os.ErrInvalid
.\gitmap\tests\cmd_test\seowriteloop_test.go|185|return without blank line|return "."
.\gitmap\tests\cmd_test\seowriteloop_test.go|193|return without blank line|return strings.Replace(strings.Replace("Xh Ym", "X", itoa(hours), 1), "Y", itoa(minutes), 1)
.\gitmap\tests\cmd_test\seowriteloop_test.go|201|return without blank line|return "0"
.\gitmap\tests\cmd_test\seowriteloop_test.go|235|return without blank line|return ""
.\gitmap\tests\cmd_test\seowriteloop_test.go|238|return without blank line|return ""
.\gitmap\tests\cmd_test\seowriteloop_test.go|240|return without blank line|return explicit
.\gitmap\tests\cmd_test\seowriteloop_test.go|87|monolithic function|length 28
.\gitmap\tests\cmd_test\seowritetemplate_test.go|21|monolithic function|length 28
.\gitmap\tests\cmd_test\seowritetemplate_test.go|52|monolithic function|length 18
.\gitmap\tests\cmd_test\seowritetemplate_test.go|97|monolithic function|length 18
.\gitmap\tests\cmd_test\seowritetemplate_test.go|118|monolithic function|length 24
.\gitmap\tests\cmd_test\seowritetemplate_test.go|145|monolithic function|length 17
.\gitmap\tests\cmd_test\seowrite_test.go|48|monolithic function|length 24
.\gitmap\tests\cmd_test\seowrite_test.go|75|monolithic function|length 16
.\gitmap\tests\cmd_test\seowrite_test.go|94|monolithic function|length 16
.\gitmap\tests\cmd_test\temprelease_test.go|9|monolithic function|length 23
.\gitmap\tests\cmd_test\temprelease_test.go|34|monolithic function|length 24
.\gitmap\tests\constants_test\seo_constants_test.go|49|monolithic function|length 23
.\gitmap\tests\constants_test\seo_constants_test.go|75|monolithic function|length 26
.\gitmap\tests\constants_test\seo_constants_test.go|104|monolithic function|length 17
.\gitmap\tests\fixrepo_test\fixture_helpers_test.go|56|return without blank line|return s
.\gitmap\tests\fixrepo_test\fixture_helpers_test.go|61|return without blank line|return s
.\gitmap\tests\fixrepo_test\fixture_helpers_test.go|92|return without blank line|return fmt.Sprintf(`package fixture
.\gitmap\tests\fixrepo_test\fixture_helpers_test.go|107|return without blank line|return fmt.Sprintf(`package fixture
.\gitmap\tests\fixrepo_test\fixture_helpers_test.go|151|return without blank line|return nil
.\gitmap\tests\fixrepo_test\fixture_helpers_test.go|23|monolithic function|length 25
.\gitmap\tests\fixrepo_test\gofmt_e2e_test.go|125|return without blank line|return dir
.\gitmap\tests\fixrepo_test\gofmt_e2e_test.go|130|return without blank line|return ""
.\gitmap\tests\fixrepo_test\gofmt_e2e_test.go|28|monolithic function|length 48
.\gitmap\tests\fixrepo_test\gofmt_e2e_test.go|96|monolithic function|length 16
.\gitmap\tests\release_test\e2e_test.go|18|monolithic function|length 52
.\gitmap\tests\release_test\e2e_test.go|74|monolithic function|length 78
.\gitmap\tests\release_test\e2e_test.go|156|monolithic function|length 24
.\gitmap\tests\release_test\e2e_test.go|184|monolithic function|length 24
.\gitmap\tests\release_test\e2e_test.go|212|monolithic function|length 32
.\gitmap\tests\release_test\e2e_test.go|248|monolithic function|length 32
.\gitmap\tests\release_test\edgecase_test.go|18|monolithic function|length 35
.\gitmap\tests\release_test\edgecase_test.go|71|monolithic function|length 29
.\gitmap\tests\release_test\edgecase_test.go|106|monolithic function|length 25
.\gitmap\tests\release_test\edgecase_test.go|144|monolithic function|length 21
.\gitmap\tests\release_test\edgecase_test.go|168|monolithic function|length 17
.\gitmap\tests\release_test\edgecase_test.go|191|monolithic function|length 20
.\gitmap\tests\release_test\edgecase_test.go|226|monolithic function|length 21
.\gitmap\tests\release_test\edgecase_test.go|254|monolithic function|length 41
.\gitmap\tests\release_test\edgecase_test.go|299|monolithic function|length 18
.\gitmap\tests\release_test\edgecase_test.go|322|monolithic function|length 22
.\gitmap\tests\release_test\edgecase_test.go|348|monolithic function|length 51
.\gitmap\tests\release_test\installhint_test.go|12|monolithic function|length 21
.\gitmap\tests\release_test\installhint_test.go|35|monolithic function|length 20
.\gitmap\tests\release_test\installhint_test.go|57|monolithic function|length 24
.\gitmap\tests\release_test\rollback_test.go|62|return without blank line|return false
.\gitmap\tests\release_test\rollback_test.go|74|return without blank line|return false
.\gitmap\tests\release_test\rollback_test.go|16|monolithic function|length 38
.\gitmap\tests\release_test\rollback_test.go|94|monolithic function|length 40
.\gitmap\tests\release_test\rollback_test.go|138|monolithic function|length 19
.\gitmap\tests\release_test\rollback_test.go|180|monolithic function|length 36
.\gitmap\tests\release_test\skipmeta_test.go|47|monolithic function|length 19
.\gitmap\tests\release_test\skipmeta_test.go|70|monolithic function|length 48
.\gitmap\tests\release_test\skipmeta_test.go|123|monolithic function|length 21
.\gitmap\tests\release_test\skipmeta_test.go|148|monolithic function|length 40
.\gitmap\tests\release_test\skipmeta_test.go|192|monolithic function|length 47
.\gitmap\tests\scanclone_test\e2e_test.go|37|return without blank line|return []model.ScanRecord{
.\gitmap\tests\scanclone_test\e2e_test.go|146|return without blank line|return formatter.WriteJSON(f, recs)
.\gitmap\tests\scanclone_test\e2e_test.go|149|return without blank line|return formatter.WriteJSON(f, recs)
.\gitmap\tests\scanclone_test\e2e_test.go|169|return without blank line|return formatter.WriteJSON(f, recs)
.\gitmap\tests\scanclone_test\e2e_test.go|172|return without blank line|return formatter.WriteCSV(f, recs)
.\gitmap\tests\scanclone_test\e2e_test.go|36|monolithic function|length 30
.\gitmap\tests\scanclone_test\e2e_test.go|141|monolithic function|length 16
.\gitmap\tests\scanclone_test\e2e_test.go|164|monolithic function|length 19
.\gitmap\tests\scanclone_test\e2e_test.go|190|monolithic function|length 19
.\gitmap\tests\store_test\alias_suggest_test.go|12|monolithic function|length 22
.\gitmap\tests\store_test\alias_suggest_test.go|37|monolithic function|length 27
.\gitmap\tests\store_test\alias_suggest_test.go|67|monolithic function|length 34
.\gitmap\tests\store_test\alias_suggest_test.go|104|monolithic function|length 33
.\gitmap\tests\store_test\alias_suggest_test.go|140|monolithic function|length 38
.\gitmap\tests\store_test\alias_suggest_test.go|214|monolithic function|length 18
.\gitmap\tests\store_test\alias_test.go|12|monolithic function|length 20
.\gitmap\tests\store_test\alias_test.go|35|monolithic function|length 26
.\gitmap\tests\store_test\alias_test.go|82|monolithic function|length 34
.\gitmap\tests\store_test\alias_test.go|145|monolithic function|length 36
.\gitmap\tests\store_test\alias_test.go|184|monolithic function|length 16
.\gitmap\tests\store_test\alias_test.go|232|monolithic function|length 30
.\gitmap\tests\store_test\alias_test.go|265|monolithic function|length 21
.\gitmap\tests\store_test\alias_test.go|289|monolithic function|length 16
.\gitmap\tests\store_test\location_test.go|36|monolithic function|length 31
.\gitmap\tests\store_test\pendingtask_test.go|332|return without blank line|return id
.\gitmap\tests\store_test\pendingtask_test.go|341|return without blank line|return id
.\gitmap\tests\store_test\pendingtask_test.go|350|return without blank line|return id
.\gitmap\tests\store_test\pendingtask_test.go|359|return without blank line|return id
.\gitmap\tests\store_test\pendingtask_test.go|43|monolithic function|length 26
.\gitmap\tests\store_test\pendingtask_test.go|143|monolithic function|length 35
.\gitmap\tests\store_test\pendingtask_test.go|194|monolithic function|length 16
.\gitmap\tests\store_test\pendingtask_test.go|224|monolithic function|length 18
.\gitmap\tests\store_test\pendingtask_test.go|261|monolithic function|length 16
.\gitmap\tests\store_test\pendingtask_test.go|282|monolithic function|length 18
.\gitmap\tests\store_test\pendingtask_test.go|305|monolithic function|length 17
.\gitmap\tests\store_test\template_test.go|50|monolithic function|length 23
.\gitmap\tests\store_test\template_test.go|156|monolithic function|length 22
.\gitmap\theme\filter.go|20|return without blank line|return p
.\gitmap\theme\filter.go|53|return without blank line|return i, j, true
.\gitmap\theme\filter.go|69|return without blank line|return (b >= '0' && b <= '9') || b == ';'
.\gitmap\theme\filter.go|79|return without blank line|return alt
.\gitmap\theme\filter.go|18|monolithic function|length 23
.\gitmap\theme\filter.go|46|monolithic function|length 16
.\gitmap\theme\install.go|56|return without blank line|return activeMode
.\gitmap\theme\install.go|126|return without blank line|return false
.\gitmap\theme\install.go|130|return without blank line|return false
.\gitmap\theme\install.go|87|monolithic function|length 17
.\gitmap\theme\theme.go|50|return without blank line|return constants.ThemeStandard
.\gitmap\theme\theme.go|52|return without blank line|return constants.ThemeMonochrome
.\gitmap\theme\theme.go|54|return without blank line|return constants.ThemeBright
.\gitmap\theme\theme.go|64|return without blank line|return ModeStandard
.\gitmap\theme\theme.go|66|return without blank line|return ModeMono
.\gitmap\theme\theme.go|68|return without blank line|return ModeBright
.\gitmap\theme\theme.go|75|return without blank line|return Parse(os.Getenv(constants.EnvTheme))
.\gitmap\theme\theme.go|87|return without blank line|return true
.\gitmap\theme\theme.go|89|return without blank line|return false
.\gitmap\theme\theme_test.go|11|monolithic function|length 16
.\gitmap\transport\classify.go|24|return without blank line|return constants.ScanTransportSSH
.\gitmap\transport\classify.go|27|return without blank line|return constants.ScanTransportHTTPS
.\gitmap\transport\classify.go|30|return without blank line|return constants.ScanTransportSSH
.\gitmap\transport\classify.go|32|return without blank line|return constants.ScanTransportOther
.\gitmap\transport\classify.go|39|return without blank line|return false
.\gitmap\transport\classify.go|43|return without blank line|return false
.\gitmap\transport\classify.go|46|return without blank line|return !strings.ContainsAny(host, "/\\")
.\gitmap\tui\actions.go|18|return without blank line|return actionsModel{}
.\gitmap\tui\actions.go|24|return without blank line|return m, nil
.\gitmap\tui\actions.go|21|monolithic function|length 25
.\gitmap\tui\actions.go|48|monolithic function|length 20
.\gitmap\tui\aliases.go|32|return without blank line|return m, nil
.\gitmap\tui\aliases.go|61|return without blank line|return styleHint.Render(constants.TUIAliasEmpty)
.\gitmap\tui\aliases.go|29|monolithic function|length 28
.\gitmap\tui\aliases.go|59|monolithic function|length 30
.\gitmap\tui\browser.go|24|return without blank line|return browserModel{
.\gitmap\tui\browser.go|34|return without blank line|return m, nil
.\gitmap\tui\browser.go|38|return without blank line|return m.updateSearch(keyMsg)
.\gitmap\tui\browser.go|126|return without blank line|return styleHint.Render(constants.TUINoRepos)
.\gitmap\tui\browser.go|173|return without blank line|return path
.\gitmap\tui\browser.go|44|monolithic function|length 17
.\gitmap\tui\browser.go|63|monolithic function|length 25
.\gitmap\tui\browser.go|90|monolithic function|length 21
.\gitmap\tui\browser.go|124|monolithic function|length 45
.\gitmap\tui\dashboard.go|56|return without blank line|return tea.Tick(m.interval, func(_ time.Time) tea.Msg {
.\gitmap\tui\dashboard.go|57|return without blank line|return tickMsg{}
.\gitmap\tui\dashboard.go|87|return without blank line|return func() tea.Msg {
.\gitmap\tui\dashboard.go|88|return without blank line|return refreshMsg{entries: collectStatusEntries(repos)}
.\gitmap\tui\dashboard.go|94|return without blank line|return "error"
.\gitmap\tui\dashboard.go|97|return without blank line|return "dirty"
.\gitmap\tui\dashboard.go|104|return without blank line|return tea.Batch(refreshStatuses(m.repos), m.scheduleTick())
.\gitmap\tui\dashboard.go|111|return without blank line|return m, m.scheduleTick()
.\gitmap\tui\dashboard.go|114|return without blank line|return m, refreshStatuses(m.repos)
.\gitmap\tui\dashboard.go|116|return without blank line|return m.handleKey(msg)
.\gitmap\tui\dashboard.go|124|return without blank line|return a - 1
.\gitmap\tui\dashboard.go|163|return without blank line|return styleHint.Render(constants.TUINoRepos)
.\gitmap\tui\dashboard.go|166|return without blank line|return styleHint.Render(constants.TUIRefreshing)
.\gitmap\tui\dashformat.go|25|return without blank line|return styleDirty.Render("dirty")
.\gitmap\tui\dashformat.go|27|return without blank line|return styleDirty.Render("error")
.\gitmap\tui\dashformat.go|29|return without blank line|return styleClean.Render("clean")
.\gitmap\tui\dashformat.go|36|return without blank line|return "-"
.\gitmap\tui\dashformat.go|45|return without blank line|return ""
.\gitmap\tui\dashformat.go|64|return without blank line|return fmt.Sprintf("  %-4s %-20s %-12s %-8s %-6s %-6s %-6s %s",
.\gitmap\tui\dashformat.go|43|monolithic function|length 17
.\gitmap\tui\dashformat.go|71|monolithic function|length 26
.\gitmap\tui\groups.go|20|return without blank line|return groupsModel{groups: groups}
.\gitmap\tui\groups.go|26|return without blank line|return m, nil
.\gitmap\tui\groups.go|52|return without blank line|return styleHint.Render(constants.TUINoGroups)
.\gitmap\tui\groups.go|23|monolithic function|length 25
.\gitmap\tui\groups.go|50|monolithic function|length 33
.\gitmap\tui\keys.go|9|return without blank line|return msg.String() == "q" || msg.String() == "esc"
.\gitmap\tui\keys.go|13|return without blank line|return msg.String() == "tab"
.\gitmap\tui\keys.go|17|return without blank line|return msg.String() == "up" || msg.String() == "k"
.\gitmap\tui\keys.go|21|return without blank line|return msg.String() == "down" || msg.String() == "j"
.\gitmap\tui\keys.go|25|return without blank line|return msg.String() == " "
.\gitmap\tui\keys.go|29|return without blank line|return msg.String() == "enter"
.\gitmap\tui\keys.go|33|return without blank line|return msg.String() == "/"
.\gitmap\tui\keys.go|37|return without blank line|return msg.String() == "a"
.\gitmap\tui\keys.go|41|return without blank line|return msg.String() == "p"
.\gitmap\tui\keys.go|45|return without blank line|return msg.String() == "x"
.\gitmap\tui\keys.go|49|return without blank line|return msg.String() == "s"
.\gitmap\tui\keys.go|53|return without blank line|return msg.String() == "g"
.\gitmap\tui\keys.go|57|return without blank line|return msg.String() == "c"
.\gitmap\tui\keys.go|61|return without blank line|return msg.String() == "d"
.\gitmap\tui\keys.go|65|return without blank line|return msg.String() == "r"
.\gitmap\tui\logformat.go|11|return without blank line|return fmt.Sprintf("%-16s %-10s %-30s %-10s %-6d %s",
.\gitmap\tui\logformat.go|20|return without blank line|return fmt.Sprintf("%dms", ms)
.\gitmap\tui\logformat.go|25|return without blank line|return fmt.Sprintf("%.1fs", seconds)
.\gitmap\tui\logs.go|39|return without blank line|return m, nil
.\gitmap\tui\logs.go|43|return without blank line|return m.updateSearch(keyMsg), nil
.\gitmap\tui\logs.go|96|return without blank line|return true
.\gitmap\tui\logs.go|99|return without blank line|return true
.\gitmap\tui\logs.go|102|return without blank line|return true
.\gitmap\tui\logs.go|105|return without blank line|return true
.\gitmap\tui\logs.go|117|return without blank line|return m
.\gitmap\tui\logs.go|49|monolithic function|length 22
.\gitmap\tui\logs.go|73|monolithic function|length 19
.\gitmap\tui\logs.go|111|monolithic function|length 28
.\gitmap\tui\logsview.go|13|return without blank line|return styleHint.Render(constants.TUILogEmpty)
.\gitmap\tui\logsview.go|17|return without blank line|return m.viewDetail()
.\gitmap\tui\logsview.go|32|return without blank line|return fmt.Sprintf("  %-4s %-16s %-10s %-30s %-10s %-6s %s",
.\gitmap\tui\releases.go|37|return without blank line|return false
.\gitmap\tui\releases.go|50|return without blank line|return m, nil
.\gitmap\tui\releases.go|53|return without blank line|return m, nil
.\gitmap\tui\releases.go|84|return without blank line|return m.trigger.View()
.\gitmap\tui\releases.go|87|return without blank line|return styleHint.Render(constants.TUIRelEmpty)
.\gitmap\tui\releases.go|90|return without blank line|return m.viewDetail()
.\gitmap\tui\releases.go|97|return without blank line|return fmt.Sprintf("  %-4s %-12s %-14s %-20s %-8s %-8s %-8s %s",
.\gitmap\tui\relformat.go|11|return without blank line|return fmt.Sprintf("%-12s %-14s %-20s %-8s %-8s %-8s %s",
.\gitmap\tui\relformat.go|29|return without blank line|return sha[:8]
.\gitmap\tui\relformat.go|38|return without blank line|return "yes"
.\gitmap\tui\relformat.go|47|return without blank line|return s
.\gitmap\tui\reltrigger.go|28|return without blank line|return relTriggerModel{
.\gitmap\tui\reltrigger.go|41|return without blank line|return m, nil
.\gitmap\tui\reltrigger.go|45|return without blank line|return m.handleTyping(keyMsg), nil
.\gitmap\tui\reltrigger.go|102|return without blank line|return (c >= '0' && c <= '9') || c == '.' || c == 'v' || c == '-'
.\gitmap\tui\reltrigger.go|107|return without blank line|return fmt.Sprintf(constants.TUIRelTriggerCmd, m.version)
.\gitmap\tui\reltrigger.go|111|return without blank line|return fmt.Sprintf(constants.TUIRelTriggerBumpCmd, m.options[m.cursor].flag)
.\gitmap\tui\reltrigger.go|119|return without blank line|return m.viewConfirmed()
.\gitmap\tui\reltrigger.go|123|return without blank line|return m.viewTyping()
.\gitmap\tui\reltrigger.go|51|monolithic function|length 24
.\gitmap\tui\reltrigger.go|77|monolithic function|length 22
.\gitmap\tui\reltrigger.go|129|monolithic function|length 18
.\gitmap\tui\tempreleases.go|41|return without blank line|return m, nil
.\gitmap\tui\tempreleases.go|76|return without blank line|return styleHint.Render(constants.TUITREmpty)
.\gitmap\tui\tempreleases.go|80|return without blank line|return m.viewDetail()
.\gitmap\tui\tempreleases.go|84|return without blank line|return m.viewGrouped()
.\gitmap\tui\tempreleases.go|47|monolithic function|length 25
.\gitmap\tui\tempreleases.go|90|monolithic function|length 25
.\gitmap\tui\tempreleases.go|117|monolithic function|length 20
.\gitmap\tui\tempreleases.go|139|monolithic function|length 18
.\gitmap\tui\trformat.go|13|return without blank line|return fmt.Sprintf("%-28s %-12s %-5d %-10s %s",
.\gitmap\tui\trformat.go|42|return without blank line|return recs[i].SequenceNumber < recs[j].SequenceNumber
.\gitmap\tui\trformat.go|66|return without blank line|return records
.\gitmap\tui\trformat.go|27|monolithic function|length 34
.\gitmap\tui\trformat.go|64|monolithic function|length 16
.\gitmap\tui\tui.go|52|return without blank line|return fmt.Errorf(constants.ErrTUIDBOpen, err)
.\gitmap\tui\tui.go|65|return without blank line|return rootModel{
.\gitmap\tui\tui.go|83|return without blank line|return m.dashboard.Init()
.\gitmap\tui\tui.go|64|monolithic function|length 16
.\gitmap\tui\tui.go|86|monolithic function|length 26
.\gitmap\tui\tui.go|114|monolithic function|length 50
.\gitmap\tui\tuiview.go|11|return without blank line|return ""
.\gitmap\tui\tuiview.go|54|return without blank line|return m.browser.View()
.\gitmap\tui\tuiview.go|56|return without blank line|return m.actions.View()
.\gitmap\tui\tuiview.go|58|return without blank line|return m.groupsMgr.View()
.\gitmap\tui\tuiview.go|60|return without blank line|return m.dashboard.View()
.\gitmap\tui\tuiview.go|62|return without blank line|return m.releases.View()
.\gitmap\tui\tuiview.go|64|return without blank line|return m.tempReleases.View()
.\gitmap\tui\tuiview.go|66|return without blank line|return m.zipGroups.View()
.\gitmap\tui\tuiview.go|68|return without blank line|return m.aliases.View()
.\gitmap\tui\tuiview.go|70|return without blank line|return m.logs.View()
.\gitmap\tui\tuiview.go|26|monolithic function|length 23
.\gitmap\tui\tuiview.go|51|monolithic function|length 23
.\gitmap\tui\tuiview.go|76|monolithic function|length 25
.\gitmap\tui\tui_test.go|12|return without blank line|return []model.ScanRecord{
.\gitmap\tui\tui_test.go|20|return without blank line|return []model.Group{
.\gitmap\tui\tui_test.go|27|return without blank line|return tea.KeyMsg{Type: tea.KeyRunes, Runes: []rune(key)}
.\gitmap\tui\tui_test.go|31|return without blank line|return tea.KeyMsg{Type: k}
.\gitmap\tui\tui_test.go|36|monolithic function|length 23
.\gitmap\tui\tui_test.go|63|monolithic function|length 17
.\gitmap\tui\tui_test.go|99|monolithic function|length 18
.\gitmap\tui\tui_test.go|137|monolithic function|length 24
.\gitmap\tui\tui_test.go|165|monolithic function|length 21
.\gitmap\tui\tui_test.go|190|monolithic function|length 16
.\gitmap\tui\tui_test.go|210|monolithic function|length 23
.\gitmap\tui\zipgroups.go|33|return without blank line|return m, nil
.\gitmap\tui\zipgroups.go|66|return without blank line|return ""
.\gitmap\tui\zipgroups.go|72|return without blank line|return fmt.Sprintf("  Error: %v", err)
.\gitmap\tui\zipgroups.go|95|return without blank line|return styleHint.Render(constants.TUIZGEmpty)
.\gitmap\tui\zipgroups.go|30|monolithic function|length 32
.\gitmap\tui\zipgroups.go|64|monolithic function|length 27
.\gitmap\tui\zipgroups.go|93|monolithic function|length 39
.\gitmap\txn\action.go|43|return without blank line|return nil
.\gitmap\txn\action.go|46|return without blank line|return err
.\gitmap\txn\action.go|50|return without blank line|return err
.\gitmap\txn\action.go|61|return without blank line|return nil
.\gitmap\txn\action.go|73|return without blank line|return err
.\gitmap\txn\action.go|92|return without blank line|return 0, err
.\gitmap\txn\action.go|95|return without blank line|return 0, nil
.\gitmap\txn\action.go|107|return without blank line|return wrapNotFound(txnID, err)
.\gitmap\txn\action.go|110|return without blank line|return err
.\gitmap\txn\action.go|114|return without blank line|return err
.\gitmap\txn\action.go|127|return without blank line|return err
.\gitmap\txn\action.go|130|return without blank line|return err
.\gitmap\txn\action.go|141|return without blank line|return reverseEditFileAction(db, a)
.\gitmap\txn\action.go|143|return without blank line|return reverseRenamePathAction(a)
.\gitmap\txn\action.go|145|return without blank line|return fmt.Errorf(constants.ErrActionUnknownKind, a.ID, a.Kind)
.\gitmap\txn\action.go|153|return without blank line|return err
.\gitmap\txn\action.go|157|return without blank line|return reverseRestore(f, RevertOptions{})
.\gitmap\txn\action.go|168|return without blank line|return fmt.Errorf(constants.ErrActionPayloadDecode, a.ID, err)
.\gitmap\txn\action.go|171|return without blank line|return fmt.Errorf(constants.ErrActionLiveConflict, a.ID, a.Kind)
.\gitmap\txn\action_test.go|12|monolithic function|length 25
.\gitmap\txn\action_test.go|41|monolithic function|length 29
.\gitmap\txn\action_test.go|74|monolithic function|length 28
.\gitmap\txn\action_test.go|108|monolithic function|length 35
.\gitmap\txn\journal.go|64|return without blank line|return &Journal{db: db, meta: m}, err
.\gitmap\txn\journal.go|76|return without blank line|return nil
.\gitmap\txn\journal.go|79|return without blank line|return err
.\gitmap\txn\journal.go|88|return without blank line|return nil
.\gitmap\txn\journal.go|99|return without blank line|return err
.\gitmap\txn\journal.go|111|return without blank line|return constants.TxnUnknownGitShaMarker
.\gitmap\txn\journal.go|122|return without blank line|return filepath.Join(filepath.Dir(j.binaryDir),
.\gitmap\txn\journal_test.go|14|monolithic function|length 24
.\gitmap\txn\revert.go|29|return without blank line|return wrapNotFound(id, err)
.\gitmap\txn\revert.go|32|return without blank line|return err
.\gitmap\txn\revert.go|36|return without blank line|return err
.\gitmap\txn\revert.go|39|return without blank line|return err
.\gitmap\txn\revert.go|48|return without blank line|return fmt.Errorf(constants.ErrTxnRowNotFound, id)
.\gitmap\txn\revert.go|57|return without blank line|return nil
.\gitmap\txn\revert.go|67|return without blank line|return err
.\gitmap\txn\revert.go|78|return without blank line|return reverseRename(f)
.\gitmap\txn\revert.go|80|return without blank line|return reverseRestore(f, opts)
.\gitmap\txn\revert.go|82|return without blank line|return fmt.Errorf("transaction revert: unknown action %q", f.Action)
.\gitmap\txn\revert.go|89|return without blank line|return fmt.Errorf("transaction revert mkdir: %w", err)
.\gitmap\txn\revert.go|92|return without blank line|return fmt.Errorf("transaction revert rename %q→%q: %w",
.\gitmap\txn\revert.go|102|return without blank line|return err
.\gitmap\txn\revert.go|105|return without blank line|return fmt.Errorf("transaction revert mkdir: %w", err)
.\gitmap\txn\revert.go|114|return without blank line|return nil
.\gitmap\txn\revert.go|118|return without blank line|return fmt.Errorf(constants.ErrTxnBackupMissing, f.TransactionID, f.BackupPath)
.\gitmap\txn\revert.go|121|return without blank line|return fmt.Errorf(constants.ErrTxnBackupShaDrift, f.TransactionID, f.BackupPath)
.\gitmap\txn\revert.go|131|return without blank line|return "", err
.\gitmap\txn\revert.go|136|return without blank line|return "", err
.\gitmap\txn\revert.go|146|return without blank line|return fmt.Errorf("transaction revert open: %w", err)
.\gitmap\txn\revert.go|151|return without blank line|return fmt.Errorf("transaction revert create: %w", err)
.\gitmap\txn\revert.go|155|return without blank line|return fmt.Errorf("transaction revert copy: %w", err)
.\gitmap\txn\revert.go|26|monolithic function|length 17
.\gitmap\txn\revert.go|143|monolithic function|length 16
.\gitmap\txn\snapshot.go|19|return without blank line|return j.snapshotFile(absPath, constants.TxnActionEdit)
.\gitmap\txn\snapshot.go|25|return without blank line|return j.snapshotFile(absPath, constants.TxnActionDelete)
.\gitmap\txn\snapshot.go|32|return without blank line|return nil
.\gitmap\txn\snapshot.go|48|return without blank line|return nil
.\gitmap\txn\snapshot.go|52|return without blank line|return fmt.Errorf("transaction snapshot stat %q: %w", absPath, err)
.\gitmap\txn\snapshot.go|57|return without blank line|return err
.\gitmap\txn\snapshot.go|65|return without blank line|return j.db.InsertTransactionFile(model.TransactionFileRecord{
.\gitmap\txn\snapshot.go|89|return without blank line|return filepath.Base(abs)
.\gitmap\txn\snapshot.go|93|return without blank line|return filepath.Base(abs)
.\gitmap\txn\snapshot.go|102|return without blank line|return "_unscoped"
.\gitmap\txn\snapshot.go|111|return without blank line|return "", fmt.Errorf("transaction backup mkdir: %w", err)
.\gitmap\txn\snapshot.go|115|return without blank line|return "", fmt.Errorf("transaction backup open src: %w", err)
.\gitmap\txn\snapshot.go|126|return without blank line|return "", fmt.Errorf("transaction backup create: %w", err)
.\gitmap\txn\snapshot.go|131|return without blank line|return "", fmt.Errorf("transaction backup copy: %w", err)
.\gitmap\uipref\uipref.go|39|return without blank line|return true
.\gitmap\uipref\uipref.go|49|return without blank line|return false
.\gitmap\verbose\verbose.go|34|return without blank line|return nil, err
.\gitmap\verbose\verbose.go|72|return without blank line|return global != nil && global.enabled
.\gitmap\verbose\verbose.go|77|return without blank line|return global
.\gitmap\verbose\verbose.go|25|monolithic function|length 17
.\gitmap\visibility\backoff.go|29|return without blank line|return []time.Duration{
.\gitmap\visibility\backoff.go|45|return without blank line|return attempt + 1, nil
.\gitmap\visibility\backoff.go|49|return without blank line|return attempt + 1, err
.\gitmap\visibility\backoff.go|40|monolithic function|length 17
.\gitmap\visibility\backoff_test.go|25|return without blank line|return ErrRateLimited
.\gitmap\visibility\exclude.go|42|return without blank line|return []int{}, false, nil
.\gitmap\visibility\exclude.go|45|return without blank line|return nil, true, nil
.\gitmap\visibility\exclude.go|51|return without blank line|return nil, false, err
.\gitmap\visibility\exclude.go|63|return without blank line|return fmt.Errorf("Error: empty exclusion token at position %d (operation: parse-exclusion, reason: blank between commas)", tokIdx)
.\gitmap\visibility\exclude.go|67|return without blank line|return absorbExclusionRange(tok, tokIdx, totalCount, out)
.\gitmap\visibility\exclude.go|72|return without blank line|return fmt.Errorf("Error: non-numeric exclusion token %q at position %d (operation: parse-exclusion, reason: %s)", tok, tokIdx, err.Error())
.\gitmap\visibility\exclude.go|75|return without blank line|return err
.\gitmap\visibility\exclude.go|88|return without blank line|return fmt.Errorf("Error: malformed range %q at position %d (operation: parse-exclusion, reason: range bounds must be integers)", tok, tokIdx)
.\gitmap\visibility\exclude.go|91|return without blank line|return fmt.Errorf("Error: descending range %q at position %d (operation: parse-exclusion, reason: hi < lo)", tok, tokIdx)
.\gitmap\visibility\exclude.go|94|return without blank line|return err
.\gitmap\visibility\exclude.go|97|return without blank line|return err
.\gitmap\visibility\exclude.go|110|return without blank line|return nil
.\gitmap\visibility\exclude.go|39|monolithic function|length 17
.\gitmap\visibility\exclude.go|61|monolithic function|length 19
.\gitmap\visibility\exclude.go|83|monolithic function|length 21
.\gitmap\visibility\fuzzy.go|121|return without blank line|return 0
.\gitmap\visibility\fuzzy.go|124|return without blank line|return len(b)
.\gitmap\visibility\fuzzy.go|127|return without blank line|return len(a)
.\gitmap\visibility\fuzzy.go|157|return without blank line|return min
.\gitmap\visibility\fuzzy.go|21|monolithic function|length 32
.\gitmap\visibility\fuzzy.go|76|monolithic function|length 38
.\gitmap\visibility\fuzzy.go|119|monolithic function|length 28
.\gitmap\visibility\match.go|43|return without blank line|return p.Raw
.\gitmap\visibility\match.go|20|monolithic function|length 16
.\gitmap\visibility\pattern.go|39|return without blank line|return Pattern{}, fmt.Errorf("Error: empty pattern (operation: parse-pattern, reason: blank token)")
.\gitmap\visibility\pattern.go|42|return without blank line|return Pattern{}, fmt.Errorf("Error: bare '*' pattern is refused at %q (operation: parse-pattern, reason: would match every repo under the owner)", raw)
.\gitmap\visibility\pattern.go|47|return without blank line|return Pattern{}, fmt.Errorf("Error: pattern %q has no literal segments (operation: parse-pattern, reason: only wildcards)", raw)
.\gitmap\visibility\pattern.go|75|return without blank line|return false
.\gitmap\visibility\pattern.go|78|return without blank line|return false
.\gitmap\visibility\pattern.go|85|return without blank line|return false
.\gitmap\visibility\pattern.go|88|return without blank line|return false
.\gitmap\visibility\pattern.go|94|return without blank line|return false
.\gitmap\visibility\pattern.go|106|return without blank line|return nil, fmt.Errorf("Error: empty pattern list (operation: parse-pattern-list, reason: arg is blank)")
.\gitmap\visibility\pattern.go|115|return without blank line|return nil, fmt.Errorf("Error: empty pattern at token %d (operation: parse-pattern-list, reason: blank between commas)", i+1)
.\gitmap\visibility\pattern.go|124|return without blank line|return nil, fmt.Errorf("Error: token %d %q: %w", i+1, trimmed, err)
.\gitmap\visibility\pattern.go|73|monolithic function|length 25
.\gitmap\visibility\pattern.go|104|monolithic function|length 26
.\gitmap\visibility\version.go|24|return without blank line|return "", 0, false
.\gitmap\visibility\version.go|28|return without blank line|return "", 0, false
.\gitmap\visibility\version.go|39|return without blank line|return "", "", false
.\gitmap\visibility\version.go|62|return without blank line|return "", 0, false
.\gitmap\visibility\version.go|48|monolithic function|length 18
.\gitmap\vscodepm\autotags.go|23|return without blank line|return nil
.\gitmap\vscodepm\autotags.go|28|return without blank line|return nil
.\gitmap\vscodepm\autotags.go|54|return without blank line|return nil
.\gitmap\vscodepm\autotags.go|21|monolithic function|length 18
.\gitmap\vscodepm\autotags.go|71|monolithic function|length 21
.\gitmap\vscodepm\autotags_custom.go|45|return without blank line|return tags
.\gitmap\vscodepm\autotags_custom.go|57|return without blank line|return nil
.\gitmap\vscodepm\autotags_custom.go|61|return without blank line|return nil
.\gitmap\vscodepm\autotags_custom.go|117|return without blank line|return tags
.\gitmap\vscodepm\autotags_custom.go|137|return without blank line|return base
.\gitmap\vscodepm\autotags_custom.go|163|return without blank line|return nil
.\gitmap\vscodepm\autotags_custom.go|183|return without blank line|return nil
.\gitmap\vscodepm\autotags_custom.go|55|monolithic function|length 30
.\gitmap\vscodepm\autotags_custom.go|90|monolithic function|length 22
.\gitmap\vscodepm\autotags_custom.go|115|monolithic function|length 17
.\gitmap\vscodepm\autotags_custom.go|135|monolithic function|length 21
.\gitmap\vscodepm\autotags_custom.go|180|monolithic function|length 16
.\gitmap\vscodepm\autotags_custom_test.go|153|return without blank line|return true
.\gitmap\vscodepm\autotags_custom_test.go|112|monolithic function|length 21
.\gitmap\vscodepm\autotags_test.go|14|monolithic function|length 19
.\gitmap\vscodepm\entry.go|28|monolithic function|length 16
.\gitmap\vscodepm\entry.go|63|monolithic function|length 23
.\gitmap\vscodepm\io.go|23|return without blank line|return err
.\gitmap\vscodepm\io.go|39|return without blank line|return fmt.Errorf(constants.ErrVSCodePMWriteTempFailed, path, err)
.\gitmap\vscodepm\io.go|44|return without blank line|return fmt.Errorf(constants.ErrVSCodePMWriteTempFailed, path, err)
.\gitmap\vscodepm\io.go|64|return without blank line|return err
.\gitmap\vscodepm\io.go|77|return without blank line|return strings.ToLower(cleaned)
.\gitmap\vscodepm\io.go|84|return without blank line|return len(p) >= 2 && p[1] == ':' && ((p[0] >= 'a' && p[0] <= 'z') || (p[0] >= 'A' && p[0] <= 'Z'))
.\gitmap\vscodepm\io.go|89|return without blank line|return normalizePath(a) == normalizePath(b)
.\gitmap\vscodepm\io.go|37|monolithic function|length 18
.\gitmap\vscodepm\merge.go|66|return without blank line|return false
.\gitmap\vscodepm\merge.go|74|return without blank line|return false
.\gitmap\vscodepm\merge.go|8|monolithic function|length 27
.\gitmap\vscodepm\merge.go|39|monolithic function|length 19
.\gitmap\vscodepm\mergemode.go|54|return without blank line|return constants.VSCodePMSyncModeReplace
.\gitmap\vscodepm\mergemode.go|56|return without blank line|return constants.VSCodePMSyncModeIntersection
.\gitmap\vscodepm\mergemode.go|58|return without blank line|return constants.VSCodePMSyncModeUnion
.\gitmap\vscodepm\mergemode.go|69|return without blank line|return MergeModeUnion, nil
.\gitmap\vscodepm\mergemode.go|71|return without blank line|return MergeModeReplace, nil
.\gitmap\vscodepm\mergemode.go|73|return without blank line|return MergeModeIntersection, nil
.\gitmap\vscodepm\mergemode.go|75|return without blank line|return MergeModeUnion, fmt.Errorf(
.\gitmap\vscodepm\mergemode.go|88|return without blank line|return replaceTags(incoming)
.\gitmap\vscodepm\mergemode.go|90|return without blank line|return intersectTagsWithBrand(existing, incoming)
.\gitmap\vscodepm\mergemode.go|92|return without blank line|return unionTags(existing, incoming)
.\gitmap\vscodepm\mergemode.go|116|monolithic function|length 24
.\gitmap\vscodepm\mergemode_test.go|126|return without blank line|return false
.\gitmap\vscodepm\mergemode_test.go|134|return without blank line|return false
.\gitmap\vscodepm\mergemode_test.go|20|monolithic function|length 19
.\gitmap\vscodepm\mergemode_test.go|96|monolithic function|length 24
.\gitmap\vscodepm\overwrite.go|19|return without blank line|return err
.\gitmap\vscodepm\overwrite.go|24|return without blank line|return err
.\gitmap\vscodepm\overwrite.go|47|return without blank line|return fmt.Errorf("%s: %w", constants.VSCodePMProjectsFile, err)
.\gitmap\vscodepm\overwrite.go|16|monolithic function|length 35
.\gitmap\vscodepm\path.go|35|return without blank line|return "", ErrUserDataMissing
.\gitmap\vscodepm\path.go|39|return without blank line|return candidate, ErrUserDataMissing
.\gitmap\vscodepm\path.go|52|return without blank line|return root, err
.\gitmap\vscodepm\path.go|61|return without blank line|return filepath.Join(extDir, constants.VSCodePMProjectsFile), ErrExtensionMissing
.\gitmap\vscodepm\path.go|72|return without blank line|return windowsUserDataCandidate()
.\gitmap\vscodepm\path.go|74|return without blank line|return darwinUserDataCandidate()
.\gitmap\vscodepm\path.go|76|return without blank line|return linuxUserDataCandidate()
.\gitmap\vscodepm\path.go|84|return without blank line|return filepath.Join(appData, constants.VSCodeUserDataRootDirName)
.\gitmap\vscodepm\path.go|88|return without blank line|return filepath.Join(userProfile,
.\gitmap\vscodepm\path.go|99|return without blank line|return ""
.\gitmap\vscodepm\path.go|109|return without blank line|return filepath.Join(xdg, constants.VSCodeUserDataRootDirName)
.\gitmap\vscodepm\path.go|113|return without blank line|return filepath.Join(home, filepath.FromSlash(constants.VSCodeUserDataLinuxFallback))
.\gitmap\vscodepm\path.go|123|return without blank line|return false
.\gitmap\vscodepm\path.go|49|monolithic function|length 16
.\gitmap\vscodepm\path_test.go|127|monolithic function|length 22
.\gitmap\vscodepm\remove.go|7|return without blank line|return err
.\gitmap\vscodepm\remove.go|9|return without blank line|return RemoveEntryAt(path, targetPath)
.\gitmap\vscodepm\remove.go|16|return without blank line|return err
.\gitmap\vscodepm\remove.go|25|return without blank line|return nil
.\gitmap\vscodepm\remove.go|27|return without blank line|return writeEntriesAtomic(projectsFile, remaining)
.\gitmap\vscodepm\sync.go|36|return without blank line|return SyncMode(pairs, MergeModeUnion)
.\gitmap\vscodepm\sync.go|45|return without blank line|return SyncSummary{}, err
.\gitmap\vscodepm\sync.go|57|return without blank line|return false, err
.\gitmap\vscodepm\sync.go|62|return without blank line|return false, err
.\gitmap\vscodepm\sync.go|75|return without blank line|return false, nil
.\gitmap\vscodepm\sync.go|89|return without blank line|return nil, err
.\gitmap\vscodepm\sync.go|99|return without blank line|return []Entry{}, nil
.\gitmap\vscodepm\sync.go|102|return without blank line|return nil, fmt.Errorf(constants.ErrVSCodePMReadFailed, path, err)
.\gitmap\vscodepm\sync.go|106|return without blank line|return []Entry{}, nil
.\gitmap\vscodepm\sync.go|111|return without blank line|return nil, fmt.Errorf(constants.ErrVSCodePMParseFailed, path, err)
.\gitmap\vscodepm\sync.go|54|monolithic function|length 25
.\gitmap\vscodepm\sync.go|96|monolithic function|length 23
.\gitmap\vscodepm\syncat.go|21|return without blank line|return SyncAtMode(path, pairs, MergeModeUnion)
.\gitmap\vscodepm\syncat.go|30|return without blank line|return SyncSummary{}, err
.\gitmap\vscodepm\syncat.go|36|return without blank line|return summary, err
.\gitmap\vscodepm\syncat.go|49|return without blank line|return readEntries(path)
.\gitmap\vscodepm\update_path.go|11|return without blank line|return err
.\gitmap\vscodepm\update_path.go|13|return without blank line|return UpdateRootPathAt(path, oldPath, newPath, newName)
.\gitmap\vscodepm\update_path.go|20|return without blank line|return err
.\gitmap\vscodepm\update_path.go|34|return without blank line|return fmt.Errorf("project not found with rootPath %s", oldPath)
.\gitmap\vscodepm\update_path.go|36|return without blank line|return writeEntriesAtomic(projectsFile, entries)
.\gitmap\vscodepm\update_path.go|17|monolithic function|length 20
.\gitmap\vscodepm\update_remove_test.go|9|monolithic function|length 37
.\gitmap\vscodepm\update_remove_test.go|48|monolithic function|length 18
.\gitmap\vscodeworkspace\build.go|47|return without blank line|return deduped[i].Name < deduped[j].Name
.\gitmap\vscodeworkspace\build.go|64|return without blank line|return nil, fmt.Errorf("vscode-workspace: encode: %w", err)
.\gitmap\vscodeworkspace\build.go|75|monolithic function|length 16
.\gitmap\vscodeworkspace\build_test.go|14|monolithic function|length 21
.\gitmap\vscodeworkspace\build_test.go|39|monolithic function|length 25
.\gitmap\vscodeworkspace\build_test.go|69|monolithic function|length 17
.\gitmap\vscodeworkspace\write.go|18|return without blank line|return err
.\gitmap\vscodeworkspace\write.go|23|return without blank line|return fmt.Errorf(constants.ErrVSCodeWorkspaceWriteTemp, tmpPath, err)
.\gitmap\vscodeworkspace\write.go|26|return without blank line|return fmt.Errorf(constants.ErrVSCodeWorkspaceWriteTemp, tmpPath, err)
.\gitmap\vscodeworkspace\write.go|15|monolithic function|length 20
.\gitmap-updater\main.go|11|monolithic function|length 24
.\gitmap-updater\cmd\check.go|9|monolithic function|length 27
.\gitmap-updater\cmd\github.go|21|return without blank line|return "", fmt.Errorf("failed to create request: %w", err)
.\gitmap-updater\cmd\github.go|29|return without blank line|return "", fmt.Errorf("network error: %w", err)
.\gitmap-updater\cmd\github.go|51|return without blank line|return "", fmt.Errorf("failed to parse release JSON: %w", err)
.\gitmap-updater\cmd\github.go|62|return without blank line|return "", err
.\gitmap-updater\cmd\github.go|70|return without blank line|return strings.TrimPrefix(strings.TrimSpace(v), "v")
.\gitmap-updater\cmd\github.go|18|monolithic function|length 37
.\gitmap-updater\cmd\run.go|55|return without blank line|return copyPath
.\gitmap-updater\cmd\run.go|89|return without blank line|return err
.\gitmap-updater\cmd\run.go|95|return without blank line|return err
.\gitmap-updater\cmd\run.go|13|monolithic function|length 35
.\gitmap-updater\cmd\run.go|86|monolithic function|length 16
.\gitmap-updater\cmd\worker.go|48|return without blank line|return "", err
.\gitmap-updater\cmd\worker.go|53|return without blank line|return "", fmt.Errorf("HTTP %d from %s", resp.StatusCode, url)
.\gitmap-updater\cmd\worker.go|58|return without blank line|return "", err
.\gitmap-updater\cmd\worker.go|15|monolithic function|length 24
.\gitmap-updater\cmd\worker.go|42|monolithic function|length 32
.\gitmap-updater\cmd\worker.go|100|monolithic function|length 17
.\scripts\changelog\internal\drift\drift.go|22|return without blank line|return 0, err
.\scripts\changelog\internal\drift\drift.go|27|return without blank line|return 0, err
.\scripts\changelog\internal\drift\drift.go|45|return without blank line|return false, err
.\scripts\changelog\internal\drift\drift.go|52|return without blank line|return len(needle) > 0 && len(haystack) >= len(needle) && stringContains(haystack, needle)
.\scripts\changelog\internal\drift\drift.go|59|return without blank line|return true
.\scripts\changelog\internal\drift\drift.go|19|monolithic function|length 21
.\scripts\changelog\internal\e2e\fixture_test.go|51|monolithic function|length 18
.\scripts\changelog\internal\e2e\generate_test.go|17|monolithic function|length 20
.\scripts\changelog\internal\e2e\partial_test.go|16|monolithic function|length 23
.\scripts\changelog\internal\e2e\seed_test.go|12|return without blank line|return fmt.Sprintf("%d +0000", unix)
.\scripts\changelog\internal\e2e\seed_test.go|18|monolithic function|length 16
.\scripts\changelog\internal\gitlog\gitlog.go|37|return without blank line|return nil, "", err
.\scripts\changelog\internal\gitlog\gitlog.go|42|return without blank line|return nil, "", err
.\scripts\changelog\internal\gitlog\gitlog.go|56|return without blank line|return nil, err
.\scripts\changelog\internal\gitlog\gitlog.go|73|return without blank line|return until
.\scripts\changelog\internal\gitlog\gitlog.go|89|return without blank line|return "", nil
.\scripts\changelog\internal\gitlog\gitlog.go|98|return without blank line|return trimmed, nil
.\scripts\changelog\internal\gitlog\gitlog.go|115|return without blank line|return nil, fmt.Errorf("git log failed: %w", err)
.\scripts\changelog\internal\gitlog\gitlog.go|124|return without blank line|return nil
.\scripts\changelog\internal\gitlog\gitlog.go|143|return without blank line|return Commit{}, false
.\scripts\changelog\internal\gitlog\gitlog.go|156|return without blank line|return 0
.\scripts\changelog\internal\gitlog\gitlog.go|167|return without blank line|return commits[i].AuthorUnix < commits[j].AuthorUnix
.\scripts\changelog\internal\gitlog\gitlog.go|82|monolithic function|length 21
.\scripts\changelog\internal\gitlog\gitlog.go|121|monolithic function|length 17
.\scripts\changelog\internal\gitlog\sort_test.go|8|monolithic function|length 16
.\scripts\changelog\internal\group\group.go|74|return without blank line|return "", "", false
.\scripts\changelog\internal\group\group.go|85|return without blank line|return "", "", false
.\scripts\changelog\internal\group\group.go|52|monolithic function|length 17
.\scripts\changelog\internal\group\group.go|71|monolithic function|length 20
.\scripts\changelog\internal\group\group.go|100|monolithic function|length 16
.\scripts\changelog\internal\group\group_test.go|9|monolithic function|length 30
.\scripts\changelog\internal\group\order_test.go|12|monolithic function|length 28
.\scripts\changelog\internal\group\order_test.go|45|monolithic function|length 35
.\scripts\changelog\internal\render\render.go|40|monolithic function|length 18
.\scripts\changelog\internal\render\render_test.go|11|return without blank line|return Entry{
.\scripts\changelog\internal\render\render_test.go|38|monolithic function|length 18
.\scripts\changelog\internal\runner\args.go|57|return without blank line|return Args{}, err
.\scripts\changelog\internal\runner\args.go|62|return without blank line|return Args{}, fmt.Errorf("invalid -mode %q (want write or check)", *mode)
.\scripts\changelog\internal\runner\args.go|47|monolithic function|length 19
.\scripts\changelog\internal\runner\args_test.go|10|monolithic function|length 19
.\scripts\changelog\internal\runner\args_test.go|42|monolithic function|length 18
.\scripts\changelog\internal\runner\execute.go|20|return without blank line|return 0, fmt.Errorf("collecting commits: %w", err)
.\scripts\changelog\internal\runner\execute.go|32|return without blank line|return 0, nil
.\scripts\changelog\internal\runner\execute.go|79|return without blank line|return 0, err
.\scripts\changelog\internal\runner\execute.go|84|return without blank line|return drift.Check(mdPath, tsPath, entry)
.\scripts\changelog\internal\runner\execute.go|86|return without blank line|return 0, fmt.Errorf("unhandled mode %q", mode)
.\scripts\changelog\internal\runner\execute.go|96|return without blank line|return a.Version
.\scripts\changelog\internal\runner\execute.go|100|return without blank line|return a.ReleaseTag
.\scripts\changelog\internal\runner\execute.go|104|return without blank line|return lowerBound + "+next"
.\scripts\changelog\internal\runner\execute.go|112|return without blank line|return "HEAD"
.\scripts\changelog\internal\runner\execute.go|17|monolithic function|length 25
.\scripts\changelog\internal\runner\execute.go|71|monolithic function|length 17
.\scripts\changelog\internal\runner\execute_test.go|18|monolithic function|length 39
.\scripts\changelog\internal\writer\writer.go|24|return without blank line|return fmt.Errorf("changelog.md: %w", err)
.\scripts\changelog\internal\writer\writer.go|29|return without blank line|return fmt.Errorf("src/data/changelog.ts: %w", err)
.\scripts\changelog\internal\writer\writer.go|38|return without blank line|return err
.\scripts\changelog\internal\writer\writer.go|50|return without blank line|return err
.\scripts\changelog\internal\writer\writer.go|55|return without blank line|return fmt.Errorf("marker %q not found", marker)
.\scripts\changelog\internal\writer\writer_test.go|13|monolithic function|length 43
.\vite.config.ts|13|return without blank line|return {
.\vite.config.ts|12|monolithic function|length 16
.\vite.config.ts|31|monolithic function|length 18
.\remotion-demo\src\MainVideo.tsx|29|return without blank line|return (
.\remotion-demo\src\MainVideo.tsx|66|return without blank line|return nodes;
.\remotion-demo\src\MainVideo.tsx|28|monolithic function|length 39
.\remotion-demo\src\Terminal.tsx|44|return without blank line|return { starts, ends, total: cursor };
.\remotion-demo\src\Terminal.tsx|62|return without blank line|return out;
.\remotion-demo\src\Terminal.tsx|165|return without blank line|return <div key={idx} style={{ height: 14 }} />;
.\remotion-demo\src\Terminal.tsx|172|return without blank line|return (
.\remotion-demo\src\Terminal.tsx|196|return without blank line|return (
.\remotion-demo\src\Terminal.tsx|226|return without blank line|return baseToZoom + zoomToBase;
.\remotion-demo\src\Terminal.tsx|28|monolithic function|length 17
.\remotion-demo\src\Terminal.tsx|47|monolithic function|length 16
.\remotion-demo\src\Terminal.tsx|159|monolithic function|length 42
.\remotion-demo\src\scenes\CommandScene.tsx|14|monolithic function|length 43
.\remotion-demo\src\scenes\IntroDocs.tsx|5|monolithic function|length 69
.\remotion-demo\src\scenes\IntroTUI.tsx|14|monolithic function|length 30
.\src\components\NavLink.tsx|13|return without blank line|return (
.\src\components\docs\CategorySummaryBanner.tsx|14|return without blank line|return (
.\src\components\docs\CategorySummaryBanner.tsx|31|return without blank line|return (
.\src\components\docs\CloneNextCommandBuilder.tsx|65|return without blank line|return s.hasVersion ? `${s.baseName}-v${s.currentVersion}` : s.baseName;
.\src\components\docs\CloneNextCommandBuilder.tsx|75|return without blank line|return `${s.baseName}-v${resolveTargetVersion(s)}`;
.\src\components\docs\CloneNextCommandBuilder.tsx|82|return without blank line|return `https://github.com/${s.owner}/${repo}.git`;
.\src\components\docs\CloneNextCommandBuilder.tsx|84|return without blank line|return `git@github.com:${s.owner}/${repo}.git`;
.\src\components\docs\CloneNextCommandBuilder.tsx|86|return without blank line|return `git@github.com-work:${s.owner}/${repo}.git`;
.\src\components\docs\CloneNextCommandBuilder.tsx|98|return without blank line|return s.flatten ? s.baseName : buildTargetRepoName(s);
.\src\components\docs\CloneNextCommandBuilder.tsx|109|return without blank line|return parts.join(" ");
.\src\components\docs\CloneNextCommandBuilder.tsx|119|return without blank line|return [
.\src\components\docs\CloneNextCommandBuilder.tsx|125|return without blank line|return base;
.\src\components\docs\CloneNextCommandBuilder.tsx|146|return without blank line|return lines.join("\n");
.\src\components\docs\CloneNextCommandBuilder.tsx|128|monolithic function|length 19
.\src\components\docs\ClusterCommandDelegation.tsx|2|return without blank line|return (
.\src\components\docs\ClusterCommandDelegation.tsx|1|monolithic function|length 21
.\src\components\docs\CodeBlock.tsx|110|return without blank line|return full + suffix;
.\src\components\docs\CodeBlock.tsx|119|return without blank line|return result;
.\src\components\docs\CodeBlock.tsx|126|return without blank line|return hljs.highlight(code, { language: lang }).value;
.\src\components\docs\CodeBlock.tsx|130|return without blank line|return res.data;
.\src\components\docs\CodeBlock.tsx|136|return without blank line|return next;
.\src\components\docs\CodeBlock.tsx|144|return without blank line|return next;
.\src\components\docs\CodeBlock.tsx|147|return without blank line|return next;
.\src\components\docs\CodeBlock.tsx|153|return without blank line|return Array.from(pinnedLines)
.\src\components\docs\CodeBlock.tsx|174|return without blank line|return Math.max(prev - 1, 0);
.\src\components\docs\CodeBlock.tsx|186|return without blank line|return addPinRange(prev, Math.min(lastPinned!, lineIndex), Math.max(lastPinned!, lineIndex));
.\src\components\docs\CodeBlock.tsx|188|return without blank line|return togglePinItem(prev, lineIndex);
.\src\components\docs\CodeBlock.tsx|220|return without blank line|return splitHighlightedHtml(html!);
.\src\components\docs\CodeBlock.tsx|159|monolithic function|length 16
.\src\components\docs\CommandBubbles.tsx|52|monolithic function|length 25
.\src\components\docs\CommandCard.tsx|18|monolithic function|length 51
.\src\components\docs\CommandCard.tsx|75|monolithic function|length 18
.\src\components\docs\CommandPalette.tsx|47|return without blank line|return {
.\src\components\docs\CommandPalette.tsx|87|return without blank line|return (
.\src\components\docs\CommandPalette.tsx|101|return without blank line|return (
.\src\components\docs\commandsMarkdown.ts|18|return without blank line|return `${desc}\`\`\`bash\n${item.command}\n\`\`\``;
.\src\components\docs\CommitTransferPage.tsx|124|monolithic function|length 102
.\src\components\docs\CopyPaletteButton.tsx|46|return without blank line|return value ? `  ${name}: ${value};` : null;
.\src\components\docs\CopyPaletteButton.tsx|49|return without blank line|return `/* ${themeName} */\n${selector} {\n${lines.join("\n")}\n}\n`;
.\src\components\docs\CopyPaletteButton.tsx|62|return without blank line|return true;
.\src\components\docs\DocsLayout.tsx|14|monolithic function|length 82
.\src\components\docs\DocsTooltip.tsx|43|return without blank line|return undefined;
.\src\components\docs\DocsTooltip.tsx|71|return without blank line|return cloneElement(child as ReactElement, { "aria-label": accessibleName });
.\src\components\docs\DocsTooltip.tsx|85|return without blank line|return (
.\src\components\docs\DocsTooltip.tsx|100|return without blank line|return (
.\src\components\docs\DocsTooltip.tsx|96|monolithic function|length 16
.\src\components\docs\FeatureCard.tsx|10|return without blank line|return (
.\src\components\docs\InstallBlock.tsx|44|return without blank line|return (
.\src\components\docs\InstallBlock.tsx|81|return without blank line|return <CopyLine command={command} />;
.\src\components\docs\InstallBlock.tsx|40|monolithic function|length 38
.\src\components\docs\InstallHelpSection.tsx|29|return without blank line|return (
.\src\components\docs\InstallHelpSection.tsx|39|return without blank line|return (
.\src\components\docs\InstallHelpSection.tsx|54|return without blank line|return (
.\src\components\docs\SearchBar.tsx|12|return without blank line|return (
.\src\components\docs\SpecPage.tsx|21|return without blank line|return (
.\src\components\docs\SpecPage.tsx|60|return without blank line|return (
.\src\components\docs\SpecPage.tsx|82|return without blank line|return (
.\src\components\docs\SpecPage.tsx|20|monolithic function|length 70
.\src\components\docs\TabOrderMap.tsx|59|return without blank line|return false;
.\src\components\docs\TabOrderMap.tsx|66|return without blank line|return isTopFound && (top === el || el.contains(top));
.\src\components\docs\TabOrderMap.tsx|84|return without blank line|return isCovered;
.\src\components\docs\TabOrderMap.tsx|98|return without blank line|return true;
.\src\components\docs\TabOrderMap.tsx|105|return without blank line|return ids
.\src\components\docs\TabOrderMap.tsx|127|return without blank line|return null;
.\src\components\docs\TabOrderMap.tsx|145|return without blank line|return el instanceof HTMLInputElement ? `${el.type} input` : el.tagName.toLowerCase();
.\src\components\docs\TabOrderMap.tsx|169|return without blank line|return role.charAt(0).toUpperCase() + role.slice(1);
.\src\components\docs\TabOrderMap.tsx|171|return without blank line|return null;
.\src\components\docs\TabOrderMap.tsx|184|return without blank line|return label ? label.trim() : null;
.\src\components\docs\TabOrderMap.tsx|193|return without blank line|return "Page";
.\src\components\docs\TabOrderMap.tsx|210|return without blank line|return a.i - b.i;
.\src\components\docs\TabOrderMap.tsx|231|return without blank line|return indexed.map((x) => x.el);
.\src\components\docs\TabOrderMap.tsx|244|return without blank line|return {
.\src\components\docs\TabOrderMap.tsx|262|return without blank line|return groups;
.\src\components\docs\TabOrderMap.tsx|301|return without blank line|return () => {
.\src\components\docs\TabOrderMap.tsx|335|return without blank line|return () => {
.\src\components\docs\TabOrderMap.tsx|423|return without blank line|return (
.\src\components\docs\TabOrderMap.tsx|412|monolithic function|length 58
.\src\components\docs\TerminalDemo.tsx|24|return without blank line|return "text-[hsl(var(--foreground))]/70";
.\src\components\docs\TerminalDemo.tsx|30|return without blank line|return line?.delay ?? defaultDelay;
.\src\components\docs\TerminalDemo.tsx|53|return without blank line|return () => {
.\src\components\docs\troubleshooting\DiagnosticChecklist.tsx|103|return without blank line|return (
.\src\components\docs\troubleshooting\DiagnosticChecklist.tsx|79|monolithic function|length 21
.\src\components\docs\troubleshooting\TroubleshootingFilterButtons.tsx|24|monolithic function|length 17
.\src\components\docs\troubleshooting\TroubleshootingHelpSection.tsx|2|return without blank line|return (
.\src\components\docs\troubleshooting\TroubleshootingHelpSection.tsx|1|monolithic function|length 17
.\src\components\docs\troubleshooting\TroubleshootingIssueCard.tsx|48|return without blank line|return (
.\src\components\docs\troubleshooting\TroubleshootingIssueCard.tsx|64|return without blank line|return (
.\src\components\docs\troubleshooting\TroubleshootingIssueCard.tsx|63|monolithic function|length 18
.\src\components\projects\ProjectDetailDialog.tsx|46|monolithic function|length 56
.\src\components\projects\RepoGroup.tsx|15|monolithic function|length 37
.\src\components\ui\badge.tsx|30|return without blank line|return <div className={cn(badgeVariants({ variant }), className)} {...props} />;
.\src\components\ui\button.tsx|47|return without blank line|return <Comp className={cn(buttonVariants({ variant, size, className }))} ref={ref} {...props} />;
.\src\components\ui\calendar.tsx|11|return without blank line|return (
.\src\components\ui\calendar.tsx|10|monolithic function|length 41
.\src\components\ui\carousel.tsx|48|monolithic function|length 19
.\src\components\ui\carousel.tsx|178|monolithic function|length 24
.\src\components\ui\carousel.tsx|207|monolithic function|length 24
.\src\components\ui\chart.tsx|72|return without blank line|return color ? `  --color-${key}: ${color};` : null;
.\src\components\ui\chart.tsx|83|return without blank line|return null;
.\src\components\ui\chart.tsx|135|return without blank line|return null;
.\src\components\ui\chart.tsx|147|return without blank line|return <div className={cn("font-medium", labelClassName)}>{labelFormatter(value, payload)}</div>;
.\src\components\ui\chart.tsx|152|return without blank line|return null;
.\src\components\ui\chart.tsx|161|return without blank line|return null;
.\src\components\ui\chart.tsx|257|return without blank line|return null;
.\src\components\ui\chart.tsx|298|return without blank line|return (payload as Record<string, unknown>)[key] as string;
.\src\components\ui\chart.tsx|305|return without blank line|return payloadPayload[key] as string;
.\src\components\ui\chart.tsx|307|return without blank line|return key;
.\src\components\ui\chart.tsx|313|return without blank line|return undefined;
.\src\components\ui\chart.tsx|316|return without blank line|return configLabelKey in config ? config[configLabelKey] : config[key as keyof typeof config];
.\src\components\ui\chart.tsx|39|monolithic function|length 20
.\src\components\ui\chart.tsx|129|monolithic function|length 27
.\src\components\ui\chart.tsx|178|monolithic function|length 57
.\src\components\ui\chart.tsx|252|monolithic function|length 37
.\src\components\ui\command.tsx|27|return without blank line|return (
.\src\components\ui\command.tsx|118|return without blank line|return <span className={cn("ml-auto text-xs tracking-widest text-muted-foreground", className)} {...props} />;
.\src\components\ui\context-menu.tsx|158|return without blank line|return <span className={cn("ml-auto text-xs tracking-widest text-muted-foreground", className)} {...props} />;
.\src\components\ui\dropdown-menu.tsx|159|return without blank line|return <span className={cn("ml-auto text-xs tracking-widest opacity-60", className)} {...props} />;
.\src\components\ui\form.tsx|26|return without blank line|return (
.\src\components\ui\form.tsx|120|return without blank line|return null;
.\src\components\ui\form.tsx|33|monolithic function|length 21
.\src\components\ui\input-otp.tsx|27|monolithic function|length 22
.\src\components\ui\input.tsx|7|return without blank line|return (
.\src\components\ui\menubar.tsx|186|return without blank line|return <span className={cn("ml-auto text-xs tracking-widest text-muted-foreground", className)} {...props} />;
.\src\components\ui\radio-group.tsx|11|return without blank line|return <RadioGroupPrimitive.Root className={cn("grid gap-2", className)} {...props} ref={ref} />;
.\src\components\ui\radio-group.tsx|19|return without blank line|return (
.\src\components\ui\sidebar.tsx|81|return without blank line|return isMobile ? setOpenMobile((open) => !open) : setOpen((open) => !open);
.\src\components\ui\sidebar.tsx|94|return without blank line|return () => window.removeEventListener("keydown", handleKeyDown);
.\src\components\ui\sidebar.tsx|165|return without blank line|return (
.\src\components\ui\sidebar.tsx|177|return without blank line|return (
.\src\components\ui\sidebar.tsx|296|return without blank line|return (
.\src\components\ui\sidebar.tsx|312|return without blank line|return (
.\src\components\ui\sidebar.tsx|328|return without blank line|return <div ref={ref} data-sidebar="header" className={cn("flex flex-col gap-2 p-2", className)} {...props} />;
.\src\components\ui\sidebar.tsx|333|return without blank line|return <div ref={ref} data-sidebar="footer" className={cn("flex flex-col gap-2 p-2", className)} {...props} />;
.\src\components\ui\sidebar.tsx|339|return without blank line|return (
.\src\components\ui\sidebar.tsx|352|return without blank line|return (
.\src\components\ui\sidebar.tsx|367|return without blank line|return (
.\src\components\ui\sidebar.tsx|483|return without blank line|return button;
.\src\components\ui\sidebar.tsx|560|return without blank line|return `${Math.floor(Math.random() * 40) + 50}%`;
.\src\components\ui\sidebar.tsx|56|monolithic function|length 19
.\src\components\ui\sidebar.tsx|161|monolithic function|length 78
.\src\components\ui\sidebar.tsx|268|monolithic function|length 23
.\src\components\ui\sidebar.tsx|399|monolithic function|length 17
.\src\components\ui\sidebar.tsx|466|monolithic function|length 32
.\src\components\ui\sidebar.tsx|507|monolithic function|length 22
.\src\components\ui\sidebar.tsx|618|monolithic function|length 20
.\src\components\ui\skeleton.tsx|4|return without blank line|return <div className={cn("animate-pulse rounded-md bg-muted", className)} {...props} />;
.\src\components\ui\sonner.tsx|6|monolithic function|length 19
.\src\components\ui\textarea.tsx|8|return without blank line|return (
.\src\components\ui\toast.tsx|44|return without blank line|return <ToastPrimitives.Root ref={ref} className={cn(toastVariants({ variant }), className)} {...props} />;
.\src\components\ui\toggle-group.tsx|27|monolithic function|length 18
.\src\hooks\use-mobile.tsx|15|return without blank line|return () => mql.removeEventListener("change", onChange);
.\src\hooks\use-toast.ts|26|return without blank line|return count.toString();
.\src\hooks\use-toast.ts|79|return without blank line|return t;
.\src\hooks\use-toast.ts|87|return without blank line|return { ...state, toasts: [] };
.\src\hooks\use-toast.ts|89|return without blank line|return {
.\src\hooks\use-toast.ts|97|return without blank line|return { ...state, toasts: [action.toast, ...state.toasts].slice(0, TOAST_LIMIT) };
.\src\hooks\use-toast.ts|100|return without blank line|return {
.\src\hooks\use-toast.ts|107|return without blank line|return state;
.\src\hooks\use-toast.ts|124|return without blank line|return {
.\src\hooks\use-toast.ts|150|return without blank line|return () => {
.\src\hooks\useTheme.ts|38|return without blank line|return stored === "light" || stored === "dark" ? ThemeSourceType.User : ThemeSourceType.System;
.\src\lib\changelogTags.ts|35|return without blank line|return [...tags];
.\src\lib\clipboard.ts|17|return without blank line|return true;
.\src\lib\clipboard.ts|20|return without blank line|return true;
.\src\lib\clipboard.ts|33|return without blank line|return false;
.\src\lib\clipboard.ts|70|return without blank line|return document.execCommand("copy");
.\src\lib\clipboard.ts|31|monolithic function|length 40
.\src\lib\queryWrapper.ts|22|return without blank line|return {
.\src\lib\queryWrapper.ts|31|return without blank line|return {
.\src\lib\queryWrapper.ts|49|return without blank line|return {
.\src\lib\queryWrapper.ts|58|return without blank line|return {
.\src\lib\theme.ts|19|return without blank line|return res.data as ThemeType;
.\src\lib\theme.ts|21|return without blank line|return ThemeType.Dark;
.\src\lib\theme.ts|36|return without blank line|return next;
.\src\lib\utils.ts|5|return without blank line|return twMerge(clsx(inputs));
.\src\pages\Architecture.tsx|5|return without blank line|return (
.\src\pages\Architecture.tsx|4|monolithic function|length 183
.\src\pages\BatchActions.tsx|53|return without blank line|return (
.\src\pages\BatchActions.tsx|52|monolithic function|length 114
.\src\pages\BatchActions.tsx|177|monolithic function|length 16
.\src\pages\Changelog.tsx|48|return without blank line|return next;
.\src\pages\Changelog.tsx|56|return without blank line|return next;
.\src\pages\Changelog.tsx|64|return without blank line|return changelog
.\src\pages\Changelog.tsx|119|return without blank line|return (
.\src\pages\Changelog.tsx|117|monolithic function|length 16
.\src\pages\Changelog.tsx|153|monolithic function|length 64
.\src\pages\ChangelogGenerate.tsx|6|return without blank line|return (
.\src\pages\ChangelogGenerate.tsx|5|monolithic function|length 170
.\src\pages\ChromeProfileSpec.tsx|50|return without blank line|return [...rows].sort((a, b) => {
.\src\pages\ChromeProfileSpec.tsx|53|return without blank line|return b.lastSeen.localeCompare(a.lastSeen);
.\src\pages\ClearReleaseJSON.tsx|40|return without blank line|return (
.\src\pages\ClearReleaseJSON.tsx|39|monolithic function|length 32
.\src\pages\CloneCommand.tsx|12|return without blank line|return (
.\src\pages\CloneCommand.tsx|11|monolithic function|length 43
.\src\pages\CloneNext.tsx|76|return without blank line|return (
.\src\pages\CloneNext.tsx|16|monolithic function|length 17
.\src\pages\CloneNext.tsx|75|monolithic function|length 293
.\src\pages\CloneNextCommand.tsx|24|return without blank line|return (
.\src\pages\CloneNextCommand.tsx|23|monolithic function|length 41
.\src\pages\CloneOverview.tsx|17|return without blank line|return (
.\src\pages\CloneOverview.tsx|16|monolithic function|length 43
.\src\pages\Commands.tsx|72|return without blank line|return useCallback((key: string) => {
.\src\pages\Commands.tsx|88|return without blank line|return useCallback((commandName: string) => {
.\src\pages\Commands.tsx|106|return without blank line|return (
.\src\pages\Commands.tsx|123|return without blank line|return (
.\src\pages\Commands.tsx|138|return without blank line|return (
.\src\pages\Commands.tsx|164|return without blank line|return (
.\src\pages\Commands.tsx|189|return without blank line|return (
.\src\pages\Commands.tsx|137|monolithic function|length 22
.\src\pages\Commands.tsx|161|monolithic function|length 16
.\src\pages\Commands.tsx|191|monolithic function|length 17
.\src\pages\Commands.tsx|213|monolithic function|length 17
.\src\pages\Config.tsx|5|return without blank line|return (
.\src\pages\Config.tsx|4|monolithic function|length 192
.\src\pages\DesignSystem.tsx|108|monolithic function|length 53
.\src\pages\FlagReference.tsx|83|return without blank line|return (
.\src\pages\FlagReference.tsx|107|return without blank line|return (
.\src\pages\FlagReference.tsx|124|return without blank line|return (
.\src\pages\FlagReference.tsx|82|monolithic function|length 22
.\src\pages\GenericCLI.tsx|15|return without blank line|return (
.\src\pages\GenericCLI.tsx|447|return without blank line|return local.Format(constants.DateDisplayLayout)
.\src\pages\GenericCLI.tsx|541|return without blank line|return nil, err
.\src\pages\GenericCLI.tsx|578|return without blank line|return                 // Non-fatal — continue without logging
.\src\pages\GenericCLI.tsx|688|return without blank line|return &Progress{
.\src\pages\GenericCLI.tsx|753|return without blank line|return fmt.Sprintf("%.1fs", d.Seconds())
.\src\pages\GenericCLI.tsx|757|return without blank line|return fmt.Sprintf("%dm %ds", mins, secs)
.\src\pages\GenericCLI.tsx|860|return without blank line|return loadRecordsByGroup(groupName)  // DB: group members
.\src\pages\GenericCLI.tsx|863|return without blank line|return loadAllRecordsDB()             // DB: all repos
.\src\pages\GenericCLI.tsx|913|return without blank line|return 1, 0, 0    // succeeded
.\src\pages\GenericCLI.tsx|916|return without blank line|return 0, 1, 0    // failed (command error)
.\src\pages\GenericCLI.tsx|921|return without blank line|return 0, 0, 1        // missing
.\src\pages\GenericCLI.tsx|1054|return without blank line|return err
.\src\pages\GenericCLI.tsx|1066|return without blank line|return nil  // already installed
.\src\pages\GenericCLI.tsx|1072|return without blank line|return nil
.\src\pages\GettingStarted.tsx|5|return without blank line|return (
.\src\pages\GettingStarted.tsx|4|monolithic function|length 100
.\src\pages\GoMod.tsx|29|return without blank line|return (
.\src\pages\GoMod.tsx|28|monolithic function|length 23
.\src\pages\HelpIndex.tsx|179|return without blank line|return (
.\src\pages\HelpIndex.tsx|143|monolithic function|length 75
.\src\pages\Index.tsx|38|return without blank line|return (
.\src\pages\Index.tsx|37|monolithic function|length 113
.\src\pages\Install.tsx|142|return without blank line|return (
.\src\pages\Install.tsx|141|monolithic function|length 318
.\src\pages\InstallGitmap.tsx|77|return without blank line|return (
.\src\pages\InstallGitmap.tsx|76|monolithic function|length 160
.\src\pages\InteractiveExamples.tsx|105|return without blank line|return (
.\src\pages\InteractiveTUI.tsx|62|return without blank line|return (
.\src\pages\InteractiveTUI.tsx|61|monolithic function|length 70
.\src\pages\Makefile.tsx|48|return without blank line|return (
.\src\pages\Makefile.tsx|47|monolithic function|length 29
.\src\pages\PostMortems.tsx|53|return without blank line|return (
.\src\pages\PostMortems.tsx|21|monolithic function|length 45
.\src\pages\PostMortems.tsx|71|monolithic function|length 34
.\src\pages\Profile.tsx|129|monolithic function|length 18
.\src\pages\ProjectDetection.tsx|124|monolithic function|length 26
.\src\pages\Projects.tsx|75|return without blank line|return true;
.\src\pages\Projects.tsx|81|return without blank line|return acc;
.\src\pages\Projects.tsx|86|return without blank line|return acc;
.\src\pages\Release.tsx|80|return without blank line|return (
.\src\pages\Release.tsx|79|monolithic function|length 24
.\src\pages\ReleaseSelf.tsx|52|return without blank line|return (
.\src\pages\ReleaseSelf.tsx|51|monolithic function|length 27
.\src\pages\ReleaseVersion.tsx|31|return without blank line|return (
.\src\pages\ReleaseVersion.tsx|17|monolithic function|length 130
.\src\pages\releaseVersionSnippets.ts|26|return without blank line|return {
.\src\pages\releaseVersionSnippets.ts|22|monolithic function|length 28
.\src\pages\ScanCloneFlags.tsx|145|return without blank line|return rows;
.\src\pages\ScanCloneFlags.tsx|128|monolithic function|length 18
.\src\pages\ScanCloneFlags.tsx|206|monolithic function|length 27
.\src\pages\ScanCommand.tsx|18|return without blank line|return (
.\src\pages\ScanCommand.tsx|17|monolithic function|length 37
.\src\pages\Setup.tsx|148|return without blank line|return (
.\src\pages\Setup.tsx|147|monolithic function|length 28
.\src\pages\SpecIndex.tsx|42|return without blank line|return () => window.removeEventListener("keydown", handler);
.\src\pages\SpecIndex.tsx|59|return without blank line|return sections
.\src\pages\Troubleshooting.tsx|128|return without blank line|return (
.\src\pages\Troubleshooting.tsx|125|monolithic function|length 17
.\src\pages\Troubleshooting.tsx|147|monolithic function|length 26
.\src\pages\VersionHistory.tsx|39|return without blank line|return (
.\src\pages\VersionHistory.tsx|16|monolithic function|length 17
.\src\pages\VersionHistory.tsx|38|monolithic function|length 223
.\src\pages\Watch.tsx|42|return without blank line|return () => clearInterval(id);
.\src\pages\Watch.tsx|155|return without blank line|return (
.\src\pages\Watch.tsx|105|monolithic function|length 20
.\src\pages\Watch.tsx|154|monolithic function|length 30
.\src\test\chip-contrast.test.tsx|67|return without blank line|return [
.\src\test\chip-contrast.test.tsx|80|return without blank line|return [
.\src\test\chip-contrast.test.tsx|91|return without blank line|return v <= 0.03928 ? v / 12.92 : Math.pow((v + 0.055) / 1.055, 2.4);
.\src\test\chip-contrast.test.tsx|93|return without blank line|return 0.2126 * lin(r) + 0.7152 * lin(g) + 0.0722 * lin(b);
.\src\test\chip-contrast.test.tsx|103|return without blank line|return (light + 0.05) / (dark + 0.05);
.\src\test\chip-contrast.test.tsx|171|return without blank line|return compositeOver(tint, alpha, page);
.\src\test\chip-contrast.test.tsx|178|return without blank line|return hslTokenToRgb(token);
.\src\test\chip-contrast.test.tsx|52|monolithic function|length 20
.\src\test\chip-contrast.test.tsx|230|monolithic function|length 16
.\src\test\docs-tooltips.test.tsx|68|return without blank line|return screen.getByLabelText(name);
.\src\test\docs-tooltips.test.tsx|70|return without blank line|return screen.getByLabelText(new RegExp(name, "i"));
.\src\test\docs-tooltips.test.tsx|401|return without blank line|return tips.some((t) =>
.\src\test\docs-tooltips.test.tsx|77|monolithic function|length 16
.\src\test\docs-tooltips.test.tsx|197|monolithic function|length 20
.\src\test\docs-tooltips.test.tsx|219|monolithic function|length 27
.\src\test\docs-tooltips.test.tsx|352|monolithic function|length 17
.\src\test\docs-tooltips.test.tsx|371|monolithic function|length 16
.\src\test\docs-tooltips.test.tsx|406|monolithic function|length 25
.\src\test\docs-tooltips.test.tsx|433|monolithic function|length 19
.\src\test\docs-tooltips.test.tsx|463|monolithic function|length 37
.\src\test\new-command-pages.test.ts|103|return without blank line|return s.replace(/[.*+?^${}()|[\]\\]/g, "\\$&");
.\src\types\helpJson.ts|35|return without blank line|return v.groups.every(
